0.0,2,0.3009064148368635,-0.2,-0.1,0.0,0.1,0.2,0.3
5.0,2,0.13581600403077593,-0.5793154204025891,-0.42124387673065056,-0.3007165329848631,-0.2133265878473111,-0.0753562722620921,0.06874037418721655
10.0,2,0.03916785977929934,-0.9557828063104169,-0.7667362749525352,-0.6466699468152929,-0.4809405207420334,-0.3277977510065974,-0.1645093322537145
15.0,2,0.06714074618565324,-1.3179286941205073,-1.1531172143277966,-0.9785142750723209,-0.75920472566341,-0.5466130285625173,-0.4082770103743601
20.0,2,0.24836740600254192,-1.723281323885335,-1.493035401264925,-1.255171065689318,-1.0869740127458514,-0.8235503166836793,-0.6028611438921555
25.0,2,0.4252036526390642,-2.059193025071219,-1.8595758881431677,-1.632458581878017,-1.30859424868499,-1.0851324769816457,-0.8611373594425791
30.0,2,0.568078093894598,-2.39547070605816,-2.2047813689198343,-1.924915309697394,-1.6130539535904107,-1.372185188892799,-1.116903369083427
35.0,2,0.8836750495748541,-2.7206667092194325,-2.520741607615358,-2.1581464305163505,-1.9810944874994467,-1.679834148439825,-1.3880448289920009
40.0,2,0.7214030284644609,-2.959728032311801,-2.8182968039432725,-2.5678030394965585,-2.1837945385402553,-1.983674544869818,-1.756449569161106
45.0,2,0.4359426079731463,-3.267582523108802,-3.010267202933009,-2.8268801479061163,-2.551500371985832,-2.364085549674253,-2.070649048755224
50.0,2,0.784721024264408,-3.4754876476876344,-3.305702513774617,-3.0350520086225705,-2.980972202496731,-2.619018481694641,-2.4959503061274795
55.0,2,0.5892516667082639,-3.671397542603557,-3.509117329266321,-3.462901513653403,-3.1900542589447447,-2.9669638483543963,-2.932966983621735
60.0,2,2.1325713124889663,-4.0001124504919385,-3.590567617330038,-3.731341081277631,-3.541312329317767,-3.470759803600975,-3.220526510466337
0.0,2,0.004350291766178713,-0.2,-0.1,0.0,0.1,0.2,0.3
5.0,2,0.028104606036724624,-1.6501408843540546,-1.5450861882601956,-1.4244615048868825,-1.3486402555745314,-1.2602331272276566,-1.1267581813715137
10.0,2,0.06743723963852984,-3.0735518386684793,-3.017209423465085,-2.8898825018115604,-2.7573988641800207,-2.6908550565919747,-2.581742598632498
15.0,2,0.059746408604336346,-4.542978545482222,-4.446926435459756,-4.309203988388008,-4.21907657492542,-4.149866588490421,-3.9979082922785687
20.0,2,0.02180858809507151,-5.992005100153872,-5.895748830463157,-5.755665718996462,-5.664704325153905,-5.567269880267401,-5.4458867116644765
25.0,2,0.04987657333775425,-7.4378922244053935,-7.334816913816154,-7.237629519405981,-7.085576860542232,-6.972681369021665,-6.9080038211826205
30.0,2,0.197097848829986,-8.93695464182862,-8.72130533427727,-8.657887774654101,-8.57206211801321,-8.42269074440758,-8.321020236868135
35.0,2,0.32580934859567856,-10.35596397579488,-10.19706025842029,-10.12463541090846,-10.003677891951726,-9.800126538083958,-9.805776916564485
40.0,2,0.23339280953801333,-11.809721801531754,-11.629329122112214,-11.572311626767203,-11.432952357953639,-11.26392158231763,-11.234324642716077
45.0,2,0.16223701776737753,-13.271753860432696,-13.063237742022777,-12.976340432820505,-12.87796341740008,-12.78207547173397,-12.626510350663152
50.0,2,0.46314001332730437,-14.614915838070031,-14.643654661205073,-14.412985185338929,-14.269275043629756,-14.196207385593066,-14.116163302911067
55.0,2,1.1532457302070365,-16.082160791397353,-16.07085238159189,-15.788874779919206,-15.722535750586804,-15.761644013822457,-15.482453841105052
60.0,2,1.839505680292428,-17.51111963469572,-17.50471577511691,-17.26643308419131,-17.107147015267117,-17.255013449875335,-16.91941274095141
0.0,2,0.00921957606767163,-0.2,-0.1,0.0,0.1,0.2,0.3
5.0,2,0.12764313287140902,-0.677656640632,-0.6035507449060277,-0.4730210687303596,-0.4498879235819477,-0.3601396570434878,-0.24671927692880546
10.0,2,0.24781892975159253,-1.1478598998143805,-1.1040869184357933,-1.0317106523497002,-0.9157265907441694,-0.9198937142350317,-0.802672848066192
15.0,2,0.2625086652543805,-1.6620252285896615,-1.5989601860103337,-1.517826461075157,-1.463323339345498,-1.4667962577357643,-1.3239944627114781
20.0,2,0.41254040492565575,-2.16892812869202,-2.140879739193733,-1.9954435152902725,-2.034218494944778,-1.936928707767712,-1.8675026614020114
25.0,2,0.24749473310814135,-2.7132050692945167,-2.6179201299568944,-2.6096596401503627,-2.4828279440690273,-2.4432160861814074,-2.388047689460934
30.0,2,0.5719689594938973,-3.3164583804898577,-3.080397575885241,-3.136924405707255,-3.0236279400839488,-2.9535233578187072,-2.854920210950721
35.0,2,1.323287646538599,-3.8300036892793052,-3.720206150661333,-3.5912856148906904,-3.626293736349534,-3.308549020935368,-3.4004889706421113
40.0,2,0.400580190418654,-4.418819939261843,-4.218969931579635,-4.199584987438792,-4.0467151965846755,-3.861250262999622,-3.842462176716372
45.0,2,1.9299097373250294,-5.0239168802020915,-4.711880628745156,-4.775523227338619,-4.462547964168169,-4.493772603639524,-4.231136502309957
50.0,2,2.8474551329374638,-5.4323692892515325,-5.556216608940723,-5.0928814952574,-5.108962498834764,-4.830989438237284,-4.788333787704296
55.0,2,2.5505296436442118,-6.0067241586176205,-6.07289374852518,-5.6062726851443845,-5.560699954920541,-5.493336289354057,-5.180801593486743
60.0,2,12.172335316750418,-6.602817446362355,-6.407281255834117,-6.414279109651344,-5.761139337401766,-6.251584534315196,-5.594602058306336
0.0,2,0.005689512323618503,-0.2,-0.1,0.0,0.1,0.2,0.3
5.0,2,0.16337179164407659,-0.15118663732657728,0.009650602405008804,0.038391837838830836,0.17926972269112562,0.23496605529343534,0.3498531933306871
10.0,2,0.2067984375705233,-0.06859892554183897,0.03578940441210084,0.14958374310374634,0.1883334556522405,0.3503489937911507,0.36643287704760735
15.0,2,0.16139592466179237,-0.02149224332691765,0.11338104649592591,0.2126091120077574,0.25493387289559377,0.3974268245329925,0.42597571009213164
20.0,2,0.6758039117446252,0.011259076772358496,0.22107844843871477,0.2016965727500355,0.4098059437900628,0.3873435744241739,0.51259548075461
25.0,2,0.2285322415573576,0.10287431542250733,0.16927586481970175,0.36385218258543306,0.40531390173356296,0.5106148248903686,0.5527927817108281
30.0,2,0.9883824775776637,0.15153943238506531,0.17612129281497504,0.49356679076932863,0.43847987317242326,0.5656415259461183,0.6403197303069128
35.0,2,2.6493621066541304,0.15570983729885227,0.33282780720605487,0.3648738279533043,0.720186697978155,0.4908771414947043,0.7621381076961712
40.0,2,0.44396189457431956,0.2236137551431398,0.2905927438129362,0.5476656629235626,0.6645159904272986,0.6666010301848496,0.7945690113678668
45.0,2,5.343324313393543,0.27122179846591743,0.26511985377069336,0.785299710795734,0.519896722409499,0.8928902021401344,0.814074680510052
50.0,2,6.111108773111725,0.20274389092109343,0.6346815287698995,0.413908257902119,0.9579634413457072,0.7752263726122322,0.9249242507733401
55.0,2,3.503503069022065,0.22651411485764794,0.7075028547131175,0.5480290769094143,0.8904848551562721,0.9520010959550665,0.9458605189652843
60.0,2,27.948884592769062,0.40365756564796806,0.42115174818179785,1.123061946419774,0.4198172884907615,1.4093156105012834,0.8543331315476412
0.0,2,0.321752465510802,-0.2,-0.1,0.0,0.1,0.2,0.3
5.0,2,0.36179108170410107,0.03778934480294724,0.14113658178113048,0.27694573838184444,0.33267657563412045,0.5052063640518512,0.5794286653727304
10.0,2,0.4342167210066596,0.19934352459439056,0.461462305838494,0.4962668096691506,0.6239569112541316,0.7284283588466837,0.9369086298464033
15.0,2,0.276611493477543,0.4710805871144323,0.6038302715092586,0.6961598206542509,0.9418980218893674,1.114387700509182,1.1921934083973804
20.0,2,0.7043358053588468,0.6415151948023612,0.8022901994233694,1.0725771621364457,1.0952102020006698,1.4198196076755345,1.5613207140601324
25.0,2,0.4352501798355767,0.8249295916399072,1.0712365513400153,1.215500574193999,1.493570739917774,1.6311513524133041,1.9295275406181425
30.0,2,1.2918383786672374,1.1080078693501523,1.2156777250037214,1.3928022057155593,1.8617192499970667,1.9583209994507011,2.2025715706306124
35.0,2,3.6484161432462128,1.2930606823546604,1.4007231881938065,1.9443508361458965,1.846490187535319,2.2630129188302086,2.5646450771125777
40.0,2,0.9266245493820013,1.5849560388332014,1.694945022335544,1.956943578485334,2.3469871171282404,2.5050837398610475,2.7965506635538078
45.0,2,5.111890728027307,1.8125391474003114,2.1094136578977865,2.0552072338180625,2.731586160246701,2.687715694387303,3.062187536471667
50.0,2,8.750999686942265,2.08580201249191,2.283307960257618,2.8026254705352622,2.4442824273791928,3.157057163041786,3.25875766654073
55.0,2,3.1835388842429526,2.5134771456434466,2.5943189614372315,2.7214620201562894,2.987073263568782,3.4872030265928227,3.301481552872629
60.0,2,27.724582426076324,2.584850360081737,3.4124173245743816,2.6445917860918646,3.561717192432308,3.2392431239125146,3.7353794532031306
0.0,2,0.07613649534524561,-0.2,-0.1,0.0,0.1,0.2,0.3
5.0,2,0.1725077960433069,0.2626674506563861,0.37456301491889904,0.4673605166022655,0.589292276940546,0.6249399445253941,0.7982964972880816
10.0,2,0.24400615980855297,0.7436027676357421,0.7861000106584113,0.9723346282905929,1.0382158263271302,1.1179410865156392,1.2760450824356298
15.0,2,0.24427646333612005,1.1989380359809672,1.2309143125312432,1.428217079425239,1.5223081467371913,1.6050821897726035,1.7658993383474595
20.0,2,0.3255625757936957,1.6003549764984595,1.7536492102408139,1.8389723905290007,2.0293362538808424,2.0583195015984326,2.2878464709787063
25.0,2,0.0923167775124073,2.0513803477392236,2.1794199889120853,2.319443949083817,2.4452365459135477,2.6510575077671445,2.7390601652419946
30.0,2,0.8657572662359381,2.4690954470346065,2.6572297250744183,2.7941095399748055,2.859041373827614,3.2073693420877465,3.2158727775901763
35.0,2,1.9723961947747648,2.8551863252772773,3.241170603924346,3.1267239555083526,3.4311853118773086,3.624897776377124,3.740673933556512
40.0,2,0.9598263320069925,3.361320301659716,3.6104583590623323,3.6407874229763424,3.863838432548071,4.173217057970878,4.187336033235178
45.0,2,2.4641842743081073,3.8686384167222974,3.946018038204193,4.295903905001028,4.210307141703139,4.64572812545703,4.687481681296416
50.0,2,2.923606245594303,4.34874598483343,4.480815162242478,4.571537546301592,4.9779927462509495,4.835896203205237,5.256209366482038
55.0,2,5.306582937595417,4.922200073706218,4.818833250632007,5.10976870503405,5.481477123930809,5.226588151583089,5.729449405361109
60.0,2,16.872978302431296,5.495007672356149,5.057614416283527,6.001273260842446,5.568085260199674,5.844445927766898,6.13900987373016
0.0,2,0.543757646489892,-0.2,-0.1,0.0,0.1,0.2,0.3
5.0,2,0.7200912953749219,-0.5050868940704728,-0.3605232061056662,-0.23484064046282227,-0.24376699326985946,-0.09753643822993333,0.00874598313354575
10.0,2,0.702122955856481,-0.8301596781196803,-0.6170557822825925,-0.5998292840904975,-0.4551601971994243,-0.4015608821411995,-0.26225055417701804
15.0,2,0.4060151287982118,-1.147779157152386,-0.97769343784237,-0.8945482088552721,-0.7291425268107031,-0.615078815563386,-0.5347824207915165
20.0,2,0.8754666543947326,-1.5342548143289496,-1.3430255664060924,-1.0716076348843588,-1.1091159638603811,-0.8457339756349618,-0.7282948009061357
25.0,2,0.4215814518922608,-1.8957232839894058,-1.6760612640472878,-1.5244942243177801,-1.2021241133183558,-1.1297830940136895,-0.9368549653395944
30.0,2,0.7972635643997322,-2.2855410128038125,-2.0349106890256174,-1.8204663175501852,-1.4477839725190682,-1.395762201381618,-1.1135849407510663
35.0,2,3.4799191763420576,-2.6392190037549867,-2.5040034175855563,-1.8877720951748795,-1.930050566733872,-1.535302956823185,-1.3347092829641396
40.0,2,1.356830670878101,-2.969961094653741,-2.7791997794757406,-2.4317783274201217,-1.9565254023665137,-1.827145600291672,-1.5994553078340366
45.0,2,5.692100724411582,-3.415675204804752,-2.885774828540073,-2.8108068061380793,-2.1755554195993514,-2.2332811377246977,-1.7759803042400093
50.0,2,9.199051080766104,-3.60491268051352,-3.430736371051568,-2.7238968169387068,-2.881879157027866,-2.1598110310019307,-2.228845833518515
55.0,2,2.540895675447774,-3.8651702877514706,-3.56864959976009,-3.2647729501573157,-2.960593369657102,-2.495246622180252,-2.6086572495509657
60.0,2,29.512411329738875,-4.341783467814102,-3.3124366304950947,-3.8960472734607485,-2.9186713672645426,-3.2882593017394446,-2.7389002272883545
0.0,2,0.5705366135809908,-0.2,-0.1,0.0,0.1,0.2,0.3
5.0,2,0.75854662303384,-0.864117822223447,-0.7113225042358119,-0.6603493728030709,-0.4890788439128749,-0.48543786954727974,-0.2666591882967463
10.0,2,0.6431429631254385,-1.526254964523746,-1.4317958527058907,-1.2031499626350886,-1.1991393397394137,-1.0569145088021692,-0.836676573632181
15.0,2,0.5703464840271296,-2.17030872866801,-2.166704957098898,-1.908241048067248,-1.7609328887045286,-1.5877621506288986,-1.4369470298901896
20.0,2,1.3678641325498282,-2.978076296430729,-2.694953541950675,-2.6422048035008454,-2.31567111454293,-2.283218608912706,-1.8937380387391982
25.0,2,0.3401082825534918,-3.6509001557997154,-3.466270153835839,-3.2213989147390385,-3.0461176311039875,-2.694969482324061,-2.5051716672938174
30.0,2,2.751732891299072,-4.321103946666816,-4.195944988741273,-3.8603993986750234,-3.7246268204551365,-3.133446369632413,-3.1262720819451615
35.0,2,5.9234383618667765,-5.173087684326417,-4.554196870932846,-4.712355607249444,-4.174748262779275,-3.974540728415861,-3.5498300534312874
40.0,2,1.8269856539985154,-5.686900235465124,-5.412284926529979,-5.2942287637576015,-4.854776381030051,-4.395917213953744,-4.271617287417932
45.0,2,11.951036087496131,-6.228713874181115,-6.272774136943695,-5.574686846348935,-5.783461907898067,-4.919538659052969,-4.913514984749006
50.0,2,10.84975800269192,-6.957284024694833,-6.53329539710172,-6.602813422225161,-5.9239969898364135,-6.122523406785481,-5.329742769549488
55.0,2,10.881349968319645,-7.30185023059883,-7.388852076034012,-7.2589274040721445,-6.437170987583583,-6.726895086460956,-6.132925826463008
60.0,2,56.88378873125436,-7.751991053361392,-8.408603497595134,-6.928001080829319,-7.996929678267959,-7.044854420379786,-6.893207481798047
0.0,2,0.024867513222750534,-0.2,-0.1,0.0,0.1,0.2,0.3
5.0,2,0.10798679393437868,0.6124348945618041,0.6807642501610908,0.7879727723662707,0.9377162825259571,0.9932063546143114,1.1212592170393993
10.0,2,0.21231025054565408,1.4240235791510432,1.4569206056672581,1.6386680378944647,1.7099035701760155,1.7957514548243976,1.941440294824469
15.0,2,0.20346415769067688,2.242163726482302,2.264719815519884,2.432590284340606,2.5255859607572178,2.5924138620808836,2.742587664625603
20.0,2,0.22787109991273952,3.050309309590789,3.120864012173459,3.185206320485951,3.361556644318019,3.382087701064257,3.533391097442864
25.0,2,0.11146533198655033,3.8582813391399093,3.9552528352637335,4.041061647430214,4.074039163856321,4.2334825684282595,4.304651302225738
30.0,2,0.5939421009035556,4.6868577987711975,4.7967213589661775,4.82376460137784,4.852163013102137,5.092466880433935,5.048148974961767
35.0,2,1.5314440759874386,5.471715097879617,5.72433005858136,5.530247000248222,5.721775871735734,5.83463226919802,5.850776101238937
40.0,2,0.8048144841530303,6.314360333145481,6.4915473753016855,6.426713497701386,6.4408517554292,6.658395419906042,6.634961788666993
45.0,2,1.3386300275616558,7.213727591102834,7.163147168213193,7.3179305885218735,7.2168215242504985,7.474860203124296,7.413696866206864
50.0,2,2.486744224920945,7.999889029566594,8.040697964663218,8.005314689721414,8.23600220520312,8.007291356387574,8.344342467146502
55.0,2,3.9812848538127836,8.880729639933632,8.688123541455663,8.912380686660608,9.034240685946905,8.77336622559355,9.178050704366823
60.0,2,11.859425069053563,9.77967596321949,9.247573275156642,9.958553183897628,9.633945683149681,9.747613790235125,9.932883359567347
0.0,2,0.5039858950726173,-0.2,-0.1,0.0,0.1,0.2,0.3
5.0,2,0.7055229475292812,0.6983161238195412,0.814206233248963,0.8717185232276418,0.9790249792264637,1.0682412343828998,1.1293618516978303
10.0,2,1.0912436046749825,1.4898751581035259,1.7737711909846814,1.8186838546033413,1.7859095073748021,1.8874528374858404,2.0660453426545264
15.0,2,1.0229412757450003,2.4321394337751454,2.513052275486806,2.59753880417085,2.7720450351097243,2.9069597002233247,2.860871588044202
20.0,2,0.3402712111495926,3.1637643600062373,3.4130376332644485,3.53694029848768,3.614658112175585,3.733671750453573,3.8814036280258755
25.0,2,0.3208540876533799,3.9434919917484077,4.21798169214792,4.4195283014597235,4.530356944529357,4.62441372433108,4.868572073800336
30.0,2,1.4882460105165998,4.860802529083753,4.84931724777754,5.199104491581985,5.555267333221591,5.677381668882923,5.723340403072345
35.0,2,2.0659242353278966,5.470280919002852,5.816802303320548,6.232287087994904,6.314873063751954,6.418005307002381,6.873833938150866
40.0,2,1.3557919625664865,6.36894135088559,6.5468145155953,6.94563667494332,7.363596852798744,7.457241748627092,7.704720421976834
45.0,2,1.7144312355800684,7.212062765891168,7.366504398832143,7.804722829706178,8.226117778342529,8.486658170528496,8.551754567129645
50.0,2,4.670359678397395,7.821345857130042,8.519659438364704,8.85346910983948,8.86771455092239,9.243197699710334,9.603302800066466
55.0,2,6.657788984963975,8.94327240808363,9.261637262576965,9.34805344939116,10.063400712671854,10.40818426478447,10.145010304128492
60.0,2,4.337650141434993,9.698256613785325,10.343896967164088,10.488396112061217,10.658027288039428,11.139622125542456,11.102228240647227
0.0,2,0.5430488516748995,-0.2,-0.1,0.0,0.1,0.2,0.3
5.0,2,0.7318898880088186,-0.3109826549922621,-0.18243257914376138,-0.040232707183172914,-0.021441406605636322,0.027475755076010067,0.24355396365987614
10.0,2,0.8647174826787188,-0.38507557580775614,-0.3476730940836262,-0.1809993099371439,-0.04586966573861569,-0.054564906833728596,0.14606329402296728
15.0,2,0.6927176145159115,-0.5391201628590229,-0.48808989864727004,-0.26237678499441036,-0.15029856105213818,-0.11963427995235,0.10734079993831706
20.0,2,0.3317976963477243,-0.7554522548749603,-0.5880971410053278,-0.35094251384325725,-0.28084469941839085,-0.15801381121709673,0.09711190360320884
25.0,2,0.3391396763425717,-0.919662458314717,-0.7279855740939408,-0.5962041266433616,-0.2869251703199621,-0.09166921523625572,0.0021483986634657105
30.0,2,1.3036720926066536,-1.2003084255477732,-0.7718382860003012,-0.6757143656802712,-0.4705302543638341,-0.0975601435243295,0.011593699982793533
35.0,2,2.964078677011882,-1.379506391265671,-0.9197701050071512,-0.7931726412232952,-0.5912487001973835,-0.04914720483987506,-0.0555723617892689
40.0,2,2.9559706841330606,-1.4894327725443015,-1.0840202618408017,-1.012999095072775,-0.5457151306198845,-0.11225593956984134,-0.1280538338639553
45.0,2,1.4708156266893742,-1.667565496717576,-1.1982876740056168,-0.9575528213514354,-0.6920995875509085,-0.39232500600819353,-0.04870607706673995
50.0,2,3.6078553964046014,-1.554364881459522,-1.616235731262673,-0.9668899998505234,-0.710599346641674,-0.4953998737741079,-0.19710645890090228
55.0,2,10.293837913379141,-1.5699258227271324,-1.7506829551948109,-1.0545153378982635,-0.65402394192222,-0.8762669324746146,-0.21924093086135565
60.0,2,16.362107269499358,-1.6716332799777789,-1.7184702211750167,-1.057250231084198,-0.7803293445723083,-1.2287785815202596,-0.25225389193783104
0.0,2,0.07777092129179199,-0.2,-0.1,0.0,0.1,0.2,0.3
5.0,2,0.39488341051200126,0.6803467230691919,0.7341344350862318,0.9043914175679737,0.9083944030820509,1.091495982251384,1.1048999765586727
10.0,2,0.35738202422055637,1.533028522717987,1.6767357747108007,1.6707815722915662,1.857437270761227,1.8722654512124401,1.937077283537007
15.0,2,0.24087683622512002,2.3962346758952595,2.5671715839837206,2.572092134528704,2.679080317415796,2.6928965570261285,2.7635135439969494
20.0,2,1.6618994798019586,3.3377776819504406,3.319087485293931,3.5625031665924283,3.422668150569139,3.6322943960724365,3.520320869983619
25.0,2,0.5003538132291926,4.173428778857086,4.2984231873934995,4.300591618286896,4.429038269360634,4.325183533720727,4.39164930045863
30.0,2,2.319710926328935,5.021658306917765,5.209170188307319,5.127906409456809,5.350292376977841,5.079654910204942,5.253295433828225
35.0,2,6.059379150445264,5.99824962877115,5.801805927219367,6.276846255321435,5.942838822463539,6.166890719300442,5.979009210232465
40.0,2,0.553891327573952,6.75171318181826,6.836435564280092,6.974917958841938,6.967263120157914,6.849767034232443,6.909206641593222
45.0,2,13.952541434805429,7.499091698822251,7.9115950713998835,7.51060388540503,8.128853487959324,7.5412694663906965,7.82155282856221
50.0,2,14.451607273094217,8.476494717458694,8.327959468750276,8.922650201289576,8.394278052965156,8.92886181811788,8.48638511757337
55.0,2,6.373575726035874,9.176431302494237,9.344111665966418,9.68169365403555,9.311829281605254,9.71498582136361,9.4312405883056
60.0,2,67.48423702122531,9.80198384262245,10.749415660784742,9.625504900661406,11.0710077769559,10.054548088940159,10.481494981421529
0.0,2,0.0403634051673812,-0.2,-0.1,0.0,0.1,0.2,0.3
5.0,2,0.18561376492278514,-0.48053787790513114,-0.33369023527554903,-0.23593275264682784,-0.14817669045879878,-0.0822813732251013,0.08633597482703807
10.0,2,0.4330242732466,-0.6486588789925912,-0.6830958328606765,-0.5199987193586736,-0.34880244542439015,-0.24657064391209305,-0.2414393888203143
15.0,2,0.3217281330429715,-0.9778650642646074,-0.8344420767003475,-0.6853716749077016,-0.6738182247148028,-0.5965220915005225,-0.4148297319651147
20.0,2,0.1868818568670374,-1.182207156828596,-1.0773685271068996,-1.0130308830648078,-0.8460709286854381,-0.8349903968880235,-0.7234639261637151
25.0,2,0.37745613510498344,-1.3649879524016082,-1.3685538424097488,-1.249735203503797,-1.1185599129192274,-1.0059662121351436,-1.0636116500523614
30.0,2,1.122238985437729,-1.718384606948531,-1.4636570709149825,-1.3674675424026406,-1.513328182751947,-1.3659645315519298,-1.2368957935362592
35.0,2,1.4291545928421294,-1.837745015935636,-1.7500066332113922,-1.844654065016495,-1.5411707239128243,-1.5494807824392356,-1.636923462275112
40.0,2,0.265000370294271,-2.1116293990649866,-1.9769731923067055,-1.942528987799718,-1.9294284310477596,-1.8302997699568053,-1.8634038572991338
45.0,2,2.1499268713673074,-2.390227544293296,-2.225824671004032,-2.0194261287312147,-2.3141347588432515,-2.138762506774295,-2.060170982513406
50.0,2,4.294722122023395,-2.463822674851017,-2.582287024118054,-2.6346644173033402,-2.142135540452345,-2.3771919337473086,-2.4427279563718542
55.0,2,2.633949161868041,-2.9052612895484913,-2.710416370184703,-2.5658395461249786,-2.655675175270626,-2.842261077884662,-2.4576590425148854
60.0,2,7.5194435404767885,-3.0059405882526016,-3.2611872542520386,-2.6643991223637924,-3.0315994904184147,-2.8268434860864997,-2.841425514839462
0.0,2,0.1412329664781254,-0.2,-0.1,0.0,0.1,0.2,0.3
5.0,2,0.31461844869492944,0.1872894550536053,0.3727616564367545,0.3931101579036249,0.5557054790836562,0.6271118163470025,0.7355207389596355
10.0,2,0.3993922192062067,0.5737755383678056,0.7756890754493159,0.8898320573679912,0.9119515598369128,1.118618968002497,1.173131408544049
15.0,2,0.3944181468487084,0.9892870462481372,1.151247086239029,1.2762740178034981,1.3945777993572612,1.6078799263639452,1.5952320353410099
20.0,2,0.8099280728633863,1.3207110151923258,1.626378436525034,1.6528492442867848,1.911947407613118,1.9500214451636415,2.1240896663562614
25.0,2,0.27091545295799435,1.750301795435203,1.9028433267063551,2.1897202938237204,2.2928590690420365,2.444882238824025,2.576889795090121
30.0,2,1.7707181459348273,2.200099883114754,2.1850540756537025,2.6621206545142506,2.7472470210806503,2.9171325448907575,3.0173416434517026
35.0,2,3.966452201006012,2.497705117585512,2.763724412934035,2.963201541613917,3.355549669075527,3.1281935989423792,3.5921207863388362
40.0,2,1.4106798188528544,2.9806736326135637,3.0563936564258882,3.4611857536026154,3.721492339663121,3.715842154397361,3.9364068935720695
45.0,2,6.574366745004773,3.4169664707268903,3.4163529730604054,4.076648498593613,3.910191011504825,4.354519616935421,4.268815163237819
50.0,2,7.203513200271193,3.6432195192694246,4.316661991507045,4.122111500265669,4.622911408201788,4.5426163784870335,4.7674722401125
55.0,2,8.318747121170997,4.153303812647975,4.7492136441705135,4.477229588988005,5.026378385111446,5.19442540756598,4.985941503143887
60.0,2,36.14262635242179,4.672567774322024,4.920995216398147,5.549631909162013,4.779473026412047,5.968818190204891,5.2665055289130045
0.0,2,0.09941000741040457,-0.2,-0.1,0.0,0.1,0.2,0.3
5.0,2,0.0587809875843891,-0.3764323031294819,-0.2424702959930555,-0.13777512952754775,-0.033103087304028486,0.08486586785240754,0.18340243169513615
10.0,2,0.06714882958408547,-0.5739565472259947,-0.3802884421056514,-0.2738442139712772,-0.1656579983527267,-0.03698775769485931,0.08770992653735658
15.0,2,0.08783837674264566,-0.7302520249468302,-0.5782030021241752,-0.43735748027360183,-0.2640393433322452,-0.11000195108749233,-0.04468374745539412
20.0,2,0.08961178705829095,-0.9372149653773729,-0.7292438557085225,-0.5447857561385586,-0.40852942613718474,-0.2479622706312134,-0.11831379163349427
25.0,2,0.1535205783823319,-1.1066621493541933,-0.904818311692019,-0.6947090941248223,-0.5010559091684007,-0.3788536550228712,-0.2214634626706559
30.0,2,0.35653904366868777,-1.2399213135434224,-1.109007140528858,-0.8373231425590741,-0.5971982019817165,-0.4875409641486509,-0.3580843356778379
35.0,2,0.5801075612121868,-1.4303964283821777,-1.2298054017399973,-0.9029398771851339,-0.7768447419917405,-0.6662124769582847,-0.44438868858881597
40.0,2,0.4979785140659771,-1.5353768602667204,-1.3803181654588017,-1.0995736990156655,-0.8428295086610704,-0.7807373135002914,-0.6332645843501994
45.0,2,0.3245195699004737,-1.6761152924058866,-1.4686765980506715,-1.225773903244557,-1.0022507732600265,-0.9124430707702241,-0.8083530099279862
50.0,2,0.7196140966849723,-1.8376804555579025,-1.5194775901528,-1.2879192467289056,-1.2437191039131765,-1.047584793619138,-0.9787439740940653
55.0,2,1.2991334023482246,-1.8918332473697606,-1.6253128526275296,-1.5460506453352525,-1.2898132830415654,-1.1292298004558459,-1.2543978516426726
60.0,2,1.6309450297890198,-2.065442097419671,-1.6303168717378151,-1.6249419380643382,-1.490743064933647,-1.3642311009765675,-1.3824751237471926
0.0,2,0.3674318613762901,-0.2,-0.1,0.0,0.1,0.2,0.3
5.0,2,0.3138395063381071,-0.9618852355027897,-0.7906156935811364,-0.6795946088428708,-0.6318423112888847,-0.5050049608067873,-0.36911234887455413
10.0,2,0.20449449672076375,-1.7083265114543833,-1.524428903167004,-1.4379073971477212,-1.2828020486289822,-1.168985621019305,-1.053659836376631
15.0,2,0.08830166140147486,-2.4754488705624484,-2.288143464098677,-2.1453625581382347,-1.9777305523482556,-1.8148983992586347,-1.712581632284782
20.0,2,0.18354409462787794,-3.279475718860276,-3.0402225250502806,-2.807425269557748,-2.7077224476407524,-2.491444614041638,-2.325930060437357
25.0,2,0.28227079341741207,-4.022640731335659,-3.826502941506534,-3.6052288541757815,-3.2921438464736252,-3.152148533460386,-2.9916108875331173
30.0,2,0.43619304049575824,-4.813485659691361,-4.573209783314903,-4.273008339159259,-4.002788842613567,-3.859164606468178,-3.606673722134863
35.0,2,1.078360274223582,-5.552864819660387,-5.360340302712521,-4.904971444773107,-4.756123386343217,-4.51166407710379,-4.280422081686108
40.0,2,1.0264704538567342,-6.251499141578678,-6.071092178588631,-5.737134189586779,-5.32747898261832,-5.2043466920922645,-5.012890086711584
45.0,2,1.1788878078045018,-7.043966240680341,-6.64803064676969,-6.403450212543831,-6.088775385441977,-5.98356614577206,-5.674707798865314
50.0,2,1.9021793529406374,-7.653658919870224,-7.430404096620662,-7.016422228923737,-6.9221727571041125,-6.5214817288359415,-6.536411857615459
55.0,2,1.2252348399232287,-8.332184638916639,-7.990710894521035,-7.840472898826836,-7.544902515856763,-7.283080258771591,-7.327255540974137
60.0,2,4.914633846859025,-9.09828571157175,-8.434824391498273,-8.575197010532793,-8.230992059351442,-8.216087029832222,-8.001275703977257
0.0,2,0.10388936392863468,-0.2,-0.1,0.0,0.1,0.2,0.3
5.0,2,0.13167870912345542,-0.6179736634505031,-0.5214377960412464,-0.41614649152490796,-0.32464078292441056,-0.24077996046894257,-0.14066792829500196
10.0,2,0.1812339656761762,-1.0764382780519735,-0.9248293844557177,-0.8196900440009368,-0.7614315190970401,-0.698544565021556,-0.5423594547827908
15.0,2,0.16772519506794176,-1.4847991341834959,-1.4091316450417417,-1.2782583652795698,-1.145200345097166,-1.0696181317684041,-0.9979322467446423
20.0,2,0.07921413891927606,-1.97966016841716,-1.8263719211658358,-1.6738290513718033,-1.5958491461821835,-1.4984736471588245,-1.3724025565242186
25.0,2,0.06985042232760492,-2.4610197979459545,-2.261971440266122,-2.123095348631067,-1.9966929328849998,-1.9000019595462652,-1.76545163425063
30.0,2,0.22232065037668344,-2.898780289998727,-2.7573453679912254,-2.5945720000774224,-2.3765785857895003,-2.2384642293080232,-2.2041392630651355
35.0,2,0.3788734863218421,-3.436531989494285,-3.1549301530097753,-2.948654415635455,-2.870258269810303,-2.6815996971227216,-2.5395518338625016
40.0,2,0.3039246006939993,-3.8600712281905802,-3.6369283474982135,-3.453451342902498,-3.2044953435020496,-3.0580023876574485,-2.9802243318892545
45.0,2,0.3703724588725631,-4.3003245259170555,-4.098800431081212,-3.8769751719223042,-3.608874820186027,-3.477624657814811,-3.3922199974236023
50.0,2,0.9061481695642721,-4.785580501575806,-4.5108328879128985,-4.173755726202946,-4.131987792749215,-3.964607645662476,-3.7497016729467227
55.0,2,0.9868919625054781,-5.0987876883217975,-5.023980448616693,-4.731037389381618,-4.3961072509656365,-4.3496860083807,-4.278514064088555
60.0,2,0.8439431180865187,-5.579233127068049,-5.343708544931262,-5.089834081899831,-4.87369483884387,-4.901212663062842,-4.652076216654138
0.0,2,0.03531026817744588,-0.2,-0.1,0.0,0.1,0.2,0.3
5.0,2,0.3955205443254581,-0.4012146857310822,-0.4067101031190614,-0.21431382271148294,-0.1304536047382391,0.030635998905382923,0.04199112442727751
10.0,2,0.48428324359855685,-0.7169895963766343,-0.5279349386739998,-0.45389046715088427,-0.3358700262813834,-0.3221689353370038,-0.10327622211449504
15.0,2,0.27102824241507667,-0.8820258926463318,-0.8214156189343128,-0.7251688993360008,-0.5144320658188452,-0.4915863309854468,-0.4055664711806501
20.0,2,1.174651185276421,-1.0889145591461247,-1.1002597599719173,-0.8222882185675439,-0.8754753866585373,-0.6577689884077159,-0.6755534591169194
25.0,2,0.5898303722422062,-1.395528138073334,-1.1506135740498475,-1.1250977768088302,-1.038983167502432,-1.0351716836521603,-0.8549311247493169
30.0,2,2.006670613200356,-1.5251701116868517,-1.403673239350026,-1.5082130578788937,-1.1250360176698706,-1.2035295753641395,-1.214768555853264
35.0,2,4.345958682682182,-1.763621355742605,-1.6950206878335599,-1.3800930011176284,-1.7155675572107052,-1.3468568377957006,-1.4592962110699883
40.0,2,0.2905095480279298,-1.9987278896418557,-1.8068124950755349,-1.7816615070000699,-1.7594769179934686,-1.7037886923050307,-1.6900532417213647
45.0,2,10.513106725645954,-2.1764678074030304,-1.9624742662344037,-2.3272913525610632,-1.6374253612958092,-2.061323448604112,-1.9556036006061686
50.0,2,11.576260041062802,-2.414345914070906,-2.433586840249122,-1.85052217925942,-2.521509842870978,-2.137149112047851,-2.1435370411735977
55.0,2,4.664060213411514,-2.5098702938393322,-2.77932302076791,-2.3132424894282537,-2.467766091861267,-2.336830727287017,-2.4736833994555045
60.0,2,47.830057170124796,-2.958030932547506,-2.500627606649113,-3.2213876661815357,-1.9957802451636486,-3.1090034797163106,-2.4759511853485345
0.0,2,0.042334519106743,-0.2,-0.1,0.0,0.1,0.2,0.3
5.0,2,0.2031631649488625,-0.4707521481591803,-0.40194147337479247,-0.2490841649968531,-0.24354204038831745,-0.10118055928052862,-0.0018284349323680975
10.0,2,0.2765023995595014,-0.7051147369455656,-0.6851571656130376,-0.6432637437041464,-0.4439642168453002,-0.4193448157909105,-0.3398129633651171
15.0,2,0.21309931899483708,-1.019509412266171,-0.9104562142987398,-0.8728618521005852,-0.814707039588574,-0.7859398193085271,-0.6015121258335197
20.0,2,0.7151023857557713,-1.2278578352370602,-1.2753655071967576,-1.1144581287355586,-1.1819168873022128,-0.9976955316503022,-0.9760213944062617
25.0,2,0.33651696420019894,-1.505144669288152,-1.4882534083088295,-1.535275469790614,-1.3779303379813825,-1.346755722278088,-1.2882844980130936
30.0,2,1.3780210284163887,-1.8711993673012024,-1.6491094354825655,-1.8106094612113954,-1.7225699178271856,-1.7424460351950715,-1.514038709774742
35.0,2,2.8734689021076294,-2.014393586189318,-2.1655344692936036,-2.0080742944770615,-2.1396076904965398,-1.7938644532770798,-1.956827254190561
40.0,2,0.29590208819673797,-2.388279205986222,-2.3268613036342622,-2.387022404779059,-2.360528753105545,-2.229395956465161,-2.1545429450858857
45.0,2,6.257373701449854,-2.7723930913550365,-2.475121552990121,-2.8354648955284634,-2.4925395112491375,-2.715891691428291,-2.3235486476370832
50.0,2,7.0244296803751185,-2.837289623171632,-3.236828947607005,-2.8584895377352217,-3.034748673009854,-2.6176933508366145,-2.798238078959771
55.0,2,3.5652210303622036,-3.3065298823228915,-3.386948750435966,-3.078195368323747,-3.379675055385908,-3.1297869544145924,-2.870481021569062
60.0,2,28.69728367699831,-3.6955318335413847,-3.390388642652172,-4.000820340347563,-3.042131508147129,-3.7442992976825633,-3.046774231213408
0.0,2,0.00014167180501641305,-0.2,-0.1,0.0,0.1,0.2,0.3
5.0,2,0.09975934562171315,-0.40793361788880145,-0.23804737508309665,-0.16831139854014465,-0.07558934944221606,0.009292023496637354,0.15486583930885833
10.0,2,0.20148733176196443,-0.5312247117717891,-0.48157515087828284,-0.3638327952138827,-0.22262608302885312,-0.07761058642026675,-0.07457842898445134
15.0,2,0.12729621204826203,-0.7682617156015455,-0.595766806781296,-0.48327595744203006,-0.4407250673680902,-0.30297011710727867,-0.1861719701460595
20.0,2,0.17452859015844008,-0.9319396831581567,-0.7665792417051746,-0.7129087306986426,-0.5409239685931994,-0.48635177619408787,-0.36419211224580855
25.0,2,0.24161032240644287,-1.0499545565311166,-1.0246256893445114,-0.8621772244634591,-0.7141072430769573,-0.5966499076492191,-0.581104769678585
30.0,2,0.6633317269033512,-1.2962605453127822,-1.1365767277705578,-0.9162851573030978,-0.9796520684179019,-0.858237295936407,-0.6673314741518501
35.0,2,0.9191004835009157,-1.3967978380653723,-1.3337087894912178,-1.26411753710475,-0.9568223859494087,-1.0237813553205828,-0.9048392411099976
40.0,2,0.1294923950210023,-1.5793282685724088,-1.5136631200829789,-1.3352930306374338,-1.224656282688167,-1.1786049927054572,-1.0742453305036104
45.0,2,1.8926839362410481,-1.7992042657337555,-1.6559450628850283,-1.3558146312557655,-1.561577197483708,-1.334661985632004,-1.2243117603484615
50.0,2,2.705160812238349,-1.8895520060559943,-1.7893872461746618,-1.8774245698766148,-1.4116184511164527,-1.4719123240322534,-1.517344184231399
55.0,2,1.4368842884267192,-2.205205121591401,-1.810529394095768,-1.8702577941899294,-1.79038489669481,-1.722708478194923,-1.583876974869233
60.0,2,7.34600936522771,-2.2683630508622055,-2.1973128352323945,-1.8251269731591162,-2.186605476135007,-1.6504209745413516,-1.880857227854658
0.0,2,0.01589327380489972,-0.2,-0.1,0.0,0.1,0.2,0.3
5.0,2,0.0358449104663378,0.31081486721077467,0.40651341211580455,0.5359122613568308,0.6230454810462535,0.7136635040029214,0.8226809522179469
10.0,2,0.07951422504595419,0.8438137105005381,0.9057841087801225,1.0414203794981125,1.1767922002349116,1.2367814223679763,1.320669134519414
15.0,2,0.09395763813572214,1.338048814598017,1.4533351367548517,1.5942214801427486,1.6784898352598923,1.7236620269690976,1.850134140127007
20.0,2,0.06963574791808765,1.8754484558224478,1.9647271028964686,2.115963342419949,2.202660051323014,2.266036047190758,2.32568691214954
25.0,2,0.09488963857827709,2.395814671058517,2.5130881306548014,2.6225588241565014,2.7334807857561,2.7901251698768945,2.808084808249889
30.0,2,0.2832710889118588,2.8791253258033973,3.1015331761591565,3.1661450771640705,3.224443101263213,3.280988181139459,3.323548006173953
35.0,2,0.45165636705973394,3.4440574058537834,3.587726894866945,3.675448722366134,3.757084841684372,3.8597600355956634,3.764335445286915
40.0,2,0.3923100989962208,3.941491548695984,4.142586528994068,4.223025396587818,4.269711746705927,4.333029522205373,4.2911990804151845
45.0,2,0.44441454548777215,4.452696940601969,4.671630917986482,4.751108269599431,4.825296015780605,4.784000507074645,4.828941650511803
50.0,2,0.7509400944860499,5.051207477148861,5.0600814768422495,5.294450489241761,5.382802304243512,5.339061263520188,5.298701768508856
55.0,2,1.4297227738190244,5.515357218813643,5.592200825003038,5.909312343877744,5.866379494457074,5.752098147082431,5.903587228222129
60.0,2,2.0464641511779345,6.042655665991002,6.100361821796974,6.330764966584955,6.513133892276668,6.245286073498815,6.419363315258186
0.0,2,0.5648795982604704,-0.2,-0.1,0.0,0.1,0.2,0.3
5.0,2,0.7921706548023668,-0.19927237773132234,-0.02057580143219051,0.03468906499181797,0.164186954546242,0.165635272569649,0.4027996769323611
10.0,2,0.6186452237707188,-0.14910365625879776,-0.09503357560548117,0.12475518513835909,0.17035726345844163,0.289919130587256,0.4540312324333463
15.0,2,0.4705705058335492,-0.1595296924078533,-0.1137734536495947,0.13858371724760113,0.23955655635931633,0.38443998180970773,0.5531112602705349
20.0,2,1.1640552441652878,-0.27786853499700415,0.007561096320594373,0.0744851816381747,0.3656510107248951,0.3805554477607007,0.7394669580589207
25.0,2,0.30089434649915403,-0.2619652867639515,-0.11117968290364903,0.13299100069074685,0.348852643514215,0.6570140087840747,0.7716012660613882
30.0,2,2.173179059460933,-0.33473003054983147,-0.10822008304150038,0.22676150132894665,0.28929704110943383,0.8265522239623557,0.8851160864499651
35.0,2,4.749515195750634,-0.45774314459165394,0.11517491371053881,0.005804571999273953,0.5598829895880627,0.7447443860757702,1.064375812353919
40.0,2,1.732747464251968,-0.34492619568060917,-0.0455609461886275,0.10430584984646973,0.5507345864774419,0.9676781618608742,1.0474708626969154
45.0,2,10.3174598068971,-0.2865713028318646,-0.18135474881748548,0.5213385639416704,0.2750100606710707,1.0619760203633992,1.1367665155622864
50.0,2,8.62149519952079,-0.24462513227479082,0.08255261108691143,0.1060102622782195,0.871178571920551,0.6778998424852554,1.2816117432695486
55.0,2,9.176255946643671,-0.04118602223302912,0.004730712335945687,0.2157070662921941,0.9408393382962545,0.6390980168009535,1.2629015771500152
60.0,2,48.50538703010054,0.1851333777021982,-0.33518091247995335,1.124275170627804,0.1514662151248988,0.9834913696401558,1.1603682579038956
0.0,2,0.05244769049980518,-0.2,-0.1,0.0,0.1,0.2,0.3
5.0,2,0.12723570310471552,-0.35574449450835915,-0.24241943611755426,-0.1263745667914545,-0.07391941967654751,0.09219742603735155,0.17083829274805776
10.0,2,0.17916001765167935,-0.5310233672848208,-0.34950798312767767,-0.3250366392941102,-0.17460019314699562,-0.0545340427430335,0.06385782897963349
15.0,2,0.1325610613885701,-0.6785959203242097,-0.5249656170097542,-0.4764156889616342,-0.3135329034807173,-0.1524880814059494,-0.06026838374323374
20.0,2,0.41414860913631185,-0.8335720988951801,-0.7267774842153105,-0.5457143145226907,-0.5194724202441855,-0.25554113519502875,-0.16061134016159265
25.0,2,0.19778573265963795,-0.9904698678393791,-0.8665601355382906,-0.7714806835324859,-0.5542578443972456,-0.45101892060933124,-0.24332353962572156
30.0,2,0.6955065070087559,-1.1295885904128533,-1.0444272944653485,-0.9277723232866224,-0.6532789773694975,-0.6195686835949308,-0.33789732072166745
35.0,2,2.035583900261063,-1.2446158384955435,-1.3012155002765748,-0.9018213748082872,-0.9463452451781484,-0.6858649570863101,-0.46809247231450063
40.0,2,0.626758790628672,-1.388052543346194,-1.378119570501136,-1.1863783867213853,-0.9587697240502916,-0.872119593473244,-0.5999377683755527
45.0,2,2.960134196122334,-1.5835729832351866,-1.3593413467032753,-1.4566878845728406,-1.0242190258636457,-1.0757847775937093,-0.7191937668076007
50.0,2,4.375011139810745,-1.664628336561876,-1.6156499242139168,-1.3312649564263639,-1.5144462198620665,-0.9449781281494374,-0.9832544178710478
55.0,2,2.89815291068589,-1.8031793821261695,-1.6201383010496335,-1.634599202269137,-1.5736191611832944,-1.0686676397694361,-1.1894404949954915
60.0,2,18.056006482432263,-2.0628188785224086,-1.3914829472581078,-2.117034009723271,-1.4066935421971547,-1.516915506256868,-1.2301214957437778
0.0,2,0.03356082361744289,-0.2,-0.1,0.0,0.1,0.2,0.3
5.0,2,0.17271715083642292,-0.0767202435037105,-0.035233227610444076,0.14253261711188803,0.2511628035086313,0.3647623932351958,0.4456179378350655
10.0,2,0.297445837855576,0.0054703564419677836,0.11336189964069991,0.2735051053083859,0.41305449251870524,0.4500916131214784,0.6287610941220207
15.0,2,0.31789429212706394,0.1434391791070588,0.21942231075856877,0.3992015071388834,0.5694884691243994,0.6018879423896509,0.7429274332113319
20.0,2,0.3972297635269795,0.28423670004690055,0.3367801111866044,0.5806415477917988,0.6520201178361258,0.7808089270106735,0.8340017184344342
25.0,2,0.2424337559387889,0.3757552679573031,0.5843763613804104,0.6823202787555233,0.7965722416112537,0.8666214220762177,0.9549658311024816
30.0,2,0.8086827940203354,0.5433835847969605,0.7666786261013963,0.7490764090173121,0.9697794688614414,1.0313562237839127,0.9924593708988267
35.0,2,1.6335613500229378,0.6987684612054768,0.9027622066465311,1.0234406691688462,0.9498492518690425,1.2138077203261786,1.0562276548204454
40.0,2,0.8774244454345446,0.8469745733371187,1.1112496059314887,1.1201683722044793,1.1440012112348728,1.2506524436392226,1.1639320382660652
45.0,2,2.272592774866604,1.0505195286437563,1.2525233328529566,1.1471591141840554,1.455119133315287,1.2590971688683759,1.2646822473255492
50.0,2,2.8832595011805315,1.2465657400412422,1.2151381184573906,1.6145660516542368,1.361049329515354,1.373658428059848,1.4102451380386403
55.0,2,4.464212535740654,1.461445054102221,1.2496411926194957,1.728349167773864,1.6174233167424887,1.4196002460994153,1.5368861090059738
60.0,2,13.694794671829442,1.5317875314064302,1.5539793449843036,1.5639452096693085,2.0940701654259075,1.3073754764272527,1.7543096390070096
0.0,2,0.035348106319020495,-0.2,-0.1,0.0,0.1,0.2,0.3
5.0,2,0.1915718540152249,-1.2036394578328213,-1.1273814573466499,-0.982699179014939,-0.8731335163914903,-0.706552019046671,-0.6672237376618577
10.0,2,0.28033930540056134,-2.2519860940533256,-2.0622212607503205,-1.9806704901175587,-1.8289180434822845,-1.7081430542943332,-1.589319791891026
15.0,2,0.2830484447545007,-3.224671485175731,-3.068003049378263,-2.97256570603804,-2.783232431980429,-2.6523905997316173,-2.5810248295792007
20.0,2,0.4936289547985903,-4.177792542458242,-4.092226310287112,-3.8809609099404248,-3.809493197079998,-3.600028254573723,-3.5820162548382344
25.0,2,0.26018889833452286,-5.168439075025195,-4.996744498014065,-4.872279365479109,-4.741782469395706,-4.68846839598185,-4.535433032576308
30.0,2,0.6423278375068249,-6.064944521818351,-5.986608085143437,-5.892837270821419,-5.640629108818135,-5.699306812470714,-5.5794504046946285
35.0,2,1.302835684482077,-6.984656483505603,-7.006876480914094,-6.681383493974029,-6.779451750847252,-6.663545459483434,-6.608491902336615
40.0,2,0.32431935774345616,-7.941636321931205,-7.876050097107319,-7.717072855882404,-7.692022850359042,-7.737284632186599,-7.620968180888843
45.0,2,2.86482012809242,-8.878843423593377,-8.735791671376917,-8.867847286420115,-8.51702318275305,-8.766127721515666,-8.680031019990661
50.0,2,3.082803213189995,-9.848661137787161,-9.750812662589679,-9.532856169208905,-9.849030553157807,-9.598472465920704,-9.726460684279772
55.0,2,2.435511366959013,-10.799097178238652,-10.675797979121386,-10.618213590884206,-10.760697527101865,-10.522710259068667,-10.79040650582359
60.0,2,13.90511639854861,-11.8759646554056,-11.377238818828273,-11.976339243632943,-11.369131714686699,-11.733943076591924,-11.694934898387228
0.0,2,0.13586319807541158,-0.2,-0.1,0.0,0.1,0.2,0.3
5.0,2,0.3081617999745829,-0.40124873648833354,-0.3033646832563332,-0.15597583078246802,-0.14011152379604888,0.02279958124429602,0.09932835540968958
10.0,2,0.32302050991412007,-0.6403724760656518,-0.44818903618756883,-0.4235724212850283,-0.2674981410958406,-0.21450666533860682,-0.06300693536569209
15.0,2,0.14266756465482114,-0.8422691003939778,-0.6981911339107896,-0.6278628954627096,-0.4536388057309191,-0.3551595253936818,-0.2585970521155045
20.0,2,0.9214318392168844,-1.0767471265527528,-0.9723836073640545,-0.7092499918420377,-0.7555926368596775,-0.4853073637301848,-0.41501062432806723
25.0,2,0.33444295622016396,-1.3310205456415063,-1.1380149475254895,-1.047287855022848,-0.7940892756985289,-0.7372414683353408,-0.5452100961222556
30.0,2,0.9929144825194185,-1.5637349393777378,-1.3682006352847789,-1.2855813849885325,-0.9297745578366372,-0.9294754282207064,-0.694670080306776
35.0,2,3.6294979186934695,-1.7671742923503784,-1.732070118609582,-1.2245214019132005,-1.3698376661784448,-0.9778736129260786,-0.8785327717067236
40.0,2,0.3942926355104826,-1.9959483781512584,-1.8571086433923898,-1.6429334449948076,-1.343502305243398,-1.2390289655758862,-1.0500609639959184
45.0,2,7.05912116360978,-2.285485792881285,-1.8779329759862111,-2.0164712465639743,-1.3792051814431259,-1.570342360100837,-1.1777179820475137
50.0,2,9.665484218004503,-2.3845792740230194,-2.35492475519371,-1.743113181698217,-2.0749684572389153,-1.4196497943619117,-1.5084929141764871
55.0,2,2.083518158673094,-2.55574221327091,-2.4439727804077203,-2.1588595773296317,-2.0814086795685163,-1.658065296862371,-1.7662526669224865
60.0,2,37.11013625605427,-2.9449116412173475,-2.0997408432401596,-2.869106941082704,-1.7739498747866442,-2.369535397313645,-1.785629354390546
0.0,2,0.0651938333120216,-0.2,-0.1,0.0,0.1,0.2,0.3
5.0,2,0.14339689970474317,0.4310557087494928,0.49648873353044715,0.5593325579668365,0.728144689120199,0.794733793066826,0.8275271777756877
10.0,2,0.2010560042025338,1.0002635439979046,1.1463682187871467,1.2474340196189186,1.2298848379785503,1.3345322489051203,1.41608245113134
15.0,2,0.10424258390228798,1.6624137941888864,1.724883574165529,1.7986790214486075,1.874122683832133,1.9372843451936783,1.9144645617996254
20.0,2,0.28322338659942436,2.2636093062273286,2.370852027261331,2.3762210635090475,2.5000409424449073,2.459080799448205,2.47932650194711
25.0,2,0.47975172648937103,2.842800477088298,2.9782777813290533,3.0941664683549113,2.993040369712533,3.006371481791523,3.0717567227710987
30.0,2,0.8044334574445082,3.5361944281593316,3.4710866414752175,3.628493386517263,3.67268993699544,3.663489697881426,3.5517418702281898
35.0,2,1.1801177837975556,4.022473096565467,4.1987457914586255,4.2102159072559235,4.300191701607451,4.095773993058959,4.23357813151991
40.0,2,0.5404269278103692,4.614747326821125,4.7181886221845035,4.879615896974079,4.826971643431705,4.762000102994561,4.7967376892698
45.0,2,2.3065119780488943,5.265205897588977,5.165667873550994,5.45248455861314,5.432809007289155,5.533791018715997,5.285585586126908
50.0,2,3.3308235583195307,5.593553998906146,6.054146745682721,5.965400293382881,6.0846376214854905,5.890075675067511,6.085012267569923
55.0,2,1.3154329765520985,6.253761672686375,6.471033344294039,6.4960160507157205,6.717539649811603,6.716803843665887,6.554954701130518
60.0,2,8.259516543534762,6.853512641040479,6.860457313046525,7.323959526104998,7.070312039663662,7.531751318274849,7.107399084383116
0.0,2,0.3852527378522389,-0.2,-0.1,0.0,0.1,0.2,0.3
5.0,2,0.4904144901700308,-0.5606148418365653,-0.39690898451144707,-0.325909047079321,-0.20313871857306892,-0.1767706891389126,0.03638971788893889
10.0,2,0.3660577320657215,-0.8816355204990901,-0.8146500751986149,-0.6139373131677347,-0.5464209883682126,-0.4287151838866121,-0.26854604538047505
15.0,2,0.2805360944332666,-1.2495966242289087,-1.189362214038512,-0.9582187121740902,-0.8445639923615389,-0.70194024772033,-0.5371758992277145
20.0,2,0.6780081442681148,-1.7025384185676613,-1.4512919646686702,-1.35998482254498,-1.1028848142819812,-1.0530319550189653,-0.7380782779191762
25.0,2,0.2112865798060049,-2.0462886440318067,-1.8973247433570275,-1.6761855660621994,-1.4638020685482576,-1.1862790615643777,-1.0648827326880563
30.0,2,1.3877209243598934,-2.4591955336211924,-2.2446418209016925,-1.9567532528587355,-1.8666510114754962,-1.4058572346661793,-1.3286165259786968
35.0,2,2.9184594940203414,-2.905336516369337,-2.4235548804279103,-2.4763686572401586,-2.0175444776821503,-1.819740394703843,-1.5461230163288764
40.0,2,1.2167757012969553,-3.162769104621062,-2.8974961657452436,-2.7603066259723836,-2.3708237506339533,-2.005117964482579,-1.9191068945473293
45.0,2,6.030081515783691,-3.4653060557577886,-3.3479781355955875,-2.7846223515747086,-2.9401687873748,-2.3008430552034596,-2.203654683746526
50.0,2,4.928172709493362,-3.7678170564310345,-3.5062571163985403,-3.446304635912099,-2.838983291164256,-2.9546935032523813,-2.455470029344878
55.0,2,5.891071518561046,-3.950514411573423,-3.91591078443301,-3.7173333043704786,-3.1296360927844566,-3.354198723521235,-2.8288848790708796
60.0,2,28.489530096921953,-4.12700410503374,-4.515707700322463,-3.3676948308180816,-4.091290477370183,-3.46208279323056,-3.259650852228679
0.0,2,0.46722994847171534,-0.2,-0.1,0.0,0.1,0.2,0.3
5.0,2,0.4508832526021785,-0.048191162254062635,0.05486104742693476,0.18998072287933132,0.29624253309454196,0.3418285653879443,0.542408540988252
10.0,2,0.5864264306333447,0.08493869723944408,0.1754231567473217,0.39184507346369274,0.4761904689015698,0.5258970604749731,0.7999660382188964
15.0,2,0.6225645343317937,0.244274279513237,0.2483161126196934,0.5192914136482156,0.7085392043921734,0.8008745463247067,1.0100951860708192
20.0,2,0.26039699800687716,0.2744153788034337,0.4672637041016686,0.6836059058756869,0.8689710405740053,0.9992164029829462,1.315048557754047
25.0,2,0.21895262156669804,0.37319816001479983,0.6189071875167546,0.7950091535575432,1.0485061720736988,1.3319469013071819,1.5180836631447425
30.0,2,1.7469040451020976,0.4851561208533713,0.7759694192072328,0.9214063546630107,1.2005596399284753,1.6838816125497575,1.6958083379357898
35.0,2,3.496070851338229,0.5133425325138754,1.0793520968766583,1.0848714298870517,1.3412223873512619,1.8379999254671335,1.9831233605645187
40.0,2,2.934867031438896,0.7689971291968224,1.1512144758014082,1.1836214730352068,1.6127801086096323,2.0913791425005086,2.1090496510397054
45.0,2,1.1185977942084777,1.0056688868129156,1.2177109090971272,1.5309944248103382,1.7222761705056835,2.1773743627623867,2.340147473717592
50.0,2,2.8323642102763227,1.2529323428639119,1.3661137902670768,1.7777389980778397,1.9982697361857815,2.050397183665393,2.625850424168793
55.0,2,12.020690917956092,1.6981151692675898,1.3512052937690315,1.88495859870729,2.4113335426237987,2.0926373703489416,2.7101827480349026
60.0,2,17.235607117954842,1.9173200737984315,1.5364842174250193,2.419866464630005,2.29650112008838,2.1364471158753107,2.9189439784570905
0.0,2,0.47034561686518306,-0.2,-0.1,0.0,0.1,0.2,0.3
5.0,2,0.8228925488263231,-0.13796249408849073,0.003939879855863914,0.14057850350375162,0.0962486404926586,0.2697718496152484,0.368565872487838
10.0,2,0.854878443875157,-0.08395789017195475,0.11936684235317292,0.09651761985595204,0.279177496046986,0.3246608160350707,0.44651961961452263
15.0,2,0.44559060106709497,-0.046583322349401025,0.14291131476922195,0.18405786068170826,0.3400598462932952,0.45294165183765456,0.5500394043681479
20.0,2,1.4942456797650332,-0.03946275239588789,0.10703446943473026,0.3930890442706989,0.2945581697738965,0.610958205336316,0.6983918710477562
25.0,2,0.6652951634235427,-0.027605902258895476,0.15369512589271672,0.2570826305622245,0.608644591212738,0.6577499459296218,0.8561448679960019
30.0,2,1.4646713415725836,-0.0727271422106556,0.18869638728605534,0.3341323971174985,0.715076784308781,0.7056715823067593,1.0760035023928538
35.0,2,5.7599037682995995,-0.00526978974212002,-0.00925319407632073,0.6755224714217692,0.5462132193512141,1.008565238702887,1.1722178174107454
40.0,2,1.3576707305811837,-0.00044480380320169137,0.13032010852995804,0.45273509363412767,0.9132089938859299,1.03049400144132,1.3028246212469312
45.0,2,10.539674010011218,-0.12489117044148221,0.4636232311747073,0.36662942972761076,1.106441561975286,0.9325658784303086,1.525911335935563
50.0,2,15.49056405490959,0.11965919283720322,0.14059729492108428,0.9108581824518414,0.6410541871449873,1.5470144533907118,1.3522392079230872
55.0,2,3.9787360411604973,0.15053700372380677,0.4505909199674581,0.7331470345784155,0.8984815812881993,1.5259178935794844,1.3938903373984037
60.0,2,56.00036075673165,-0.007608056157146327,1.2035319185859101,0.2224769686271284,1.5314844568542352,0.9755967675981939,1.6682249668943896
0.0,2,0.17540887543303835,-0.2,-0.1,0.0,0.1,0.2,0.3
5.0,2,0.21987186338700615,-0.5925810345148635,-0.41968499303173545,-0.32603985015559567,-0.27032601661175065,-0.09305216291013638,-0.00026085710975901505
10.0,2,0.3683770414164022,-0.977810873514798,-0.7519423878971537,-0.730424464137601,-0.5590260942277646,-0.380482614289553,-0.30420339460082835
15.0,2,0.3639718350994685,-1.3601056215650424,-1.1315861123010238,-1.071855218239479,-0.8919314138728184,-0.6583742409946906,-0.5919821360285173
20.0,2,0.3519879076945803,-1.7445828424273637,-1.5381648051252321,-1.3478419360864535,-1.260049348104716,-0.9700928342505658,-0.8470478913410725
25.0,2,0.32186272005140526,-2.0827929542369388,-1.9483042771644512,-1.7569962838593807,-1.4657574765139327,-1.3369692367362598,-1.1189043431583177
30.0,2,1.2674097976241325,-2.4379967329227337,-2.3481988999380006,-2.0526057296388878,-1.7743120460852597,-1.735642781498542,-1.3629132959197403
35.0,2,2.9937003703764655,-2.7434058956779,-2.802063548542409,-2.264931351555259,-2.1887186697142647,-2.035272280083291,-1.679222654763917
40.0,2,1.9731903445067944,-3.0643312100107214,-3.0866653645610183,-2.7307693256173344,-2.4074736198194957,-2.3883989564223937,-2.0379208382399803
45.0,2,1.5606336638745262,-3.481700605312154,-3.2089814825489564,-3.1239323939548416,-2.7744247240175115,-2.7526046035858185,-2.375860419585523
50.0,2,3.88555233841097,-3.7536186564250467,-3.5470244867064573,-3.3407175683879906,-3.3749660619373283,-2.786362321569316,-2.9167600483125096
55.0,2,8.067754795358463,-4.112864339528307,-3.635374119866689,-3.8415560004187466,-3.6886497644363083,-3.0749828775901697,-3.3679669558322467
60.0,2,19.019183815679845,-4.537305003430428,-3.627562850095282,-4.368239873873851,-3.8878942595747614,-3.6363607050347664,-3.66597627999711
0.0,2,0.5665262061796582,-0.2,-0.1,0.0,0.1,0.2,0.3
5.0,2,0.6050878286489703,-1.4681343373289595,-1.291813589838596,-1.2068851635619902,-1.1543522856963089,-1.0836152263004448,-0.894741018159542
10.0,2,0.42875168180743195,-2.6966792974303475,-2.5873453098103756,-2.4667305516086238,-2.3562217745097014,-2.2623769709720967,-2.1297293374405575
15.0,2,0.23914508681078306,-3.98726974289546,-3.869144972949874,-3.7016665566401303,-3.5860103214499084,-3.4486886208651657,-3.3058446478570063
20.0,2,0.17190636394858244,-5.343870905200191,-5.1026587449940575,-4.947418998376259,-4.8098754641207995,-4.673361082366559,-4.420981288485455
25.0,2,0.16977083917002242,-6.6112172369364846,-6.456733304921341,-6.259602236150705,-5.972051031248075,-5.767881444286969,-5.630222850885531
30.0,2,0.32618267648885635,-7.977512788096817,-7.719718292667145,-7.44133885180595,-7.266397328697163,-6.9499709470305895,-6.7423115170172245
35.0,2,0.5437760318125654,-9.300393165603655,-8.968284021151838,-8.741437147678917,-8.438686156487766,-8.15384226644806,-7.894148588830383
40.0,2,1.0871124629524125,-10.52346388967646,-10.294536405677011,-10.05518139877469,-9.587884528183544,-9.298936520617545,-9.136330224157176
45.0,2,1.5427262175506058,-11.841793545079064,-11.515003860853513,-11.11018139643431,-10.983515986200555,-10.57451437094404,-10.270865428460704
50.0,2,0.7658853950308603,-12.985674901442,-12.786188522180524,-12.46383723293853,-12.07119099863353,-11.818113975148966,-11.570410578514132
55.0,2,1.5083239254666063,-14.164140952446969,-13.963231431895702,-13.737688801128773,-13.23919456766614,-13.155010931074674,-12.835691145531165
60.0,2,2.4846804942613527,-15.37183490915324,-15.15924060120027,-14.67672780632143,-14.756571035350126,-14.444095722565784,-14.08602937603833
0.0,2,0.0699987899399509,-0.2,-0.1,0.0,0.1,0.2,0.3
5.0,2,0.13486932212246597,0.9143842365811355,1.0483331235549826,1.141387824917707,1.2492927898544748,1.2943297200610813,1.4539327448013384
10.0,2,0.14808575691923576,2.059040774195048,2.1251643229756896,2.2986049869471783,2.3824247396458618,2.4632888292543815,2.5747972265232697
15.0,2,0.13411336434246854,3.159560481903463,3.2478027712311053,3.4391427438587545,3.5248327752465136,3.6034701847513273,3.7301723623209524
20.0,2,0.2513817505682116,4.229012717952703,4.417254066375163,4.52959648173637,4.704603943703343,4.724178542575625,4.901996006739644
25.0,2,0.131002989830347,5.348138389200844,5.493181863222182,5.67462222392995,5.81733613448408,5.9648308435859985,6.010192744430459
30.0,2,0.5690953758882149,6.411692844816505,6.6382836250182695,6.845750874611966,6.899609690743503,7.146006639766978,7.168618963666907
35.0,2,1.1740596824949203,7.482984254044246,7.841438846668755,7.857933130098581,8.151168302644031,8.248847908342478,8.329250636596687
40.0,2,0.6056389732528263,8.630394643080242,8.895602524698145,9.03847353001605,9.260272604792547,9.448591932567057,9.439948283011406
45.0,2,2.0501674776213172,9.762059981222222,9.945233770727986,10.34838043301334,10.273507043306958,10.584832880635656,10.600929849029901
50.0,2,2.0754736909565343,10.915917212018625,11.126180378561733,11.28437516109164,11.68552265756543,11.538139702302182,11.766469286167164
55.0,2,2.7519769593623433,12.090996239667033,12.203931883979099,12.496620669276169,12.818730597054879,12.596967629490077,12.911017818010365
60.0,2,10.416171485544364,13.308594536207943,13.14861190280542,13.987172300894148,13.632026818756934,13.868326627447255,13.97519309113665
0.0,2,0.00014499865260702042,-0.2,-0.1,0.0,0.1,0.2,0.3
5.0,2,0.14588823215619906,-0.42528480594385687,-0.34120541240075697,-0.1661857759753391,-0.12528196567761313,0.02409379812777718,0.12629754081191152
10.0,2,0.18669419945546717,-0.6460382325346719,-0.5425337613845912,-0.4447354982349117,-0.23871466953720943,-0.18983145121496642,-0.05327962920941595
15.0,2,0.1312705374017631,-0.8837566356696829,-0.7463028475274802,-0.617686250933633,-0.46243121910088786,-0.39119880028186943,-0.22132410966010807
20.0,2,0.6739306586385295,-1.071216668053142,-1.014765009375897,-0.7482332309958767,-0.7363536917543418,-0.5116305654620582,-0.44806731859027604
25.0,2,0.26089951089801183,-1.294142294138763,-1.143633004885592,-1.0647677271061262,-0.831886885759093,-0.7559602036740356,-0.6474429897259315
30.0,2,0.8656887862741109,-1.536257352583491,-1.2629351826991273,-1.2728949050869123,-1.0385422442225616,-1.0040944326607502,-0.8306756090946726
35.0,2,2.3797914714186663,-1.6437166617738772,-1.6077647945118039,-1.314731600497381,-1.4053970119162984,-1.0387501386085818,-1.1426061400975294
40.0,2,0.14894708379021943,-1.8640388440389073,-1.687900187264887,-1.6242703104102698,-1.4891241438251819,-1.3690458291943428,-1.3261536537298153
45.0,2,5.102468319241866,-2.096755542822151,-1.740519447065784,-1.951316664917545,-1.5353090221971712,-1.7672773086380866,-1.476921603880598
50.0,2,6.007831969282792,-2.0989093778299837,-2.288439172709429,-1.7968852327717286,-2.0479546168809306,-1.7008748485855298,-1.8426029618016895
55.0,2,2.1906299820762216,-2.3355165353896643,-2.3905263168301425,-2.0152692065127944,-2.1889444218916707,-2.0789230997989634,-1.9740532512139797
60.0,2,26.000878375671974,-2.6384612214142855,-2.2377299570126934,-2.7247082729412595,-1.863113181532857,-2.6646481956930885,-2.062138624100948
0.0,2,0.12350996672778185,-0.2,-0.1,0.0,0.1,0.2,0.3
5.0,2,0.37701116973253634,-0.14230256796813276,0.06335562605943816,0.08832817398367118,0.21600463307445075,0.2547095187151074,0.4251396047856877
10.0,2,0.33602869292793325,-0.010188054072629208,0.07501101771527176,0.22296866790241776,0.2879205729441791,0.4590408394656664,0.4757169333455233
15.0,2,0.20214835414266108,0.030918134675884012,0.18692175988549392,0.33965695305617516,0.38451569982230893,0.5517994475788683,0.6218929709319067
20.0,2,1.0065426125794878,0.056609521068313136,0.33743955289638283,0.3435139791003784,0.6039389734261884,0.5877816480119296,0.7916562800976333
25.0,2,0.3742999913952517,0.18933559989769197,0.265313771519914,0.5207357598191178,0.6594910705003562,0.8288490783347362,0.8624496631791877
30.0,2,1.5516244084979671,0.20821757929125648,0.33352683415118384,0.7407871671564807,0.6759097536479904,0.9231329834096419,1.0498356142446166
35.0,2,3.5773467179476013,0.24661838154660168,0.531983390276729,0.5727451675142241,1.0738731450672383,0.9006516681930063,1.210773167953506
40.0,2,0.5147826426862268,0.36833617364114235,0.4990089685342907,0.8018941210038429,1.0572020479262711,1.1442181924269899,1.2712204056689345
45.0,2,8.906095740612361,0.4312859653435792,0.5207673396765826,1.2013423872877,0.8471234264648969,1.3782665632449789,1.3683292158339422
50.0,2,8.618589598976659,0.482458993093004,0.9159328691166462,0.733672645893564,1.486106676390582,1.273212271967353,1.4609664300407645
55.0,2,4.410809126375128,0.5448457839103505,1.077494941535457,0.9615279732332594,1.428997957893193,1.4002156361929043,1.5445025823870226
60.0,2,40.57941781880161,0.8155878752939764,0.7726193836648519,1.75863260792194,0.8272403163373617,1.9408498457163297,1.4478898348679412
0.0,2,0.15677583483559507,-0.2,-0.1,0.0,0.1,0.2,0.3
5.0,2,0.2078136750726515,-0.05946105611133933,0.08555268453683944,0.14490431715470806,0.33474290574518906,0.4051611931569787,0.5342701795693418
10.0,2,0.22554640393062086,0.050407439509746285,0.2409355186842831,0.4140093951684092,0.44612411355383186,0.6393472665387466,0.7995167146484191
15.0,2,0.2337413100107142,0.2389568378483692,0.3340240171054626,0.5286548572276721,0.7153226445923268,0.9295931490047468,0.9889591663765549
20.0,2,0.6776000064631735,0.31074388067678976,0.5836523429959557,0.6679341503049773,0.9650972397610639,1.0532900394935474,1.2999632429744863
25.0,2,0.3577597257189799,0.4758963226860597,0.677655674471112,0.9478161468658278,1.079266208847804,1.3229393553510453,1.5222774120366507
30.0,2,1.4294728086235942,0.72361664096243,0.7370303309559867,1.1187304328143606,1.3042846721393144,1.6236670898356802,1.663692177602418
35.0,2,2.596168162666264,0.766435216795964,1.1484966530974305,1.2250495144957512,1.5902287355600575,1.5797280914756546,2.006253356937038
40.0,2,0.33112976363209745,1.0675832743551505,1.2116499785989923,1.4620375704826511,1.7359385202004778,1.9031718821201273,2.0809805666562
45.0,2,5.405230087061416,1.3591036471214095,1.28930045949599,1.828539157059477,1.739568080810731,2.2370264306544656,2.1529942413232046
50.0,2,5.4538569296088335,1.383065792979371,1.921067478527191,1.7822386526058716,2.146347434373195,2.0356621570761906,2.4833207249551092
55.0,2,3.4640871402339597,1.7961123027990782,1.9917496165662214,1.8711680696626318,2.418021091457042,2.394531210864493,2.4252901732191274
60.0,2,24.062521058770148,2.084594068542198,1.9607180426633597,2.698419358111556,1.965512213505889,2.826023689977336,2.5067753158199255
0.0,2,0.02621448294483053,-0.2,-0.1,0.0,0.1,0.2,0.3
5.0,2,0.18233057710066208,-0.6723780935949744,-0.5039416989907333,-0.4609281762444562,-0.3520277918246604,-0.2985177954055488,-0.15728990961356373
10.0,2,0.33246103819840445,-1.045138521040931,-1.0366204709014915,-0.9135243401762366,-0.8106664558822074,-0.669899141720359,-0.7143180016266437
15.0,2,0.21503905732512643,-1.556333577293445,-1.3989295939619866,-1.3045759762539648,-1.3256612796913134,-1.220365763035378,-1.1293842067857192
20.0,2,0.5569334791369903,-1.9788178736857083,-1.8269863750788644,-1.8567970925140138,-1.6717812083177508,-1.7190771496058301,-1.6268741634935675
25.0,2,0.42031639561182066,-2.361117748371974,-2.38332780757621,-2.2369966663665757,-2.1826063215865315,-2.103025760723286,-2.1583430237450916
30.0,2,1.2360626164033626,-2.893974681410001,-2.7722382315872847,-2.55554951379124,-2.7522281858986277,-2.659368500861158,-2.537141680495302
35.0,2,2.5177588949457737,-3.286388349002766,-3.220884243377648,-3.285588241326952,-2.9154059967184276,-3.1455958854694597,-3.0617215438223147
40.0,2,0.24517670877185668,-3.776242939246946,-3.7214886918091152,-3.5610721142438466,-3.5465731148000197,-3.5532060042182767,-3.5020848610732487
45.0,2,4.84438877480077,-4.284004219368999,-4.221459071658102,-3.8166707980946932,-4.2154249915145,-3.9266298959867094,-3.9415622144423033
50.0,2,6.932543644183628,-4.720261955074206,-4.563673218592022,-4.804985868665304,-4.165472352215891,-4.431391747497407,-4.465049514694152
55.0,2,2.5199633464485327,-5.375587962227027,-4.905618447606363,-4.998322991881567,-4.91094407793932,-4.937612955829268,-4.767831686929295
60.0,2,22.204411598636632,-5.671235926299539,-5.781530701622371,-5.082315765757438,-5.746828368656855,-4.950534230232944,-5.408556595517527
0.0,2,0.12187215712990973,-0.2,-0.1,0.0,0.1,0.2,0.3
5.0,2,0.10308308157321126,0.2459035330680979,0.29012265886602734,0.4265336417664759,0.48711090502854776,0.575819753778233,0.6544096556366605
10.0,2,0.11904340815510873,0.6958040034672193,0.7150857614441616,0.806980346239168,0.9193012521929064,0.9202831618909464,1.002345771053672
15.0,2,0.16588813222218246,1.1123328393907304,1.1743056592834873,1.248758871106189,1.281336614440521,1.2494611879428965,1.3735052722682692
20.0,2,0.25646067480039847,1.5853878555083245,1.5601830302712583,1.6708222708654243,1.6484240984008118,1.6824392248821505,1.6723441126481353
25.0,2,0.1961435167389981,1.9831773704833375,2.050757767918557,2.037391705569336,2.0567319925549055,2.0401531327803117,2.031288771413657
30.0,2,0.7407097283219978,2.353204122170192,2.540204755307519,2.4222861864362453,2.441607085496525,2.409798077906311,2.41230066154732
35.0,2,1.3012335870139253,2.809519639525294,2.8494338134185977,2.8599807963498862,2.7850970417397485,2.937067181131085,2.7182025648435117
40.0,2,0.6904018720770866,3.1335054690394455,3.3048424919173405,3.26034136126316,3.1948515577331777,3.260128054681866,3.1855322505171837
45.0,2,1.5039689148504432,3.4986420092521766,3.694089620308073,3.5618954170706973,3.740998825097046,3.5735567024811665,3.6499187590870013
50.0,2,1.6013078453385825,3.96410923548025,3.8168219784953763,4.11982278247925,4.058964698758327,4.09599513257137,4.0432876536555495
55.0,2,3.150172000468886,4.258611690503286,4.180128734989954,4.610786785616853,4.441767388636863,4.380450407703015,4.60715662213415
60.0,2,8.941590633390394,4.608218075456513,4.630970150315905,4.671794051392952,5.2091483322730285,4.665891593282007,5.072779575007564
0.0,2,0.25131718472918496,-0.2,-0.1,0.0,0.1,0.2,0.3
5.0,2,0.33788492047223323,-0.16777324648167014,0.037262512936949155,0.09023557757661876,0.15458569781488624,0.31439865769713177,0.4205803054553069
10.0,2,0.5673773187103524,-0.10656094268280876,0.11379060508092863,0.12486175931872827,0.2687067615420925,0.48079976743162506,0.5169810593078602
15.0,2,0.579203240090077,-0.06914445774678099,0.1704730072699007,0.21039942709238516,0.35529287228421524,0.6194997457916058,0.6613479203062815
20.0,2,0.22759257273731465,-0.039965184145236234,0.2075078377219088,0.324134282863635,0.4515097123682111,0.7015136808702185,0.8524576903180475
25.0,2,0.276913579679853,0.06659604347290642,0.15957423201634235,0.3740403299179452,0.648173262248215,0.7947294393923705,1.0033342179481843
30.0,2,1.6510031195452224,0.12135265040009466,0.15856739934586378,0.5398221745587549,0.7423227571588201,0.8139428480690426,1.2197292004625646
35.0,2,3.48864744368931,0.21828117084576124,0.15772007577766667,0.657045135403312,0.8566477362698799,0.8896220496208642,1.3657103670768083
40.0,2,3.0147793780227827,0.3221543922647587,0.2467201966833633,0.6590970726123206,1.0134772628546003,1.0208871430870035,1.4319799724914108
45.0,2,0.6463471191744442,0.30874948422202725,0.5197206969018646,0.7739096709914508,0.9627537019640084,1.1581088773425356,1.520363113570731
50.0,2,3.013301353332653,0.414034556593873,0.7344095278242776,0.768069840814798,0.9609578594387006,1.497763299025409,1.4176599662947178
55.0,2,12.702591250011283,0.4515856453422258,1.0970194108937852,0.7203360122572403,1.0048008901954546,1.6830024035731241,1.3854401927290365
60.0,2,19.018735505191515,0.5050191075303777,1.3827696521190398,0.8507455968302712,0.9820970123011497,1.7232477937062989,1.4475948975028177
0.0,2,0.13998888854086863,-0.2,-0.1,0.0,0.1,0.2,0.3
5.0,2,0.19483590643375556,-0.7308560611555233,-0.6519224788833715,-0.575553269131662,-0.41740460529572454,-0.3803490112176595,-0.2732075048623019
10.0,2,0.2033540872540613,-1.242505074024292,-1.23112612461511,-1.0649547189091433,-1.021782296696246,-0.9305504814792954,-0.8676671653684027
15.0,2,0.10920811934121533,-1.7792379482794838,-1.7339109458434114,-1.6053173966663534,-1.5824507381643353,-1.5415629584228883,-1.4453988042622838
20.0,2,0.4697893979209294,-2.2920457799339027,-2.222888493382634,-2.237663312488467,-2.063193367951115,-2.1413252788521078,-2.060055489576782
25.0,2,0.24248025821130154,-2.8143673194644645,-2.7678664324338733,-2.6829580972140965,-2.7427254246499215,-2.6608724270467383,-2.677674951922136
30.0,2,0.6679889311659275,-3.34646075401077,-3.280773966972104,-3.220433746300882,-3.334275735540979,-3.203602094960993,-3.2902112854917425
35.0,2,2.1943141544501397,-3.906482056046759,-3.7125054599291514,-3.953543825422406,-3.7207992582093703,-3.846095743095405,-3.865624171120689
40.0,2,0.6175545794045415,-4.46017895887954,-4.320374701917528,-4.335020738700658,-4.435155624150328,-4.3601918897281235,-4.423421530993919
45.0,2,3.363894236678325,-4.947729212453872,-5.039848607579761,-4.776662283376375,-5.058428300176911,-4.8250390566373635,-5.015928914692191
50.0,2,5.10762930584701,-5.58554062903607,-5.444092868635783,-5.628927476240619,-5.247889586109571,-5.65242533137955,-5.434053414061172
55.0,2,2.0828073692725027,-6.166158247683835,-6.132565818858925,-5.999347237028165,-5.9209544163283665,-6.19345109610973,-5.909745420000114
60.0,2,19.295439368363407,-6.591397263361678,-7.100244170480144,-6.222883522100331,-6.778247258807177,-6.382445418273367,-6.5762975335326725
0.0,2,0.07658275552309278,-0.2,-0.1,0.0,0.1,0.2,0.3
5.0,2,0.24989486115125853,-1.1183443744533825,-1.0337095225577446,-0.9625344760464695,-0.7770132230303729,-0.6494777728790907,-0.6180970024545691
10.0,2,0.4230876572832989,-2.0923565351399023,-1.9009423272140262,-1.813694378539425,-1.7632455408077823,-1.5700855361276427,-1.4780284250144815
15.0,2,0.33938590980296585,-2.9571040371239707,-2.8418908990465526,-2.7766539485849058,-2.6251637013437428,-2.4423152676895437,-2.4344012604761778
20.0,2,0.23041570968787126,-3.8473475148523066,-3.731413013709966,-3.693596170270543,-3.5128919129123237,-3.406649695095994,-3.3448071788454463
25.0,2,0.3219244357979656,-4.742182118915489,-4.630303829465199,-4.490563332935344,-4.501043280602881,-4.400925702700661,-4.230863592488652
30.0,2,0.7730656023481575,-5.500395806804494,-5.636787701439934,-5.448435068801206,-5.321144256412574,-5.302037248558976,-5.24625814651267
35.0,2,1.2685764960214576,-6.431907351447547,-6.4263678731809515,-6.324786431503298,-6.237880957484056,-6.3898768302552735,-6.1034151560803735
40.0,2,0.8694706448885784,-7.283491879627758,-7.336522470423231,-7.174132246323378,-7.220354447760641,-7.279640456258896,-7.079269470979189
45.0,2,1.263828647207077,-8.09020420149232,-8.27639587707393,-8.148452189355245,-8.128395543417804,-8.038457039395828,-8.15068249205954
50.0,2,2.6053905736162775,-9.200760116701952,-8.838045378144765,-9.097497099733559,-9.099982149595858,-9.098695333269973,-8.956783636770153
55.0,2,3.9608595784173417,-10.031105398466087,-9.802378046570018,-10.102876339056932,-10.01331041497947,-9.75971125830088,-10.041558628264731
60.0,2,8.371066589337516,-10.93081058464813,-10.801265859438045,-10.892590731003414,-11.082930070636163,-10.504397852963951,-10.99812135836998
0.0,2,0.5797243695609438,-0.2,-0.1,0.0,0.1,0.2,0.3
5.0,2,0.8763086219494375,-0.1466005133456769,-0.02104246679727333,0.04011483644448718,0.12488931494425877,0.13714516516051037,0.31072546373010357
10.0,2,1.012137212165327,-0.10958082234381249,-0.014187674184910723,0.1193874890750858,0.10861199095307543,0.15050760383768325,0.33572501293569545
15.0,2,0.9855237928846798,-0.06670450902017445,-0.06379622673414327,0.09931238812168972,0.180524004356645,0.24273760915005946,0.3436221345351371
20.0,2,0.7314837490952915,-0.18588759910361635,0.024258632995558742,0.09530721238245218,0.2184190753786185,0.23327285726770725,0.4955570216248656
25.0,2,0.12447779853268556,-0.23120995033056424,-0.050582351825076984,0.09599000867684133,0.2342758568658035,0.42146302493567755,0.5562224123592753
30.0,2,0.8793735105110705,-0.30005554320374034,-0.12688533371592,0.0936980480886442,0.2467477258896274,0.6238732921594379,0.6340126116002559
35.0,2,1.8676732186336997,-0.5080423241197689,0.004507371718052594,0.03147854939565544,0.33249593812284317,0.5919058400941295,0.8642772257437381
40.0,2,1.4234007190975364,-0.47673568508289815,-0.17099404816123054,-0.010529693667634808,0.43229170642114917,0.7983038380914915,0.8895182834901257
45.0,2,3.3555818135810216,-0.49720863370222157,-0.3159965438029263,0.21347762308579077,0.3108056199458934,0.8846945276978205,1.0113136080029932
50.0,2,3.2237662087367935,-0.5616381956968398,-0.19729941686116342,0.10479715794646563,0.5559254985732448,0.6394752882285234,1.2110576691734438
55.0,2,6.675136780287604,-0.3582336916473276,-0.35620416810782574,0.024132288643639324,0.7714449223219864,0.6749180463632446,1.1414924039262826
60.0,2,14.990717014886464,-0.30179045766288576,-0.44786254243481954,0.5915872552412578,0.28650174282619595,0.7476524721688984,1.1666931314976512
0.0,2,0.21464447631191105,-0.2,-0.1,0.0,0.1,0.2,0.3
5.0,2,0.4310718203584685,-0.5952270960009652,-0.46599181272273144,-0.32490846530309875,-0.2903445407658983,-0.24667179993953856,-0.019354261034909195
10.0,2,0.7080294376290991,-0.9159876136210939,-0.9393528693495998,-0.7482879367833573,-0.5864045416968534,-0.5776754386144068,-0.4172875514689855
15.0,2,0.6046715124501217,-1.3648233571615878,-1.3070445784326634,-1.0773378976876726,-0.9994218300391539,-0.9691596304141228,-0.7097066335662782
20.0,2,0.20891561875243764,-1.8086905822728352,-1.6770217980318005,-1.4814493037963408,-1.3736801467368203,-1.285810369693101,-1.0433397025377644
25.0,2,0.4219388853392407,-2.2080014336077065,-2.0849139122620226,-1.9726081219291007,-1.6959674970100798,-1.4944379672761434,-1.4565609467507712
30.0,2,1.7384961280597069,-2.7651836393299676,-2.3363143555897072,-2.28915156076839,-2.2057514312275353,-1.8338244393297574,-1.7247624283576477
35.0,2,3.0562601887992447,-3.142072298208074,-2.7555704152743226,-2.7757300416416526,-2.518597754346804,-2.0591723338614263,-2.1463429870378943
40.0,2,2.6892428922948506,-3.527837069335753,-3.1672606860384422,-3.1813177303923945,-2.843320274888754,-2.430306763852371,-2.489941281629631
45.0,2,1.299489683015151,-3.957602660215691,-3.567404671126564,-3.365609679917164,-3.2990547178816283,-2.993523811703306,-2.6992862410602108
50.0,2,3.511115178275986,-4.072955355483184,-4.2654945077097155,-3.801112004565695,-3.4350637876318233,-3.3957685191725946,-3.154585583108823
55.0,2,11.685461586791128,-4.445050640918268,-4.64507019972809,-4.02109354471664,-3.789637873859302,-4.110355181410573,-3.356270292806315
60.0,2,17.18954316666214,-4.752796825721276,-5.049863328940971,-4.272283256077683,-4.218372856862815,-4.588873598202149,-3.7277858434016498
0.0,2,0.0018023296179954145,-0.2,-0.1,0.0,0.1,0.2,0.3
5.0,2,0.04077496496775361,0.9897827275556509,1.079054380657567,1.186539306567559,1.2788014535726961,1.4186659201078466,1.4835800036063
10.0,2,0.0829798249336627,2.1433407847594745,2.309030233197622,2.3628925412563073,2.468551251576482,2.5840018067943404,2.705030966551002
15.0,2,0.07048083268394403,3.3514194405586335,3.46757725156348,3.528793952051093,3.6749116787975202,3.807651564883826,3.8789174883482542
20.0,2,0.12771047475660202,4.539055199512745,4.629767303754157,4.763777393702867,4.822377298602018,5.0066029905782665,5.084114982120292
25.0,2,0.07622684818726033,5.713092033239296,5.839205736753115,5.928948705455658,6.049562058188934,6.1379587997828295,6.313351626918069
30.0,2,0.3104335922330528,6.944644003961654,6.980915561046169,7.079532471877233,7.294891682780086,7.329574891274212,7.488984141466042
35.0,2,0.6981458507116668,8.129208143006064,8.135627732031578,8.391191108030599,8.37126581664525,8.523807739655284,8.70386600510406
40.0,2,0.21743883438120354,9.324544115898785,9.358097795616784,9.502706877476676,9.627775609926703,9.690397948971793,9.887867988649736
45.0,2,0.9886410131441588,10.51051208471819,10.613856388878464,10.582555558899012,10.889941249995774,10.876095965046254,11.054852881070296
50.0,2,1.4628522917765419,11.67207228688148,11.799139555320474,11.962698788357127,11.83227302587392,12.172022681334607,12.226031582907973
55.0,2,1.3274961384435233,12.896326528324044,13.017119975764784,13.021667029110334,13.097175453334117,13.43346081370289,13.334911912507042
60.0,2,5.923665363514797,14.004930928861661,14.411700653990902,14.013415517772856,14.460567687231261,14.457104302909958,14.589366414044056
0.0,2,0.4013978775049407,-0.2,-0.1,0.0,0.1,0.2,0.3
5.0,2,0.266856139944163,-1.5226322901403364,-1.3575631114905529,-1.277743883669934,-1.1486728454832547,-1.046945524550525,-0.9147712708937107
10.0,2,0.18377823134789617,-2.8690454524986984,-2.6462984769489157,-2.515831740111923,-2.4352331185755,-2.265045252034,-2.105203812287584
15.0,2,0.20264787397057366,-4.157704636265781,-4.01595275984918,-3.8376562045376748,-3.6311768142877106,-3.4148939533252713,-3.3476024104193276
20.0,2,0.2102899409811962,-5.55756963738729,-5.267203062584526,-5.097931352422535,-4.878034806018298,-4.703484186413976,-4.469092660086669
25.0,2,0.23448502200136115,-6.863794563392029,-6.633269488809543,-6.357461109603803,-6.115446231346001,-5.896911921672671,-5.674761316317508
30.0,2,0.8942048285394769,-8.124424132648437,-8.02141738446294,-7.625075561681015,-7.340923887599403,-7.075471928673549,-6.922660662304459
35.0,2,1.3454852043327792,-9.51442168558746,-9.183428820133251,-8.87136269316394,-8.59517486322134,-8.465081726404403,-8.048832695087679
40.0,2,0.965642079678228,-10.695957618500108,-10.531883560837258,-10.195071539751373,-9.791447067004826,-9.62950044084997,-9.402771182882844
45.0,2,1.372632444671032,-11.938300791020206,-11.78956003452981,-11.340897839390442,-11.191162939279454,-10.834087206829263,-10.720951525005564
50.0,2,1.2507495615934703,-13.270585350003838,-12.797009945161676,-12.658919443435082,-12.43834456761971,-12.25050239834029,-11.967927557722495
55.0,2,2.8806731787417896,-14.349266677109092,-14.063289873795874,-14.093241863204778,-13.569045040727449,-13.409817837728454,-13.46695689594595
60.0,2,5.135167900398519,-15.599380859951435,-15.278470676462216,-14.97908740190738,-15.219589765868648,-14.6793407537982,-14.764077656752372
0.0,2,0.06703377438350895,-0.2,-0.1,0.0,0.1,0.2,0.3
5.0,2,0.11545420107821311,-0.4656296505665897,-0.38592513959155245,-0.2923247144019457,-0.17816749525239592,-0.056229518623835475,0.009982081654171955
10.0,2,0.24696159944498436,-0.8078864293906295,-0.6052893655262834,-0.5439455896909468,-0.49696888709790626,-0.38079570652277467,-0.20170289533576866
15.0,2,0.2024002653542119,-1.0354904705231378,-0.9673987579065697,-0.8912609730751933,-0.715978898154494,-0.5722859718168362,-0.5224682388702528
20.0,2,0.06216087718336605,-1.3674184620079202,-1.2448847765717466,-1.1239504249853904,-1.0424830978929664,-0.8639230110494889,-0.7305179746211408
25.0,2,0.18412998497048105,-1.6938780972990553,-1.5176677312679783,-1.4116231764189036,-1.3069966715631673,-1.175264482285542,-0.936042025076176
30.0,2,0.6053637497969443,-1.9023516624195034,-1.920406813432087,-1.7793861806125748,-1.488994161611646,-1.3621559849721543,-1.256471817645033
35.0,2,0.7484605780214959,-2.289626829208484,-2.151028976793678,-1.9165830763587735,-1.9074470070248384,-1.709648939452939,-1.4037262286364725
40.0,2,0.2809014259756213,-2.532635673760632,-2.4651062881514325,-2.3057678397622876,-2.08860653226113,-1.944111048703126,-1.7101281116187326
45.0,2,0.7836392129608997,-2.7841899423584007,-2.7492053615076553,-2.6700753448977292,-2.3136124817926276,-2.1699212479185492,-2.0276455525646004
50.0,2,2.0134583086713658,-3.188911213173582,-2.904821515095673,-2.7349507350333186,-2.852080745770325,-2.494905546082794,-2.2072746126660707
55.0,2,1.654246119141614,-3.3020514715707896,-3.267950974478744,-3.252542979299875,-2.936246565292907,-2.6136972288783737,-2.67874958508324
60.0,2,2.1615373418955364,-3.667830841246781,-3.3530613271766847,-3.5410569937661305,-3.2256871510300202,-3.0556246873299044,-2.8762722408365713
0.0,2,0.0001107735733533387,-0.2,-0.1,0.0,0.1,0.2,0.3
5.0,2,0.03203300051628407,-0.25401805419616,-0.18050658216873217,-0.051149900456486166,0.07438505999546623,0.16682329887434896,0.2865494873689636
10.0,2,0.11199014450121582,-0.3261300582024256,-0.23845545095744425,-0.08125710377457737,0.02545064746495118,0.11461799131980677,0.28994059298449193
15.0,2,0.14496669222629938,-0.3661545323654532,-0.3132581225004377,-0.14697067538811748,0.0020523502849508148,0.0984829796558029,0.25209792856545654
20.0,2,0.08940315291364223,-0.4293250667672152,-0.34191387712575666,-0.19619655543765976,-0.053653614183184394,0.06705199648012239,0.22237035470330052
25.0,2,0.09636604693240719,-0.49189367141538043,-0.34766173869005845,-0.24485356141695136,-0.12514414546072675,0.042526587627084986,0.1774430764430422
30.0,2,0.323831317459371,-0.5124059356336329,-0.37481931243003225,-0.328728065467348,-0.1670935380463971,0.05035373889177509,0.08519296919004359
35.0,2,0.5727944405902612,-0.5705654065298769,-0.3526315948889058,-0.35714995631514257,-0.2531350794346728,-0.014050047238530386,0.042115250328929946
40.0,2,0.4364429338022749,-0.5695702031831493,-0.39524112472183814,-0.4012789932232808,-0.294021923600802,-0.07243483094030294,-0.030786448991442276
45.0,2,0.10408755410539053,-0.5383645264922594,-0.48302047544919485,-0.43120023641020233,-0.31051348651363114,-0.16242270244916077,-0.09572878792897761
50.0,2,0.5744731645697311,-0.5556449114544836,-0.5346755454252768,-0.39637805643140606,-0.3622336385401547,-0.3467827139408508,-0.0834520400338493
55.0,2,2.1860333248522217,-0.49316084164772983,-0.6773608463165531,-0.4413225359033136,-0.3349200667565994,-0.4374877765009306,-0.15283152928353705
60.0,2,3.1445539571629646,-0.5167558374416477,-0.7306428750252055,-0.4450608355926768,-0.39286498381596646,-0.5279319995618669,-0.18174375555394456
0.0,2,0.2645244856339721,-0.2,-0.1,0.0,0.1,0.2,0.3
5.0,2,0.22614165750565635,-1.6202545795239247,-1.5150704933692587,-1.3788656675768194,-1.297655910610483,-1.2135074146441522,-1.0583327014635073
10.0,2,0.2389287742571585,-3.05932989618315,-2.9376357125786967,-2.7827881382768123,-2.672307209185712,-2.6151880820525917,-2.400124496099323
15.0,2,0.21312791311554885,-4.475720351269611,-4.413319869212226,-4.210700097444687,-4.034660596636968,-3.9401613346781774,-3.7764980523227574
20.0,2,0.10858008969483039,-5.975628335567435,-5.809210822301934,-5.585488045412916,-5.4689852877135285,-5.307057882844803,-5.08837669491199
25.0,2,0.12285812971396376,-7.437543587255731,-7.216880032723916,-7.0613153895038785,-6.820500125215599,-6.625579782476056,-6.456614918765583
30.0,2,0.5801519058461427,-8.888982158768245,-8.633569032645653,-8.49648384875249,-8.219344548342002,-7.92164941462676,-7.842091599993877
35.0,2,1.3214619808911219,-10.376410795753204,-10.002629350177473,-9.834874928733512,-9.700901846543804,-9.293440136110197,-9.177550312999035
40.0,2,1.1186710943982154,-11.736419343762218,-11.442820918305692,-11.337151741361632,-10.982510892697002,-10.666250612399459,-10.604340628979386
45.0,2,0.4078421055776663,-13.125543514256941,-12.85611264307527,-12.67550388028837,-12.380972911082184,-12.160200604490885,-11.954847351499897
50.0,2,1.4181513141446542,-14.449977608637937,-14.349113358913614,-13.909205001036305,-13.848422834321802,-13.645941556047683,-13.334207312924233
55.0,2,3.5923015807112497,-15.684185220334504,-15.827333520382892,-15.402756316912972,-15.057762251246853,-15.143241188915505,-14.805275941277
60.0,2,5.5794532827514365,-17.107778381278816,-17.075868355880917,-16.722231082028326,-16.496383374485994,-16.760162367995044,-16.141817644588816
0.0,2,0.00039002640340708597,-0.2,-0.1,0.0,0.1,0.2,0.3
5.0,2,0.11765118186343204,-0.06590929727384691,0.025661349549745176,0.06023923865702624,0.1938651684158415,0.24206535613400054,0.3169531425536644
10.0,2,0.23661741943748912,0.03589076681559721,0.14487919130505741,0.21933254386440296,0.18968815234355837,0.2892877280268403,0.3666715337174141
15.0,2,0.273790547522345,0.17850281805123447,0.21961855813114184,0.2668657854132765,0.30072587054181493,0.37398344133658473,0.37892840063525324
20.0,2,0.528123439096435,0.2439569781689693,0.3594663473709714,0.31230639001857535,0.41960926995064696,0.382324403882357,0.4738364427542239
25.0,2,0.3664108554312811,0.3173054774852571,0.39651029240506697,0.48091603568020436,0.42085940953799056,0.4826010819900605,0.5661824930836109
30.0,2,0.6534274046726316,0.4316550976356004,0.37426194317665723,0.5326628883299723,0.5410343514531597,0.6381809752762012,0.6194544923470607
35.0,2,1.194250399301043,0.37960169443225295,0.5601824464890865,0.5319781579786241,0.7094966520714608,0.5939346936061618,0.8349310616775449
40.0,2,0.06572812626514592,0.4432008677597824,0.5159046996094253,0.6607560090254216,0.7377636961453916,0.8013135400993331,0.9240608516522866
45.0,2,2.4954481473544536,0.5201846129848593,0.44311228318332113,0.7966826538550605,0.7448173252109406,1.0651936649218268,0.9858840821721704
50.0,2,3.1099781116983496,0.3735793617068276,0.7790425867713412,0.6794331290588383,0.9943016623244341,0.9415846021874649,1.2608082383157988
55.0,2,1.4203167225170326,0.49787708956567617,0.7190423164228149,0.7071147348804921,1.0991425125547665,1.2129493050892535,1.265498579888242
60.0,2,12.10954303002327,0.6080340034851,0.5669299389590549,1.148157442657542,0.8067085172514302,1.5437401786484135,1.3009294154362174
0.0,2,0.2029927700092367,-0.2,-0.1,0.0,0.1,0.2,0.3
5.0,2,0.11465041624663741,0.9714184806113776,1.0774977518254654,1.1876350503577497,1.3201525780021521,1.42615966463302,1.5487010399280137
10.0,2,0.14581195570637345,2.0911968815345476,2.278490669858795,2.4170780491003043,2.49738063919933,2.629698332716647,2.849284558305933
15.0,2,0.17043943128539857,3.3021792477802294,3.3739617809267757,3.5498080166710055,3.768328871428,3.9435187868409276,4.056896992426428
20.0,2,0.10840335501003279,4.401901732134517,4.591505448567341,4.769474360257089,4.947996470321915,5.142908549822768,5.372471700327587
25.0,2,0.25271444555125033,5.552050132185074,5.772475281666961,5.956569115386557,6.156133371082338,6.386257026568846,6.6343378998992195
30.0,2,0.6834402205856981,6.793925436684454,6.882310428895784,7.095143630602489,7.411163369430912,7.703450763214996,7.80339376331818
35.0,2,0.792812891939981,7.886023297596699,8.192857427535158,8.374456808304556,8.528179872385259,8.814263809924519,9.125170741758444
40.0,2,0.4602300850157696,9.17617500149573,9.343430551596468,9.494915620652913,9.811408016572976,10.070491195606992,10.256096136937376
45.0,2,0.47189971432377814,10.450019276129632,10.523382754688646,10.732987023284643,10.98681935877413,11.2783226381318,11.412550037211464
50.0,2,1.11400221178423,11.606160572290507,11.873511619102118,12.057746441866293,12.083275314748244,12.301549261754246,12.693402443816774
55.0,2,1.443460623614592,13.041170907959383,12.979347633059522,13.081536879296495,13.48114380598478,13.56971888582351,13.69429210681235
60.0,2,0.566386183692895,14.229774387077105,14.292150084459768,14.481234767959084,14.493034186830043,14.653132123596269,14.92944923437172
0.0,2,0.021523557922943887,-0.2,-0.1,0.0,0.1,0.2,0.3
5.0,2,0.05477256435307244,0.9596788690053595,1.037455595635723,1.1103396107778376,1.2310997341595993,1.338994543175186,1.3751654056987945
10.0,2,0.12198141490399543,2.0716949913475116,2.227546741392816,2.2746110629192358,2.3102572500094354,2.422101062937656,2.4992564082983484
15.0,2,0.11367921420998531,3.251736711564348,3.3462086115496,3.37465017187911,3.4628299625676724,3.5589266750885056,3.5638491427082983
20.0,2,0.06979196855403655,4.399006743237081,4.481591395344223,4.520627622178452,4.5839605335630225,4.650598719863533,4.6751500196237235
25.0,2,0.17468883458974954,5.52031965605195,5.6215819626661,5.699933571672436,5.685720040566536,5.710186481325191,5.825927079980301
30.0,2,0.4257569222037255,6.71956792971497,6.667265897681968,6.783577072940276,6.888329922703437,6.853995796585557,6.903665931088813
35.0,2,0.5556119761401396,7.797610135228251,7.818323667469076,7.968301095680454,7.9793718487818355,7.913523001913609,8.092006560094198
40.0,2,0.4225469004876742,8.908544453187137,8.92721157571245,9.09079904570913,9.105512978708179,9.069390904196522,9.220411110106605
45.0,2,0.31700223431396246,10.038085981936923,10.026779716265956,10.129551336589493,10.279868608300504,10.305333538104541,10.294984644875052
50.0,2,0.7775220948783669,11.000937812842968,11.296954147626195,11.301177539726568,11.294231993341182,11.424351905880009,11.509684185107888
55.0,2,1.8869004607659101,12.140723583107905,12.37657095401916,12.324870512852467,12.457327035181576,12.731508922557754,12.54907033525827
60.0,2,2.7037549997250094,13.217067936166986,13.515310628969479,13.428105996387412,13.581644226173214,13.89690739755299,13.693768916179486
0.0,2,0.0002877342906954728,-0.2,-0.1,0.0,0.1,0.2,0.3
5.0,2,0.27563756938290673,-0.5515089219610844,-0.370381568167115,-0.33029449517535325,-0.20964718116965694,-0.17407585019774913,0.012847013012725738
10.0,2,0.39608595371421546,-0.7891458037935011,-0.8048991015418839,-0.6423879661129124,-0.5377847641624581,-0.38357800962291966,-0.388326362082798
15.0,2,0.20190660411897893,-1.1792620429568514,-1.0500679152109698,-0.9086404375400042,-0.9130186877868397,-0.7800454103184536,-0.6381485171615956
20.0,2,0.892010400326174,-1.5019765552395423,-1.3231347524380268,-1.35600969362659,-1.1091034028027351,-1.1447882535216967,-0.9572313570043489
25.0,2,0.5030064383967325,-1.7499801008082432,-1.77211165488438,-1.606645510430721,-1.5038130160461767,-1.329923179036551,-1.352831557085083
30.0,2,1.6267045015335344,-2.1673316778405645,-2.018228249318203,-1.7833408329985476,-1.973169972753367,-1.7165611387936428,-1.5797341502450637
35.0,2,3.5081265733917544,-2.445968284237616,-2.2778758873391225,-2.4431267287203418,-1.9580284070132692,-2.0925066292864325,-1.94392108901084
40.0,2,0.0350002472341379,-2.7631807885327255,-2.679629100566115,-2.571298605834989,-2.4708475966050094,-2.333636984004568,-2.2658949537225124
45.0,2,8.173761180081907,-3.1061892382138905,-3.0825238278366007,-2.598513187650751,-3.079833075134423,-2.5831481954369573,-2.55734150865158
50.0,2,9.88918877224187,-3.3722339071390266,-3.2520204138089523,-3.54644846153629,-2.7644317208459093,-3.0732822022912685,-2.9221933309610244
55.0,2,3.0298667994807236,-3.830133517261571,-3.492276757539396,-3.578035717629926,-3.365461394054051,-3.4923308998549394,-3.095432753900876
60.0,2,37.032214613492805,-3.932096997600052,-4.318493652444435,-3.3276109227943342,-4.253956427076633,-3.3142977414825556,-3.63027630250111
0.0,2,0.27683910336039064,-0.2,-0.1,0.0,0.1,0.2,0.3
5.0,2,0.33145876053096934,0.955641644744181,1.0834616480099928,1.220767567529188,1.2571756223292936,1.3390464622995562,1.5127950324929451
10.0,2,0.3350212835411012,2.1373445742731536,2.216030316852328,2.3539407730456876,2.5003179056827194,2.5332889177792572,2.6968534671771516
15.0,2,0.2176138713786796,3.2652032966735662,3.3601738778837165,3.5465195982246325,3.672811760211186,3.7393870090706356,3.922568390151697
20.0,2,0.17039942529895757,4.360033665757278,4.519302095778037,4.746662020986872,4.819337277206849,4.968116773131065,5.162100076760448
25.0,2,0.21298635816386688,5.490926480741345,5.668746846040752,5.8088324449493784,6.085975069108348,6.242881345173292,6.347077701012732
30.0,2,0.5338952377970221,6.542097467043457,6.884372723216903,7.005473186742242,7.211680846490766,7.464807323890071,7.60489631704759
35.0,2,1.294755892799007,7.68271262689374,7.9993228826223435,8.204948802369161,8.348588120819338,8.75950472127971,8.787138687851911
40.0,2,1.183290700516689,8.852264868839061,9.156326495294335,9.278840092309796,9.646853910494453,9.940480785927239,9.976337666376338
45.0,2,1.0547099943057838,9.964718723884646,10.368882817367371,10.536975416255611,10.807458466550981,10.97229550122718,11.26966087136063
50.0,2,2.0871408083351475,11.310886532545746,11.300956589277137,11.827142911802486,11.971141698156268,12.213571582594419,12.365180459675512
55.0,2,3.263353347978454,12.533229610379475,12.499491982852293,12.993045601541757,13.25689705867232,13.191586341567314,13.583517156443646
60.0,2,7.452686629534075,13.686329726223066,13.8431500059219,14.151814140540429,14.494325794646036,14.133805259472938,14.81723080205744
0.0,2,0.12897847200993395,-0.2,-0.1,0.0,0.1,0.2,0.3
5.0,2,0.1921218040031049,-0.4046989449434792,-0.24153370577123992,-0.1487156316104078,-0.05252392492871551,5.434148419003048e-05,0.1807271049455936
10.0,2,0.16343649424867868,-0.5518193768745471,-0.48731966861387427,-0.3098184071721336,-0.19263388721056973,-0.09318761323768594,0.0013974314607108369
15.0,2,0.10470972529332835,-0.7782608913763169,-0.6545391725294557,-0.45002909684254144,-0.359180425316611,-0.2516475481440176,-0.10641514826318597
20.0,2,0.2662582275134573,-1.0146757444870833,-0.7931273955844353,-0.6610125591695795,-0.46470460538864666,-0.41730856923283355,-0.2159341694336041
25.0,2,0.24312636377355792,-1.1800481357419474,-1.0426952622514523,-0.8289689708492212,-0.6228550972973077,-0.45128042219897513,-0.40760591578131883
30.0,2,0.6962901023278336,-1.44375660289729,-1.1736770071580553,-0.9155621954437594,-0.8656682965519756,-0.5962370946430479,-0.505243368250144
35.0,2,1.1289351019420923,-1.638549323689461,-1.2930002437936898,-1.2254116350783668,-0.8770752849298843,-0.768749481913711,-0.664049356363177
40.0,2,0.6216203770391,-1.7820677032119931,-1.5232606800100377,-1.3391794686648055,-1.0642919966723794,-0.8711541876441676,-0.8535720503889364
45.0,2,2.49595395184926,-1.9665254071307288,-1.7246870942720096,-1.2858611438458831,-1.3924599369798347,-1.0557221847509826,-0.9749610804368748
50.0,2,2.1960447828476357,-2.04742923235896,-1.8616902518880667,-1.7025969792197753,-1.2312990537848127,-1.3451745312348875,-1.1787175597538238
55.0,2,2.3252918516255323,-2.200724261171501,-2.002989870940922,-1.754268613268832,-1.4375308550044466,-1.62850719118054,-1.309577577498083
60.0,2,10.080220122087711,-2.2602019323708693,-2.3451327806134437,-1.5421252696391985,-1.940626342733454,-1.648712590155071,-1.5634902143762928
0.0,2,0.13389022803537912,-0.2,-0.1,0.0,0.1,0.2,0.3
5.0,2,0.26873044350463365,0.09676924326245373,0.18594848326850247,0.3270637678063629,0.4302844033309751,0.5834966830634456,0.6530784637626389
10.0,2,0.34962007847585547,0.4051972056883841,0.5128473878359078,0.6147341273289911,0.8010482229735816,0.9246974754553035,0.9947576697065874
15.0,2,0.37133825799326065,0.7075868261264702,0.8725377817624331,0.9716838154324879,1.1065686090203892,1.2257805049227286,1.3457655962186372
20.0,2,0.3695916471460341,1.1023804536621686,1.1573073258244153,1.3266393317533174,1.4202824115452646,1.5900224845058473,1.609932170686481
25.0,2,0.11526657354596799,1.46011149977711,1.5492787852840961,1.648155161387243,1.7733683575947985,1.8356961866586743,1.9165952317699098
30.0,2,0.31678112551825105,1.8275862933958817,1.9510233972295614,1.9938988081638347,2.1044778097480226,2.067424783772328,2.215435174656531
35.0,2,0.6142678524644414,2.2946980361338984,2.211702157199847,2.394045120270896,2.3768884778875066,2.448944368241498,2.4102091517268245
40.0,2,0.25314694850466474,2.6283228489896526,2.6683728024822004,2.7442645562365175,2.687974299598853,2.6568812291070594,2.72731261954048
45.0,2,1.5545404075961076,2.9871340828258393,3.113223545560877,2.965864509286711,3.112870022463817,2.905907605917164,3.0047696343946417
50.0,2,1.4741852412550278,3.412489162419248,3.3377724565343767,3.425629333616564,3.2881820063788343,3.397442767386047,3.2048947186082044
55.0,2,1.7955851855679406,3.658423450492642,3.7777673916500754,3.814958016990579,3.5339629739927467,3.6725312329416737,3.5854084233698207
60.0,2,6.460233054630515,3.9626628002602273,4.224552407938631,3.7991919132533356,4.201301797272078,3.9066452421362907,3.9253383730713183
0.0,2,0.03415780189468168,-0.2,-0.1,0.0,0.1,0.2,0.3
5.0,2,0.06690871803686714,-1.2596585678704149,-1.141732596276394,-1.0704268965489736,-0.9787868036147658,-0.843916312171214,-0.7674156127914996
10.0,2,0.16592620400692462,-2.2947760540087647,-2.193827313585621,-2.1595981194643725,-2.037820681809774,-1.881927463294445,-1.8559239463835553
15.0,2,0.19500671205690923,-3.358980360032692,-3.211522702793018,-3.2011923385863343,-3.13339746110088,-2.978606728403127,-2.902110776903739
20.0,2,0.08165081041464799,-4.362878357619942,-4.295947175527136,-4.268532748163476,-4.184686526126048,-4.047519013166788,-3.988183336489678
25.0,2,0.09621725753562893,-5.374351600543553,-5.377115526322783,-5.316281721338873,-5.237476899650881,-5.157339277117426,-5.047118921392804
30.0,2,0.5395849677924578,-6.4161797255509745,-6.43156378815956,-6.337697124712722,-6.31017896631934,-6.307699510261113,-6.068301620636005
35.0,2,1.0391349397484828,-7.396209023179422,-7.5566551294638975,-7.420382774737039,-7.336258233416926,-7.358514051925246,-7.165538312190449
40.0,2,0.8639361598405796,-8.474465020295979,-8.57465050930453,-8.458430330494666,-8.44395239001897,-8.442192663152529,-8.201803400919653
45.0,2,0.331720972096574,-9.567997181753924,-9.558368805283042,-9.56680847935843,-9.529278867090245,-9.463190746375375,-9.271787023598588
50.0,2,1.114408608432803,-10.626816879308159,-10.587677616446733,-10.719809894279026,-10.605832150598937,-10.365036254267848,-10.414195097832115
55.0,2,3.7837696841924418,-11.807767954992505,-11.511343429358968,-11.753747485139515,-11.798411936665259,-11.375839554588584,-11.434194321261238
60.0,2,5.209733099712604,-12.86696234496592,-12.571622041950087,-12.924882605307285,-12.795318140371633,-12.363268152963675,-12.5211881857208
0.0,2,0.12176669129163771,-0.2,-0.1,0.0,0.1,0.2,0.3
5.0,2,0.21832099672006228,-0.07587729342116714,0.06477085275434742,0.1322600649579359,0.19679736151695243,0.35278070974114334,0.40217868778546234
10.0,2,0.5184141066375795,0.1006919881479608,0.20861152518532125,0.20317583944115777,0.35890605571054407,0.5188612285008096,0.4555741296835443
15.0,2,0.571815447648854,0.2037209878470183,0.42828498403902004,0.3933333489196745,0.42268421690824987,0.5675604955072483,0.6031471167827951
20.0,2,0.18224409472415284,0.4325522272247953,0.5018344128059103,0.5324506691774645,0.5709713284573251,0.6956801840635207,0.6581527116096486
25.0,2,0.1776690569733798,0.6366435562202667,0.6030727220676366,0.6743672124721399,0.7487810384699299,0.7316505410328267,0.7700368464105438
30.0,2,1.583357809031883,0.7621265571007338,0.7673892523104366,0.8965090399589981,0.8582561247461662,0.6808828690054158,0.9722984568862614
35.0,2,2.9671185011562717,1.0434515226161503,0.7366407461700339,1.01212404461147,1.0495416335815968,0.8746618670488572,0.9939528693145898
40.0,2,2.0988991906494814,1.1062259855873398,0.9608171339977422,1.1812699706533698,1.1237359346498197,0.9406018996018979,1.1706321421871795
45.0,2,0.8611653224698608,1.1367191948547393,1.2518853081209917,1.219435165546926,1.2458504233281436,1.1056427914940141,1.2966605666672064
50.0,2,3.1184926847574452,1.2978196018320174,1.3466503808819927,1.2339301702902534,1.328549628091315,1.5929259528732962,1.2292280993777818
55.0,2,10.760585642088424,1.1604611648447765,1.7496399671157532,1.4407068183026566,1.2216328946366268,1.7663096316407898,1.4632637401406796
60.0,2,15.730924663590462,1.2648318967011378,1.9258523983305031,1.2798082383072893,1.5790927411772726,1.97260542412212,1.5527339013775054
0.0,2,0.08297272199009757,-0.2,-0.1,0.0,0.1,0.2,0.3
5.0,2,0.49271932971558513,-0.6382399765975081,-0.4332764992156615,-0.4098645207441632,-0.28208998189155093,-0.2760828599220992,-0.0699299566696061
10.0,2,0.5006149296018425,-0.9681365315678129,-0.9596595682806818,-0.7750309789722745,-0.7083792362067055,-0.5582697993707937,-0.5494914756829039
15.0,2,0.2607504022572963,-1.4425941008972147,-1.3174795967606105,-1.1382696405745563,-1.1379394760184225,-1.004721652127871,-0.8874469187430719
20.0,2,1.4780194107486166,-1.9070891332036672,-1.648315967612551,-1.6772485024299868,-1.3945215812958183,-1.4712567728829729,-1.2395032227373082
25.0,2,0.609103834226785,-2.2604939245064646,-2.227521552707534,-1.995758490065213,-1.8743678146588447,-1.682754341084478,-1.7065228521803233
30.0,2,2.2425005548856722,-2.7839004061085677,-2.6037030766146407,-2.2503858333208733,-2.4189630109497524,-2.09482839833406,-2.005122044915486
35.0,2,5.167212111575277,-3.229768204929372,-2.8899936448545187,-3.025654225402275,-2.4402140998325144,-2.60191221305874,-2.378844177206432
40.0,2,0.2717823427261137,-3.617884152557039,-3.4449075312233925,-3.2391730792272138,-3.0167432181074756,-2.85351956095999,-2.803642818249219
45.0,2,13.184365224201835,-4.05262532119706,-3.9818514661895468,-3.259971142986577,-3.777785129595475,-3.1402685539055373,-3.172852541490501
50.0,2,13.593581978557006,-4.454015735962511,-4.1340127202668615,-4.371829808432662,-3.4419341811825355,-3.8248284483834105,-3.568217056177078
55.0,2,5.097760997008885,-4.9290609255323865,-4.503814895191089,-4.522567213113541,-4.068508711589598,-4.291160354851882,-3.889209645166953
60.0,2,59.6738285049794,-5.09244738366542,-5.475088858344195,-4.106066673609817,-5.273708819373862,-4.135965421348847,-4.530528384143787
0.0,2,0.09142924045872028,-0.2,-0.1,0.0,0.1,0.2,0.3
5.0,2,0.23671486652183632,-0.558116486219225,-0.5387999036704512,-0.4439011459237603,-0.26608871919564825,-0.22978826101462807,-0.12421788843499616
10.0,2,0.4091789624487723,-0.9574946812420475,-0.9404184132210893,-0.7646554600746945,-0.7599226559647781,-0.6906087631446417,-0.5087248352701763
15.0,2,0.3355417028328458,-1.2961902504772318,-1.3555145717572221,-1.2169546744183253,-1.1403276253104915,-1.1044685968908396,-0.9692814945220204
20.0,2,0.41798368729492774,-1.6850113898892398,-1.6812778329047466,-1.6898085546368748,-1.5282290416676056,-1.5539063168401401,-1.4054164818962267
25.0,2,0.42769555244611096,-2.1005365463316013,-2.023614956172926,-2.011453472539039,-2.0942321921048133,-1.9348228760820771,-1.8399019790630569
30.0,2,1.3411089525736268,-2.4293509684999575,-2.43165883100577,-2.5072252598857783,-2.496251602148941,-2.2309657506139926,-2.3700220145977196
35.0,2,2.901550376699256,-2.913217889560073,-2.6489701207147007,-3.0127648169965955,-2.8688101562161017,-2.757717400339524,-2.7249064473837477
40.0,2,1.711555030512122,-3.280737660517659,-3.134166180240743,-3.318379996654914,-3.389911352632135,-3.119000111365294,-3.145103934258578
45.0,2,2.8932427089564277,-3.5480423338841725,-3.7773487129445567,-3.6783717634296598,-3.789106576009948,-3.4560662713885457,-3.599275982471037
50.0,2,5.155940267608868,-4.085720964367855,-4.036525083478392,-4.181141423022794,-3.993615163967995,-4.278630275062474,-3.73349113468698
55.0,2,7.0482608455498825,-4.352062589275758,-4.748260351825499,-4.528303522913803,-4.354294252790557,-4.644062044693872,-4.143053687545559
60.0,2,20.63327911300449,-4.668979789369469,-5.484305121719064,-4.635669538608099,-5.030565601404274,-4.82895262318352,-4.582476179219326
0.0,2,0.0017114466319594832,-0.2,-0.1,0.0,0.1,0.2,0.3
5.0,2,0.3301201624677287,-1.0668002219790353,-1.0608233781138798,-0.8671202055534386,-0.8416282266589974,-0.6948020675483646,-0.6350830508694623
10.0,2,0.411513959875069,-2.001295665845392,-1.8916445598736258,-1.8331616041201677,-1.6868492339146481,-1.7153349207087696,-1.5042283169837585
15.0,2,0.270075435989125,-2.870779777799832,-2.8308056321308728,-2.7495761911281082,-2.5936674593765425,-2.604269439707584,-2.449672952026573
20.0,2,1.4130700382982582,-3.7532799197979183,-3.802972318448987,-3.5384128039511515,-3.64702502281157,-3.422858286258132,-3.4004802516249324
25.0,2,0.4454756658799557,-4.731370495427209,-4.553866531852753,-4.594197775413223,-4.451704569131812,-4.426635245967222,-4.273511135823706
30.0,2,2.0362224622215774,-5.638397353216674,-5.4231659651593995,-5.619418800681398,-5.293721673396845,-5.298762445753552,-5.224076666131193
35.0,2,5.669152580883349,-6.5267023809699545,-6.4834361891833865,-6.22821323582251,-6.538376509741169,-6.007618212196553,-6.179453527148633
40.0,2,0.640446467367088,-7.483450508703598,-7.279810547959039,-7.341904980437144,-7.242520128730709,-7.051511362220374,-7.0308596777344095
45.0,2,11.495794373744657,-8.416733867021378,-8.095736743062307,-8.5252127189638,-7.830427214714972,-8.168773811906393,-7.859430000839484
50.0,2,13.448705048940619,-9.205689869470477,-9.459932277996524,-8.769902575698145,-9.321413719110929,-8.80826649433609,-8.797366570619213
55.0,2,6.610205631147293,-10.0630127221299,-10.427955078317048,-9.836861628543277,-9.991291529302044,-9.840755116545614,-9.668952583116681
60.0,2,60.84074983521411,-11.183131715148287,-10.809436298222455,-11.489472356918538,-10.129203754259672,-11.351261475852247,-10.332580208276605
0.0,2,0.11186164315474861,-0.2,-0.1,0.0,0.1,0.2,0.3
5.0,2,0.31598999312333176,-0.3902931074792022,-0.2542019655187641,-0.12824586321578677,-0.09372238658568706,-0.0009676259785141327,0.16945310392231866
10.0,2,0.7809926805047223,-0.43911919584194814,-0.5212084539964057,-0.3908115994005035,-0.15462045259483925,-0.0862639562783365,-0.10393203159926004
15.0,2,0.6131047962128463,-0.7044230890290238,-0.5442546206803425,-0.43120172316944916,-0.44555519678314476,-0.39991062005002304,-0.16858828485495794
20.0,2,0.03902518424570667,-0.7729745368943169,-0.7470721262874941,-0.6504716060515503,-0.5701885182938189,-0.508725030084812,-0.44247956181057374
25.0,2,0.5985060433514195,-0.8557693245119772,-0.9155513187781218,-0.873578664545282,-0.7031312352152864,-0.6276596050863739,-0.7141990761411371
30.0,2,1.9677036694605772,-1.169999125826698,-0.8447047494965958,-0.8855865842082716,-1.0516425234346791,-0.9770308210734852,-0.7589032650940527
35.0,2,1.6849876802601556,-1.106145627830172,-1.1796347635301194,-1.2376753731581367,-1.0507876760761683,-0.9392159773152012,-1.1723854960795945
40.0,2,0.41843085209978464,-1.3416093316865185,-1.2420638369580133,-1.2903402445377725,-1.325476211802615,-1.2216489606871566,-1.2626841731728984
45.0,2,1.9807379352383654,-1.590531643936865,-1.3142774198590206,-1.3639702036727592,-1.5479911917984999,-1.5566617900262076,-1.308368354407186
50.0,2,5.236002973460687,-1.4401425909837362,-1.8486385628472954,-1.7710407581489203,-1.4133601130109499,-1.4768431015927963,-1.7297533219724714
55.0,2,4.709701880368824,-1.9154137353016623,-1.7891184375251876,-1.5596586433974282,-1.8981774401382503,-1.988773564163314,-1.5266144728859379
60.0,2,2.1443599005427973,-1.9777697417644826,-2.1053417987214598,-1.9276956433415522,-1.8398991026258062,-2.0521243714974253,-1.7729034803166037
0.0,2,0.014036893863555255,-0.2,-0.1,0.0,0.1,0.2,0.3
5.0,2,0.10389470123854924,-0.9520082779833563,-0.9279921525226795,-0.8494962465430234,-0.7096120421454047,-0.6350418941791842,-0.5878244222306289
10.0,2,0.24891766292221243,-1.7914752913376228,-1.6715559238880626,-1.5981710871835664,-1.6216833592010664,-1.5533605898828817,-1.3877038197153808
15.0,2,0.199659143080487,-2.5136530856737673,-2.5342715979339574,-2.487884548470928,-2.396809272229636,-2.3462568667625514,-2.3070497357420297
20.0,2,0.1692168873457663,-3.333402839019431,-3.31193659749557,-3.305629604297172,-3.249755054529115,-3.2141368745983665,-3.133039172477491
25.0,2,0.4898531042380047,-4.193782417266311,-4.081975668358169,-4.076374141399125,-4.155206176846492,-4.079914406101247,-3.9226223680501047
30.0,2,0.7956195827273667,-4.919755297971365,-5.007461200938128,-5.0215360382842595,-4.888450243078404,-4.786674725272196,-4.847972708081369
35.0,2,0.5237458265789459,-5.873157426285624,-5.724465627923455,-5.786103894442661,-5.79872522159819,-5.709383944103697,-5.541989134876389
40.0,2,0.23372736007344885,-6.695314662367137,-6.6222748167942065,-6.6325903724951845,-6.617370490377874,-6.470468275921072,-6.357781666878827
45.0,2,1.061809108830045,-7.459809289571925,-7.597085523159262,-7.544275286036996,-7.35784231778,-7.179602787241338,-7.21916011664899
50.0,2,1.878525738709226,-8.504354729581936,-8.272224457619625,-8.253324805809669,-8.290635605881178,-8.207415875664726,-7.791794881485612
55.0,2,1.1017640129576836,-9.189072143305815,-9.336333824439823,-9.223403910723329,-8.961626123786989,-8.845402062414323,-8.725887326976748
60.0,2,1.244025795776261,-10.059157772053812,-10.205755485732347,-9.971438038772266,-9.86767394008464,-9.648817741145104,-9.4908574494632
0.0,2,0.2284552689661527,-0.2,-0.1,0.0,0.1,0.2,0.3
5.0,2,0.32224509331709594,0.6772678675827881,0.8169962791494627,0.9221652779457183,0.9446768544483127,1.0513335676120703,1.1925905237501675
10.0,2,0.3064856403637274,1.579800270180739,1.6867592852903308,1.7496337947643903,1.883883408406633,1.9499021415261353,2.060081840808821
15.0,2,0.1705666605674599,2.4291365924595323,2.554866601217303,2.6504810502115186,2.7495566026291596,2.850135843685075,2.980914421262965
20.0,2,0.21506193612768226,3.258693692276153,3.403180290894554,3.5676594609496943,3.598763065434156,3.7701783242953635,3.9216466481041388
25.0,2,0.1843658360811665,4.11739442997082,4.235178420448888,4.343592187464187,4.589107646616617,4.706551007680954,4.83332816026109
30.0,2,0.14113441138672234,4.892675755521364,5.119110649825649,5.258489983090366,5.44041797831812,5.590994965738696,5.8284928904368805
35.0,2,0.5491042419422212,5.755974643917797,5.887796333999236,6.181765725581075,6.28332926120734,6.590674228892744,6.735672399821413
40.0,2,0.4407901445318793,6.606106091573727,6.759965012882517,6.944622259417132,7.286693144699513,7.486841628859705,7.6560148264756105
45.0,2,1.2678616458992922,7.377382430535768,7.729879295245267,7.85043739817118,8.147187560976336,8.285225718930826,8.655160930537372
50.0,2,1.9420152608078602,8.377902328692086,8.415830376959672,8.819857361241887,8.94421828936047,9.367544401667773,9.424950946963472
55.0,2,0.2934142115330466,9.235146257086713,9.406399013431008,9.643412621407695,9.88730107517684,10.145246818757558,10.337828289513963
60.0,2,4.5574777187509055,10.060571942095931,10.506414714566528,10.425474319424918,10.872108400027848,10.81354620901351,11.282248860733466
0.0,2,0.0464715834372015,-0.2,-0.1,0.0,0.1,0.2,0.3
5.0,2,0.1949049335533859,-1.2208243805821009,-1.0751293300157487,-1.0544834142559256,-0.9345540425857515,-0.8663196989006701,-0.7576455689918177
10.0,2,0.2799966317459648,-2.2317564207979914,-2.1129772144959413,-2.0477115972508932,-2.0291496964201277,-1.8735126163757856,-1.8228053253232648
15.0,2,0.28933614792214973,-3.2509498128092478,-3.151640860498981,-3.1020937640493464,-3.053337691137485,-2.899447491293431,-2.8693996862075153
20.0,2,0.5059664441228501,-4.3211477936025995,-4.1469936556969955,-4.186683932674972,-4.0320667523218505,-4.000091980348663,-3.8488416266829972
25.0,2,0.16106829312683946,-5.338638220287055,-5.290690887256039,-5.157091855231633,-5.110157836270513,-4.9827348959335165,-4.865468481681345
30.0,2,0.7467597784010548,-6.377684930781231,-6.418509608506421,-6.160811732186578,-6.149601345808795,-5.992393481100243,-5.854737513608795
35.0,2,1.7842177657549994,-7.502008621647913,-7.383006020949703,-7.325682197678191,-7.039633900140936,-7.142082350256464,-6.770281956650853
40.0,2,0.5110883768454582,-8.5344361619486,-8.532956689227014,-8.316144842894579,-8.133918839054767,-8.046494997740721,-7.807699951790393
45.0,2,3.250841503320107,-9.602888047141205,-9.64210360538175,-9.23110321258193,-9.342529890489358,-8.91357523785725,-8.848407924536469
50.0,2,3.5993236899349474,-10.785866868252388,-10.40278166872338,-10.587257150661499,-10.139142095302631,-10.06984216868232,-9.804674401697618
55.0,2,3.6877860502287967,-11.819272293964325,-11.439366139740716,-11.65060632074564,-11.22656474811056,-10.95287401676934,-10.909837269321207
60.0,2,18.045332908846127,-12.789866218682223,-12.694796304794723,-12.257391319350088,-12.724037062613391,-11.708316441415857,-12.033069877127383
0.0,2,0.12426925442413742,-0.2,-0.1,0.0,0.1,0.2,0.3
5.0,2,0.2642611297910875,-0.23912773282269065,-0.1414270981954207,-0.04615263886315844,0.0011240069961557147,0.07218556135387869,0.1763570207989123
10.0,2,0.39889741900085307,-0.3001521855744784,-0.18727199327441957,-0.11974924086853182,-0.06998172094638004,-0.049908517568424855,0.07298189676759047
15.0,2,0.4356853311836454,-0.3570231891674735,-0.28987143467074994,-0.2036303376041031,-0.13346752860853545,-0.10815540882655306,-0.038974743319544335
20.0,2,0.38241573777033877,-0.48678185629950776,-0.36630085594255307,-0.24549574213957218,-0.2439095219385915,-0.18118550319612964,-0.08449004341292411
25.0,2,0.22718074982339134,-0.616969814137839,-0.4622171639446724,-0.37828709847894565,-0.26833785683190625,-0.2237248179836222,-0.13566765228459673
30.0,2,0.1583996588689788,-0.7623666701008767,-0.5895212790740628,-0.48155493250585546,-0.32391804692885373,-0.23083741515087558,-0.17404694063335133
35.0,2,0.3673510349741133,-0.9499206843720587,-0.7123246605379383,-0.503817755442748,-0.4561226183797912,-0.2508976399473667,-0.1662028064462578
40.0,2,0.33616649971846135,-1.081414305863156,-0.8561032666307461,-0.6826278795460384,-0.42104412989262685,-0.2716771817484647,-0.20346028217740178
45.0,2,0.5871263455929312,-1.2492684447994162,-0.9643736135236347,-0.7645198879249665,-0.4691290727334522,-0.35630119907743,-0.18977570853179948
50.0,2,1.2386943092128417,-1.3593327422663768,-1.1538089456014187,-0.7234513230110621,-0.6301712455237759,-0.38125901207714763,-0.22238553884314124
55.0,2,1.1817432409630109,-1.4072324994105945,-1.2865259834034153,-0.9058826310979451,-0.5693037640112808,-0.4619663586430236,-0.3165384514888695
60.0,2,2.493888460963933,-1.5629397513949603,-1.2355425072400148,-0.9974490444487547,-0.6173364597736237,-0.6932799713668166,-0.3179428345631617
0.0,2,0.0825090332956739,-0.2,-0.1,0.0,0.1,0.2,0.3
5.0,2,0.5822947692835789,0.1939423363633801,0.42794944431719356,0.42048632049929213,0.5438683580876599,0.5743475670987421,0.7813426000636136
10.0,2,0.6609414946236221,0.720916608538663,0.7348794662475723,0.8733888595559741,0.9560969417296132,1.1669571604493978,1.1316342163385198
15.0,2,0.35545627769144433,1.0769468304299654,1.236858326666662,1.3572363222857151,1.3443445981153834,1.5495034981701687,1.6609203036217206
20.0,2,1.6540557829242486,1.4732336500235237,1.7332669042905078,1.6435632204227442,1.9417013554217248,1.913515358247267,2.1624660173137222
25.0,2,0.7833983575483153,1.9980997048061804,1.9512506657792175,2.170378253454471,2.309853787793879,2.532657886430046,2.5474428338855613
30.0,2,2.827527154979286,2.320466612109029,2.4071104327774804,2.7933431154561026,2.5858904209141573,2.905374436819063,3.1394347405034284
35.0,2,6.157630594201384,2.7610641823232815,2.9294706594132434,2.818566390969746,3.450631188178431,3.2294717629688954,3.604352201155598
40.0,2,0.4682099670684355,3.217974810696436,3.226874902660479,3.4557843118812346,3.680483413867082,3.824450261988016,4.029925310345838
45.0,2,15.020945029760426,3.6005069336028606,3.587600937489461,4.280286229008877,3.6933138613530443,4.4160919244436165,4.49962975197111
50.0,2,16.03179601039435,4.047533135855031,4.339292656001372,3.8883887765842533,4.900247899502621,4.662278686577319,4.881625109778246
55.0,2,6.874383834138909,4.348533093163275,4.922654545307771,4.58590590680785,5.019474007349763,5.074744507731891,5.4099908303680895
60.0,2,68.63829785550978,5.04610888396515,4.776284129863907,5.857864199616989,4.600204371150531,6.146885398644022,5.575892533917944
0.0,2,0.08209656557432848,-0.2,-0.1,0.0,0.1,0.2,0.3
5.0,2,0.06856684338543087,-0.9681907833290744,-0.8327146803011665,-0.721433319078752,-0.6155853338505584,-0.4578807403403527,-0.380605908396382
10.0,2,0.1810509600195166,-1.7698034894128254,-1.5320645091374236,-1.4535095230286414,-1.3176580956555695,-1.1535677736259384,-1.0262181397322045
15.0,2,0.24518226327438927,-2.503474332768142,-2.3196250688977846,-2.203392991813178,-1.9892461047375538,-1.7852283613898121,-1.7282654362824037
20.0,2,0.2674604927785966,-3.276744418545575,-3.0729342626486216,-2.862914411133511,-2.7312831210565744,-2.4899667578102544,-2.371800089990598
25.0,2,0.3062393198757756,-4.017243562248088,-3.8144336859271504,-3.601219349825269,-3.375384798785193,-3.244035683507884,-3.029736746187839
30.0,2,0.8020335617688916,-4.690656102282256,-4.611016740639797,-4.330264076249798,-4.02160116242937,-3.9567927391365267,-3.7481337710400906
35.0,2,1.5088098111190236,-5.423015188235314,-5.3367129999444165,-4.901855404138322,-4.839567567804075,-4.711634612969933,-4.422089583982129
40.0,2,0.8802798304569872,-6.08825493250263,-6.017817532747168,-5.709467968043923,-5.458573477648475,-5.4370947863570285,-5.200077425071246
45.0,2,0.7104697703277096,-6.796006244032982,-6.609157990328212,-6.483732388338694,-6.159511991098818,-6.155699015795637,-5.983589258072411
50.0,2,1.9842009759713377,-7.5257133130796054,-7.2266893021194125,-7.024419633173056,-7.131175905363962,-6.7748064635717995,-6.781303035655363
55.0,2,3.718547623953184,-8.153297217796414,-7.846546504822888,-7.91992389136683,-7.747105288225014,-7.39489127296779,-7.678754243080636
60.0,2,8.109221240588997,-8.94109013814944,-8.29919175858385,-8.724870480053134,-8.398158341911204,-8.295031849993055,-8.358586614865148
0.0,2,0.048216268072472535,-0.2,-0.1,0.0,0.1,0.2,0.3
5.0,2,0.27224202541679043,0.32763320180358074,0.44692624540556974,0.48381557798855324,0.6859820656443282,0.7298652124131082,0.8280559385627708
10.0,2,0.37751166474011716,0.8054403437877997,0.9807392257381935,1.1365364964080995,1.1044325232165106,1.2716509738482131,1.4057569206370062
15.0,2,0.26473280068664595,1.3798339697207456,1.4385163159284664,1.5923533591330254,1.7237354560542908,1.8829781155896106,1.889417509027574
20.0,2,0.8428989000642243,1.8224791744117625,2.0590077210064783,2.066397802231448,2.3306228026948914,2.321164390263841,2.5094410766631894
25.0,2,0.37855875586713744,2.3322174649482297,2.511892341562469,2.7393503741624703,2.744108872903628,2.9168815289579975,3.0669406265546977
30.0,2,1.6522680389798765,2.948286940652827,2.890157494850874,3.233729580097604,3.33832848163424,3.5835198309113103,3.5196471227605324
35.0,2,3.4099080620726117,3.2937034450959852,3.6764492485103104,3.660359512437916,3.9965550773964114,3.8498660890923175,4.239014320192364
40.0,2,0.1750464748384906,3.907047170770755,4.0464337492206415,4.279680618575146,4.45206931837281,4.552384613429466,4.680610464174402
45.0,2,7.729453023245297,4.53904501989384,4.3876928552361125,4.973620997600521,4.819662238362425,5.309575119446315,5.09090794582193
50.0,2,8.771461035471175,4.795463141525024,5.429359153908134,5.221503295332787,5.622877102363355,5.386044193992318,5.867535531057424
55.0,2,3.9767835344865476,5.535199703018902,5.7611170666230045,5.659743492125881,6.235298236523166,6.17153459061483,6.162167571091257
60.0,2,34.75476659876968,6.166817450906801,5.961841055865507,6.893484395615517,6.066186963939309,7.057755543121805,6.581253492365962
0.0,2,0.04944150222760567,-0.2,-0.1,0.0,0.1,0.2,0.3
5.0,2,0.07002430158877924,-1.6067493448502774,-1.4596649181032944,-1.3922400776267863,-1.2891317423282942,-1.1760207932639766,-1.0744764846813017
10.0,2,0.11442654750077255,-3.0072939897070845,-2.849387365319542,-2.7773342925668274,-2.6834810574613024,-2.525856725236893,-2.453213291416217
15.0,2,0.12507569802006943,-4.4055352638810215,-4.254373533567339,-4.173239208481553,-4.0564833113962,-3.8815161674945933,-3.8237025977411023
20.0,2,0.06344255972655329,-5.825464883262209,-5.64360806841016,-5.56040036411383,-5.421308368399469,-5.28678154828421,-5.155570210945888
25.0,2,0.03417697980119009,-7.203108586530552,-7.099078561739417,-6.932454171436901,-6.784887711692574,-6.658526798527704,-6.513360974342564
30.0,2,0.35534305678929506,-8.588280182660395,-8.543962755230673,-8.287666402715576,-8.159307778699619,-8.052866489958268,-7.857616555859168
35.0,2,0.7481208914333313,-9.998254845538003,-9.922415481536044,-9.687484232590425,-9.501680329854786,-9.48852406983757,-9.18962456662074
40.0,2,0.5786810820700088,-11.365874338782566,-11.335321143300174,-11.084793240068267,-10.878810958606545,-10.825228368708805,-10.59623883736519
45.0,2,0.3195473311131778,-12.777457228386396,-12.67968250899317,-12.427518379733044,-12.352645454118429,-12.146230162055296,-12.001016514399073
50.0,2,0.6636130117572571,-14.204725929955764,-13.922118884184385,-13.916950124769631,-13.711726368641509,-13.50523861946454,-13.422073681523512
55.0,2,2.690026193064154,-15.5848891875078,-15.22591140593907,-15.36312189694709,-15.112618038634226,-14.805771166342977,-14.888805274022102
60.0,2,4.623273519628183,-16.96232882173425,-16.60265884807558,-16.603419212915178,-16.670175433736233,-16.13174176446064,-16.30907624932533
0.0,2,0.5392446278801939,-0.2,-0.1,0.0,0.1,0.2,0.3
5.0,2,0.44382560749520705,0.2940673218569278,0.49156845511792335,0.5720500119079885,0.6308889703516218,0.7718611896474616,0.9179929896433476
10.0,2,0.3267759439874031,0.8105187011017833,1.016839765399895,1.0784229069363622,1.229326773661759,1.4052709269170836,1.5164788030336593
15.0,2,0.22215522695236345,1.3090125028162514,1.5078205383650938,1.6217485835820982,1.8032868795635406,2.0471144091111375,2.1463039021376895
20.0,2,0.18130559133605656,1.7588162049398506,2.025362883608039,2.2093453026741634,2.3533446410044365,2.6208847651339306,2.8459619567406436
25.0,2,0.3358812081535967,2.302110800922719,2.4572950592506255,2.6892887363249685,3.0308103296561826,3.240149717578932,3.4724900488928636
30.0,2,0.8480433626059736,2.7953633771166735,2.9397911139355526,3.302262869805509,3.5824063256296523,3.794126619125041,4.156623325539114
35.0,2,1.7306543114843453,3.3198246831129623,3.4408748157049,3.9033036978639433,4.1304579038420375,4.3603097024157655,4.794231766737236
40.0,2,1.841792339980989,3.918961299895862,3.9773617338124225,4.33664620985892,4.806720532252282,4.970178759365962,5.317562973016657
45.0,2,0.8955912568886496,4.398732202183824,4.687754606308418,4.9702063733198925,5.231327079627253,5.509443809248394,5.90839637603962
50.0,2,1.6050386317592722,5.033128415653606,5.297207765673872,5.516220053033116,5.704675894649927,6.228024100656129,6.305033155586113
55.0,2,4.272308621489741,5.638917214824827,6.054597474940791,5.923390803377221,6.319202005775721,6.795136147364617,6.731474677494859
60.0,2,6.677454698733371,6.167852584711799,6.850326997013821,6.585587865417346,6.739790744294206,7.203260648907198,7.29432842195907
0.0,2,0.13699216468357756,-0.2,-0.1,0.0,0.1,0.2,0.3
5.0,2,0.10096838771844363,0.9613948367413194,1.063339553730563,1.1535669839028657,1.2276621255648392,1.3275132301174641,1.4220733617702879
10.0,2,0.15167890270107307,2.1789957117307397,2.1936894221647565,2.2651612743875584,2.3975345823934116,2.487294123559586,2.4884250694186387
15.0,2,0.14163303856718035,3.3059229448558836,3.4317111758918264,3.4706125330208017,3.4754045493429024,3.535471618593563,3.647527453777118
20.0,2,0.03690788348880376,4.539125320258646,4.56132345436122,4.589325391039937,4.643073803510888,4.6857467766506025,4.703605621488146
25.0,2,0.1439703118662638,5.7388681584241485,5.715269627868955,5.741396874570167,5.780359793683197,5.805588485645585,5.796267518944792
30.0,2,0.4925277301789737,6.846350252991414,6.951856440746664,6.9509760012282475,6.86120818193789,6.840550751868841,6.982358922191103
35.0,2,0.5575334644764837,8.105440300735616,8.00485216258341,8.00716771510405,8.093083052578846,8.063786296315255,8.01452111547431
40.0,2,0.2649596114223969,9.188132431298094,9.19976362614618,9.228475353185061,9.153843335016536,9.157131573156187,9.217054415816742
45.0,2,0.3541118274664713,10.280058241364621,10.375114079909116,10.360880891645802,10.295704385813174,10.285744872273986,10.402448355439274
50.0,2,1.0447945958854419,11.49480344160573,11.395016022990282,11.363496915162678,11.56149062321109,11.581723644283242,11.45897027102025
55.0,2,1.0912788287348651,12.43760600990029,12.644901207821222,12.681050449613517,12.512747405141345,12.64718218201077,12.787563755613451
60.0,2,0.20280912317809335,13.614628188333846,13.678522491490131,13.678172925516883,13.793795269935211,13.910560189970766,13.8909220366811
0.0,2,0.06121137390068807,-0.2,-0.1,0.0,0.1,0.2,0.3
5.0,2,0.33177372914404535,0.2652524778987182,0.37141458241875214,0.51735096520662,0.5004502787697741,0.6609266144791686,0.7385343259030361
10.0,2,0.38368842419871696,0.7278009027798737,0.8755492534471685,0.8792782709930577,1.0580111129823895,1.0873037312733356,1.179915217876301
15.0,2,0.19910429484148365,1.1654976064702618,1.3335477659702544,1.3731794369084867,1.4892752742716566,1.5498556119689433,1.6504320384385684
20.0,2,1.1410895631767437,1.6259993617321251,1.7003830075254858,1.9454925838452553,1.8507183964147753,2.087578332603858,2.105545296582691
25.0,2,0.4490366897816851,2.0498007832392484,2.1899556253244765,2.2480597265629436,2.490100601731505,2.4871090510644533,2.604620435457652
30.0,2,1.2578515805481185,2.426157151678833,2.6692994698357397,2.710202475045499,2.973052410400166,2.8911960184001164,3.153667942696027
35.0,2,4.092860600536592,2.934796783498608,2.88321732773265,3.3928150435061717,3.229726857308832,3.5725723727160927,3.5643763279701117
40.0,2,0.33635457731152696,3.312853795768824,3.440677866697589,3.6507558351856604,3.895750342671923,3.9408753562525662,4.090520760832001
45.0,2,8.696670850669355,3.6209432864500144,4.108502255435656,3.9289688527674422,4.521276371259124,4.2386118262437344,4.667060609928612
50.0,2,11.086048117159434,4.23706839053486,4.166362715728392,4.80898687696427,4.529310906679818,5.176506595032996,4.921056961820286
55.0,2,2.788375727821464,4.597669104991773,4.809963855830791,5.137384410411488,5.088772730119039,5.527300089667955,5.432131500415621
60.0,2,44.373416547006585,4.8646918040213185,5.796258407743898,4.9686289040428075,6.167452021167522,5.488920328748742,6.0611994703882965
0.0,2,0.12566327156688784,-0.2,-0.1,0.0,0.1,0.2,0.3
5.0,2,0.19157778455206165,0.8049557813676395,0.9273920527089885,0.9716082779933833,1.0942652987298886,1.1429747452329804,1.2761280794215157
10.0,2,0.27952466952931837,1.891717127692271,1.8576879773260975,1.975698365970284,2.0550786004042827,2.1833098284463874,2.1711565710694676
15.0,2,0.1791501196510603,2.8623795415708546,2.949260458828526,3.015136244902044,2.979068859793862,3.063807015483885,3.182320585783994
20.0,2,0.5740031846260234,3.9212335784822545,3.980891877031659,3.895080276306915,4.060752650277433,4.0065549506674145,4.104783609051921
25.0,2,0.3986096989358551,4.990006505951568,4.916162188193414,4.968239024055241,4.947600208349218,5.047896005977777,5.016717244744792
30.0,2,1.067266380943138,5.940890805774814,5.984277395460322,6.0497015800140295,5.825399025776311,5.957211411716239,6.046465193984732
35.0,2,2.594649266693094,6.998303413052665,7.007198202362189,6.761002368163917,7.074081535885526,6.91000786254516,6.970676266171382
40.0,2,0.35108664067749823,7.956946257504745,7.952968331831174,7.94086696195649,7.85649608372772,7.935554502592403,7.995761746022692
45.0,2,4.394296076751618,8.936688973787392,8.84273998023021,9.084640653590855,8.678229799657931,9.011351948183446,9.002266763639682
50.0,2,6.826414344529101,9.921364259045502,9.929444708305958,9.578005837900731,10.153191999221823,9.885855533705184,10.005380016364635
55.0,2,1.7954127132735782,10.735428556307934,10.945320548554044,10.838156959208865,10.862218045937981,10.831384509020692,11.178057970968757
60.0,2,21.33733368202379,11.889780025041086,11.4682518325897,12.15229952942691,11.515172048297334,12.276570828027888,12.005816562069771
0.0,2,0.44347790664682396,-0.2,-0.1,0.0,0.1,0.2,0.3
5.0,2,0.32672489186196924,0.0428638949815986,0.1486262878486523,0.3176206165361412,0.38544643332724043,0.5007879911776337,0.646944913464089
10.0,2,0.31127141893419,0.24295751489402972,0.4250567919706026,0.5796103906531608,0.7252580212656016,0.7777641920148071,1.0339333638725057
15.0,2,0.24928809802280655,0.5026270211877472,0.5946358378020463,0.8253806591168417,1.0710783574843858,1.1833311825364572,1.3498173538785763
20.0,2,0.4282112583199954,0.659365528413446,0.8556828885152217,1.1865427059177724,1.2846189445051417,1.5323313814853148,1.7506191005045126
25.0,2,0.4434209085413996,0.8540558535305646,1.1553804897014583,1.351624117803742,1.6778170354100483,1.876408559893927,2.0961646303370296
30.0,2,1.1031801239997383,1.0962584317529758,1.4088971111553608,1.5790083894749845,2.0028148029759683,2.27904619831357,2.387715890339249
35.0,2,2.708710761611901,1.2928389306297288,1.6940675558067086,2.049350520278409,2.0979172650559694,2.6241398242328775,2.7377168653437227
40.0,2,1.4871764545901247,1.6359488340186434,1.9802824587796033,2.153094349303856,2.592782173450712,2.901694042072295,2.9745192410576347
45.0,2,2.1857587419218847,1.9348344291420532,2.328193780796517,2.4375994879373617,2.9500028522485744,3.030699797026639,3.299280888866853
50.0,2,4.6851846324810325,2.3380091775727343,2.452919690231991,3.10760666724059,2.9541114530092756,3.3169960322329,3.553258353065692
55.0,2,3.6833152442665367,2.8474353659139817,2.6899365902674903,3.2030356806975098,3.530487200368099,3.493970581090998,3.700326092350367
60.0,2,14.525190036113058,3.0417157451402383,3.352032865433475,3.391602622414844,3.961895118811606,3.3473014238647254,4.112933872358802
0.0,2,0.5456853431648555,-0.2,-0.1,0.0,0.1,0.2,0.3
5.0,2,0.47947323059753544,0.3094526134972825,0.4468862008569096,0.5411093006198122,0.6248273989580118,0.7187722200606067,0.8535669392482296
10.0,2,0.40303812339313777,0.7814835956783882,0.9791037604234639,1.0816776234581857,1.150406614613963,1.252112871424068,1.4444448808836463
15.0,2,0.3056071242987668,1.3085074395786696,1.4028796022313117,1.5573006427882643,1.7413489390667152,1.8933495828023166,1.9804578132553095
20.0,2,0.1023517894121786,1.7018687206343461,1.9368962296698728,2.1217499111907596,2.2440268191328583,2.4234694872514533,2.6504475250841937
25.0,2,0.06205209873336765,2.1630916782249323,2.3951706146959335,2.595202937036639,2.8382211732211715,3.028485072295828,3.252901890729848
30.0,2,0.4185738515154081,2.658426962580811,2.8092183147019187,3.0902273783995517,3.411063782625369,3.6774166171057936,3.8213349840317927
35.0,2,0.9011859978068386,3.0344229190656584,3.3809715155229068,3.6991130808729804,3.8697460526655556,4.169292505478608,4.508756639080446
40.0,2,0.9665419342631603,3.6070721534432337,3.8218401631257253,4.090707281984881,4.54486697687063,4.793721971917157,4.998708838585343
45.0,2,0.6943760744652081,4.111221473117197,4.354435012445442,4.685612044814086,5.015519370161261,5.328605225040368,5.556138933589499
50.0,2,1.3178717477887725,4.60627641805041,4.9600201906549986,5.325736155411116,5.440002768676376,5.79215211366943,6.12195908594644
55.0,2,1.7829410266573333,5.325497518708347,5.449568355750279,5.639906704814357,6.190295171622296,6.371661485804242,6.4638321689501375
60.0,2,0.6069615151571608,5.805116387958794,6.165408395576639,6.378578511501922,6.517114653616809,6.7223329454610266,7.0468251847753915
0.0,2,0.0992487286037377,-0.2,-0.1,0.0,0.1,0.2,0.3
5.0,2,0.20495490790957027,0.057739386647429086,0.16850981676316748,0.3262512280058174,0.3670136643167854,0.447918713822557,0.6317908762456427
10.0,2,0.36948526104143903,0.36061749234838625,0.38664930391259383,0.552747962242727,0.7308050692348872,0.7525728175354376,0.9150547263287825
15.0,2,0.3164559373286835,0.582489810950674,0.6655900716603698,0.8705946813764693,0.9861027602183629,1.031084306088727,1.2618094271096287
20.0,2,0.1882615469857173,0.8194971343789992,0.9286495132650079,1.1610544789132056,1.2411246373323375,1.3811195622917372,1.565449417024389
25.0,2,0.2841177885048889,1.0735779055679713,1.219849763494638,1.3273502816226375,1.5935490001210935,1.756785266898447,1.825006211302358
30.0,2,1.0759337414767907,1.2280646166742692,1.6091745255648335,1.6386446888723851,1.7911888850173678,2.054062865421955,2.1742065332577956
35.0,2,2.127243916775899,1.5369974478536044,1.8217698544199423,1.9134940839565115,2.04594502398389,2.4867935859008714,2.389565804495228
40.0,2,1.5582079227322594,1.8122863208775202,2.123270508711644,2.1349633169226165,2.407063765274758,2.7246071549456565,2.6915984196793104
45.0,2,1.1163090603072539,2.0578957049337983,2.438192873864391,2.4960913940147282,2.6976700449559585,2.8105322003463153,3.0926309540977983
50.0,2,2.8649231317397494,2.578112835785687,2.3928185631655268,2.8833810525518544,3.0144853175231736,3.151698693710978,3.271740395277262
55.0,2,6.739601477975407,2.8679612866441615,2.69422752581045,3.252459518109682,3.3469120520472173,3.1508158276128957,3.6790843335915824
60.0,2,13.023174845558898,3.1568203917451867,3.0894543882976495,3.4395971790587963,3.7801077147423703,3.217832312921552,4.006872242851808
0.0,2,0.0013727158595197967,-0.2,-0.1,0.0,0.1,0.2,0.3
5.0,2,0.2574679528294028,-0.52592125650067,-0.36548023662522977,-0.2870380409239318,-0.29688582238710737,-0.13475134693406038,-0.04960283540811212
10.0,2,0.6204630206538622,-0.7815903710109003,-0.6827838416231063,-0.7252752985778398,-0.5396607010531564,-0.4244284292891095,-0.4656204360041237
15.0,2,0.570942185733767,-1.1555624602969845,-0.9291889145657412,-0.9760056550015327,-0.9519850142270776,-0.8217538811291522,-0.7445426911168742
20.0,2,0.5086353440543537,-1.4197541238288836,-1.3436799391383474,-1.2590136809210553,-1.302888268995432,-1.1099930760382233,-1.1033890661945551
25.0,2,0.5232412283605067,-1.695525264736469,-1.72454537999742,-1.6800260478290083,-1.4875585417874821,-1.488873464730685,-1.4218689948145709
30.0,2,1.8771902505056146,-2.1201628060594166,-2.004905673048908,-1.8998050462382692,-1.8631837424954452,-1.989186226611425,-1.5808337382213324
35.0,2,3.3320042821159483,-2.3077057478063723,-2.60261375071618,-2.1915052718166637,-2.188845515700834,-2.1283844370580667,-1.9987020483558957
40.0,2,1.5309375534259466,-2.7357003035317504,-2.837140989375627,-2.5964993532895564,-2.457364727087845,-2.5183553103256866,-2.2323756266228107
45.0,2,3.457953544408844,-3.257715466960809,-2.9310348608706747,-3.017616538802588,-2.7829757906849806,-2.9021381773788644,-2.4456350143145746
50.0,2,6.1862453062028395,-3.437028702094064,-3.5148110866334275,-3.336946305091306,-3.2657179969092933,-2.6846448295773566,-3.057646467486249
55.0,2,9.045425333055078,-4.051146083763102,-3.492195549104399,-3.639622228144406,-3.7620807305808737,-3.0785627852989927,-3.232867549679142
60.0,2,23.918136774571686,-4.464745228531799,-3.55770067010755,-4.4065487410056,-3.7077509964785085,-3.555834737318769,-3.523574091907865
0.0,2,0.020956677936380553,-0.2,-0.1,0.0,0.1,0.2,0.3
5.0,2,0.22478804969721922,-0.008918720535424573,0.047448333936075594,0.1162289813373889,0.32544646532323607,0.3795397349427229,0.44897554055166244
10.0,2,0.35681757202478154,0.10973516702690216,0.2451795427184303,0.40364405185866403,0.37920688605482694,0.5099748775479741,0.6697001459045289
15.0,2,0.16385695221832686,0.35110779782551843,0.3602236137225752,0.4969172425316316,0.6239816706060193,0.7295130750618977,0.7644176069193427
20.0,2,0.4398251785088216,0.4928418910950521,0.6121236447960607,0.6202828554940304,0.8335825338993377,0.8224956887363059,0.9535547282018436
25.0,2,0.472237788885386,0.6411350696993477,0.7956566121239275,0.9269945991476185,0.8549140672595527,0.9937993538454052,1.131101975702422
30.0,2,1.1149436410530442,0.9400050728468857,0.858336080438614,1.0076878893071535,1.1004729619102698,1.2896100672948045,1.156209941536207
35.0,2,1.9129777166532824,0.9710171474691144,1.2684746731648104,1.127131613766202,1.311116240983228,1.2303206987499162,1.452981974756332
40.0,2,0.13352458216081453,1.2094736895653262,1.332508636672153,1.3897257876916065,1.3884112065416037,1.497511340823036,1.5521320231515607
45.0,2,4.391188470668194,1.5243512039237186,1.2931504400817375,1.608844432101472,1.5219602829668897,1.8424615462135683,1.5877151147135793
50.0,2,6.0353422180864404,1.4321226610167253,1.855608981595599,1.656804908467896,1.836323232749664,1.5661474777186237,2.0401960940081456
55.0,2,1.7042510219752014,1.8006502505263764,1.7528076942720527,1.7592693617288877,2.0956431543867824,1.9559695672208908,2.0315836629773094
60.0,2,18.032810493884536,2.038359663775694,1.6283135218271068,2.3763680561509015,1.825224741647789,2.3974211960534326,2.1389568472130054
0.0,2,0.23518847501929155,-0.2,-0.1,0.0,0.1,0.2,0.3
5.0,2,0.3096901347556794,-0.8450441905524622,-0.7135214610658613,-0.664313463354701,-0.46348591111922377,-0.3820303789493676,-0.2787430636038313
10.0,2,0.47274996257652596,-1.5634179963445685,-1.3189598743215305,-1.1746383030555823,-1.1798977239888309,-0.974711382787968,-0.7826516567924076
15.0,2,0.4448321108922524,-2.1395349640792225,-2.063074577509268,-1.895591764848019,-1.678889896606979,-1.4426969218719246,-1.4216272810209185
20.0,2,0.5724145975406831,-2.8856809125325955,-2.6088680474655006,-2.5335082589263855,-2.249866603242629,-2.131449083740066,-1.8791809686746521
25.0,2,0.46461670394129995,-3.539989797263696,-3.310166625337195,-3.0459017257828633,-2.935654388956864,-2.686386717366557,-2.4175930885200354
30.0,2,2.0346304515300813,-4.044958574466493,-4.121091710167051,-3.722106660184591,-3.4537384576689227,-3.1396592365187317,-3.1012761728668448
35.0,2,3.0164179391490973,-4.8587627745132576,-4.480180253012651,-4.3453742015730485,-4.0331206099312125,-4.028118005891599,-3.484413435596254
40.0,2,0.6094084221103484,-5.342086208839821,-5.237220583862351,-4.956344476942734,-4.64615666184339,-4.475861286256653,-4.219438531418441
45.0,2,5.299472247698117,-5.835449064758149,-5.968426508980543,-5.441361097581034,-5.412980674933829,-4.893583379591937,-4.972445491963203
50.0,2,6.34835694872473,-6.698823013851868,-6.048310124814184,-6.191209774613795,-5.935992834934311,-5.920249959624702,-5.376798978615265
55.0,2,5.468343023419244,-7.007241098490599,-6.82413405376987,-7.026729180408596,-6.3721293988651855,-6.2528858217704855,-6.335403601794697
60.0,2,21.636027997148087,-7.562791458596341,-7.572227377776797,-6.998077884733568,-7.639482889590022,-6.678486786191022,-7.014595226857068
0.0,2,0.5219761764856609,-0.2,-0.1,0.0,0.1,0.2,0.3
5.0,2,0.5794291391669961,0.22529489384572235,0.35659975162392393,0.4803576727156012,0.5349733937295066,0.5870405189887324,0.7710649762877383
10.0,2,0.577235022169178,0.6557885354195185,0.7549962182918196,0.9165678035336378,1.0124989479164075,1.0375657003613215,1.2332452088597519
15.0,2,0.4751098780215531,1.0626781872931146,1.1277272751773524,1.3467549095131968,1.4826114292949146,1.542514148531442,1.7037076717636557
20.0,2,0.2232942540678206,1.3711508848394438,1.581543717933474,1.801219893568062,1.906166586300261,2.012546252730438,2.2486974933932173
25.0,2,0.15616130849322454,1.7395416557779664,1.9693659408468034,2.1497446612450757,2.413984244177293,2.5931890125634114,2.710830521345528
30.0,2,0.7324992485868014,2.056172157670597,2.3959638290506544,2.588802603212219,2.8234988531051926,3.151432292616192,3.2161175074924717
35.0,2,1.7312826319216827,2.3688754548801687,2.8508113156845356,3.0328000549609984,3.2453664321656084,3.647177158184092,3.742288034463217
40.0,2,1.966544123789149,2.8200000292223297,3.2013326089333636,3.3683785592059,3.8195151168273584,4.159285426436294,4.174137916904585
45.0,2,1.021928097654655,3.211975669631107,3.6022880468769434,3.9532744948445107,4.201350383715808,4.506067393791108,4.723024875861601
50.0,2,1.8794758127609532,3.7448929357903236,3.9096944276423415,4.462598701711753,4.701544177532728,4.85922936019551,5.175352469039567
55.0,2,5.880130167561466,4.322806332255461,4.278819134077605,4.841505749651106,5.3290087120235645,5.154600942666713,5.581902408428909
60.0,2,7.791787775148661,4.755861456669922,4.817214099743558,5.494189131508455,5.614013612431423,5.41488635895973,6.067809826981432
0.0,2,0.0013321023372106413,-0.2,-0.1,0.0,0.1,0.2,0.3
5.0,2,0.08587451893907147,-0.13658475814203064,0.02602190920415866,0.11423444241698845,0.21755857312574933,0.3329148414256332,0.4711652876304786
10.0,2,0.2204337992598285,0.0009324205254320919,0.07462847048063338,0.19506050550992002,0.369465053275546,0.5410587930004567,0.5694753485299654
15.0,2,0.21444677550190006,0.050236778583296636,0.23524037688600055,0.355498305899591,0.4475734512260636,0.625293021413516,0.7620889529744607
20.0,2,0.18175001478237807,0.18412037104819504,0.33846347738362287,0.4313400594159573,0.619715491319069,0.7478042795022898,0.8797975039747622
25.0,2,0.2552777145687363,0.3594417561689081,0.395610004370568,0.5616731280746662,0.7465081097882558,0.8979230395760911,0.9653954403263747
30.0,2,0.5314359239283214,0.43960393380952695,0.5798172458225225,0.7823466442889323,0.7862883092083011,0.9142021272483345,1.1496035135882097
35.0,2,0.6056113933450499,0.6666376731603995,0.6711281725418352,0.7798944225190736,1.0420808648464002,1.037554902232834,1.1798760343262302
40.0,2,0.16278190550133445,0.8051023607811585,0.8274575780740404,0.9804619508019822,1.0766649952981189,1.1323015886870182,1.2804938916453716
45.0,2,0.8549642500186209,0.9135298266847344,1.0245734330236702,1.2016758709491142,1.0668877580723355,1.2338216859639122,1.3873040862548265
50.0,2,1.6248320566875054,1.1454015785615872,1.176808871117855,1.0678031256474625,1.3942724886252242,1.4163060230384155,1.3525108696189527
55.0,2,1.4677190280464145,1.1506468909906793,1.4708857685266872,1.3355332888285405,1.321041042482899,1.45532292069485,1.5449833407467528
60.0,2,3.589033546245468,1.3626403856438067,1.46572553896563,1.5567259186017055,1.3223538389480936,1.7380311454776247,1.558246720294471
0.0,2,0.001682122596195721,-0.2,-0.1,0.0,0.1,0.2,0.3
5.0,2,0.1146707504109322,-0.5442023087110154,-0.39768817732269907,-0.35789823043443303,-0.21177703380537244,-0.1421134075120206,-0.02106985387686356
10.0,2,0.13250284898621478,-0.8589703790548543,-0.7641988932457463,-0.6473332319162234,-0.5910851895657557,-0.4177537096015667,-0.3701566199406537
15.0,2,0.08381188951328279,-1.1984436074034623,-1.0834696069685334,-0.9834728843743383,-0.9175110195903854,-0.7534270142628406,-0.6879229023876583
20.0,2,0.49942597648271403,-1.546274167384662,-1.3705920348073273,-1.384580309195652,-1.1688867268114542,-1.1417870117505247,-0.986875796700007
25.0,2,0.14100359605698876,-1.840188141075241,-1.7909874253229514,-1.6272940763531771,-1.5688785643143424,-1.416721773022674,-1.3296750782236668
30.0,2,0.689308115193444,-2.1618894008755087,-2.1597846517349026,-1.905497851744593,-1.9298349671802502,-1.75053968306219,-1.6409475153770123
35.0,2,1.9692468882072354,-2.5233619128410334,-2.3891073238258085,-2.406751446211287,-2.0753983926658943,-2.2085964810001513,-1.9200275250927106
40.0,2,0.19648852440295433,-2.823673585854859,-2.798804732637716,-2.6266793220996463,-2.5218250897004535,-2.4471480877637624,-2.279861275242885
45.0,2,4.099515342111861,-3.134591628274879,-3.2021038157673534,-2.8039588424100153,-3.036352564816388,-2.6409879741376314,-2.6547462795555
50.0,2,4.688408130002395,-3.5595679272518375,-3.2484749194004383,-3.512413946202905,-3.0389079881837,-3.152978479357383,-2.935146856227937
55.0,2,2.2060851614494803,-3.898197177238211,-3.5727706873031053,-3.774547447104023,-3.4866368983856857,-3.3887916744330067,-3.3012952438225556
60.0,2,21.525161183648468,-4.10980669209373,-4.2131945325095765,-3.6514621294609193,-4.289369251850985,-3.3681689017857654,-3.764986632247923
0.0,2,0.43752261739564985,-0.2,-0.1,0.0,0.1,0.2,0.3
5.0,2,0.4774735250193332,-0.43614381790227263,-0.2342663864578208,-0.1836169987720623,-0.10813077865884976,-0.008239080191947778,0.13734392006012383
10.0,2,0.404765710199268,-0.6409163354501911,-0.46304639852238294,-0.38953849029358795,-0.29132841125429715,-0.12644470193105642,-0.05483194639414478
15.0,2,0.3083297872204215,-0.8810007778551179,-0.699243348942477,-0.58969860879187,-0.4677393643414429,-0.2616285375597782,-0.19984878827779565
20.0,2,0.21054002983340936,-1.178086846195453,-0.8975254874564436,-0.788209764104501,-0.625917523554988,-0.47389216201052115,-0.26858078436937965
25.0,2,0.13871902018303403,-1.3771837201757782,-1.2420808991077594,-1.003014086323259,-0.7486441863195099,-0.5777304219211344,-0.41661239576665565
30.0,2,0.7242394378239931,-1.6440919486316778,-1.5215777707031428,-1.123251098348823,-0.9588367761672025,-0.7605190615510958,-0.49004219613495575
35.0,2,1.4135193584074788,-1.9112037998068134,-1.7214073850391962,-1.3690941393231124,-1.0578874133171479,-0.9939218519646867,-0.5778574040087302
40.0,2,1.4695561748380197,-2.08338791211384,-1.9947739843774281,-1.614440515517821,-1.1947882458797745,-1.0791692437050175,-0.7978652337885821
45.0,2,1.6572690821629419,-2.362421239519699,-2.1244028782095814,-1.6593764797616142,-1.5809950507004633,-1.2106918756204152,-0.9595907534934724
50.0,2,1.3887054229305527,-2.560337121800909,-2.1640523965198075,-2.0501983359202582,-1.6585850494013388,-1.3582487889225883,-1.2391097266631101
55.0,2,4.668700867017017,-2.732816442466726,-2.214277828409292,-2.3321111509521635,-1.8438576106806523,-1.4985618427907366,-1.5419596858511873
60.0,2,8.619794434146215,-2.9039328489557894,-2.376544259850152,-2.197049221885874,-2.389782567778392,-1.6406616199856323,-1.7886671846177413
0.0,2,0.06851337870587247,-0.2,-0.1,0.0,0.1,0.2,0.3
5.0,2,0.3865803195131719,-0.023901018327730436,0.06822453009446472,0.22288788672354926,0.2234757328473064,0.4213227324945704,0.455964103608816
10.0,2,0.47341126155299595,0.16614346002164487,0.29880363268516075,0.28508841605753515,0.5105635159293491,0.5760174171738273,0.5993314930144299
15.0,2,0.3683836235511509,0.3173001900487954,0.5342498189578825,0.5285660210287457,0.6287197743792889,0.7025753325893307,0.7925107653188694
20.0,2,1.3582863483144874,0.5907677263798711,0.5968122222524351,0.8179802547805317,0.7202253246062693,0.964658924360426,0.8814514173843468
25.0,2,0.3953631951281617,0.7848945032755404,0.8542746049922476,0.8786742305134756,1.058977307624907,0.9957407356344413,1.0673084551642222
30.0,2,2.258476030795828,0.9354331289704664,1.112872115253108,1.0852726478078019,1.2587655737779355,1.0124364776482078,1.30306386118828
35.0,2,5.585246524754734,1.2945342334593228,1.002520487057482,1.4905107223453984,1.2461845027891678,1.42579410391599,1.3162737225193895
40.0,2,0.760309905579652,1.3812968522991609,1.3774009611624045,1.5428651489639684,1.550809246171376,1.4250955323122934,1.5663239986185462
45.0,2,11.505416032458175,1.4355841730111154,1.830145825130688,1.4508755962963364,1.952961714941924,1.4394986200619961,1.8026997775267135
50.0,2,12.688364368509413,1.7944748671444373,1.596091513116545,2.037827985401177,1.6403040862323657,2.2112345321823064,1.6998066903329276
55.0,2,7.756691306062425,1.7497007458058147,2.0506037354575284,2.1826395693082157,1.7704850961477074,2.2912255796168353,2.003058915514581
60.0,2,58.55184801193575,1.744384422757183,2.728072068139143,1.5008769787932188,2.7803289386306305,2.039684218631467,2.3223409823398202
0.0,2,0.08492300699054772,-0.2,-0.1,0.0,0.1,0.2,0.3
5.0,2,0.23217819471576534,0.22236197299478214,0.32830345374138087,0.46873101248323057,0.5067214635283285,0.5833097937263145,0.7849567761162402
10.0,2,0.45982081960098375,0.7051488752770791,0.6865959674376441,0.8369367416720251,1.008825951163035,1.043403401535689,1.207858008095063
15.0,2,0.419272036754793,1.084225886450495,1.132008312060683,1.3040983653574787,1.3919512187703136,1.4532564482351007,1.7176131868967486
20.0,2,0.21621332719698594,1.4890814353730581,1.5523708964863723,1.7168250680920651,1.7985553630072268,1.9473667458880433,2.1733383815143514
25.0,2,0.41500930425523874,1.913525187906962,1.982683789210354,2.0277042274226362,2.277339774892673,2.488743153452829,2.5819262300659394
30.0,2,1.37929772617475,2.2125054333267227,2.535566732804877,2.4919352533385926,2.5915693660579477,2.928550440907873,3.106179609105679
35.0,2,2.4068529918021304,2.6867029863279654,2.8977233292125906,2.8583365066527144,3.0253068726987085,3.5151631628222044,3.477458450417758
40.0,2,2.022784024850282,3.1129058217469283,3.3355886847489136,3.241162766931161,3.499221695483113,3.913263049477415,3.9529337623346565
45.0,2,1.373259226129011,3.5088893835800934,3.779759236935672,3.7705946339564966,3.900942693541844,4.157719263385219,4.531555041913078
50.0,2,3.3216194990530084,4.193915533147145,3.8800301142968423,4.220874805786896,4.4390484443763825,4.634288963992563,4.8756868643028595
55.0,2,8.318809914103483,4.614421533765793,4.330810880617881,4.773021888448839,4.874754853869041,4.765385994618312,5.479834047173186
60.0,2,13.150164576800172,5.084826460783052,4.80573562939461,5.155902867336483,5.396360932598868,5.044417628831575,5.94537015213887
0.0,2,0.12486616786635635,-0.2,-0.1,0.0,0.1,0.2,0.3
5.0,2,0.14852882922305335,-0.08115456642778424,-3.726029542132849e-05,0.09252778721113858,0.21410573817924458,0.32545555411204846,0.4286507306787188
10.0,2,0.17886748149411877,0.06442927265244527,0.09601590264496068,0.193858567805364,0.3170870655722024,0.45496048130164346,0.5327446769392685
15.0,2,0.18373160384572323,0.18062190731124195,0.2581510404517022,0.3209262474663011,0.3919200962453906,0.5191446445865151,0.6678800143126796
20.0,2,0.17865712764956446,0.3665629364129715,0.37537953654750755,0.3922327254986875,0.5201692140454729,0.6294575288479393,0.7343899924791765
25.0,2,0.20808224256268976,0.5331983626726519,0.5139978880383912,0.5323863327541885,0.5776226531309678,0.7195615400098413,0.8209731406836173
30.0,2,0.3593945152833072,0.6816946360229578,0.689444295479605,0.6595950528214448,0.6469034305742309,0.7732709674343712,0.9263795184149455
35.0,2,0.6593131094160906,0.8912057176665117,0.8083307441026192,0.6943002619756694,0.8087789811785641,0.8826337988461899,0.9715863804359071
40.0,2,0.7547163045687012,1.0170862444477067,0.9635143628370239,0.8846890898484018,0.8163919148084249,0.9533711141762639,1.1013311415455385
45.0,2,0.9605323675453585,1.1773558524636274,1.0716614989742828,0.986782876924358,0.9147726440984957,1.0681037547369534,1.1972552239235277
50.0,2,1.5179602322040464,1.3286365769122617,1.1918798122278302,0.9811679944155761,1.123733967992027,1.168457882049593,1.301603600981829
55.0,2,1.4741835034911417,1.374191657529341,1.3287255963945797,1.2110897377152157,1.0996535899379096,1.2522885097673713,1.5090787266925914
60.0,2,1.9610610979331444,1.5511566396118028,1.3039914492674642,1.2886077828825748,1.2296284555275359,1.5012508773318416,1.5799405968736344
0.0,2,5.64770792682882e-06,-0.2,-0.1,0.0,0.1,0.2,0.3
5.0,2,0.06819226197586985,0.7394235366925141,0.8450696035260479,0.9181749490171137,1.0802396067090587,1.154223146110979,1.266652166669491
10.0,2,0.08610872816308673,1.670291534429065,1.7750568193743237,1.9208155588762805,1.9754660933876258,2.123779344364797,2.242156667018328
15.0,2,0.054162511191130566,2.6316040122738587,2.70293396053689,2.8392595813583075,2.953825971619656,3.0968105212415,3.1869149791454414
20.0,2,0.2986113161575871,3.556784897304794,3.6991768247038816,3.7388665727470274,3.9496021308968294,4.00366724781643,4.16703436143188
25.0,2,0.12622643257795532,4.514619580072025,4.61857874829226,4.7646529080653925,4.817885538655496,4.989482497961002,5.11369577057982
30.0,2,0.39462880095883046,5.512160023498651,5.528629912203855,5.705569929036173,5.770480748701065,5.98542575346055,6.020431685450905
35.0,2,1.0320732544945364,6.411222662762635,6.615805544717511,6.56202415724219,6.808283636734808,6.802619024804038,7.026526034815164
40.0,2,0.028480181040584914,7.416269945678532,7.503009506640635,7.590589186340398,7.676111318249588,7.815609081269689,7.928675031622592
45.0,2,2.3551767390594742,8.444483292593235,8.354550264146107,8.637584994181756,8.528413242957734,8.858809336518103,8.810205948129553
50.0,2,2.7495930530553814,9.296990955333907,9.550410669126084,9.391984329435697,9.67570239500875,9.553552730918533,9.86918900742869
55.0,2,0.8104030796458512,10.335412689101132,10.406877265513046,10.357978634075636,10.611780872104484,10.587876361681621,10.741687273500963
60.0,2,11.389460293081967,11.373036703476203,11.126750103592588,11.666978669774554,11.202311895612166,11.765162389305992,11.611156342940609
0.0,2,0.04122339507257957,-0.2,-0.1,0.0,0.1,0.2,0.3
5.0,2,0.13048992849828445,-0.9544928931446902,-0.8224727435611127,-0.7442282565863736,-0.678172804636212,-0.5200385354683968,-0.446588532798125
10.0,2,0.3301928029377913,-1.665647729770583,-1.5619752956022093,-1.5524845805442629,-1.3905533485787689,-1.228925060225752,-1.2324015176682401
15.0,2,0.36280084609161284,-2.434513288654243,-2.2457066029433133,-2.256760750141553,-2.1919708648799485,-2.0255882809339116,-1.9434415110317507
20.0,2,0.16732376443487756,-3.1049197716109624,-3.043211524828112,-2.9923100467236625,-2.937328557437435,-2.7598607498419425,-2.726344414337526
25.0,2,0.16157579491501212,-3.7880332011467615,-3.81085313175473,-3.7536365657432125,-3.632790118418858,-3.573651456185408,-3.4710043577256253
30.0,2,1.0407544996694802,-4.5351358433693205,-4.523768380625645,-4.4317709706692225,-4.402801017318911,-4.460394051323738,-4.142092333862663
35.0,2,1.925407327676967,-5.14558877789229,-5.405593623294633,-5.174709017636371,-5.127255400865496,-5.140110154203667,-4.968699389471949
40.0,2,1.331032425364549,-5.925901435530653,-6.064175907655047,-5.916900072735424,-5.901270946276058,-5.945172880203834,-5.674528887158357
45.0,2,1.0019865761910745,-6.741067395815205,-6.655741094662699,-6.742666883317382,-6.655147351348156,-6.689385898234599,-6.4099352723763365
50.0,2,2.4111030024597717,-7.420913183638758,-7.456323108013398,-7.54432854406906,-7.4807389080825635,-7.127569122682125,-7.330064795463508
55.0,2,6.717907666816735,-8.355631150224,-7.965780326686265,-8.24831237518479,-8.40049371223175,-7.861248661830721,-7.994465201986782
60.0,2,11.003879900106941,-9.122913613420556,-8.618377956612466,-9.260557665055508,-8.93553014310353,-8.601125149827483,-8.753420666319872
0.0,2,0.06265225150546115,-0.2,-0.1,0.0,0.1,0.2,0.3
5.0,2,0.09789892691586081,0.4351959492774715,0.538547393938047,0.6302258247947048,0.7351245139561399,0.8265988490130938,0.9596631184776973
10.0,2,0.17648267062301526,1.1274481529744427,1.1290922847071723,1.2468256411329517,1.3816141087641651,1.5024702120228959,1.5632608993127068
15.0,2,0.16133992266702782,1.7415694395948802,1.8299369329163258,1.9200951197119742,1.9665098204916955,2.0749572085663295,2.2429984270903
20.0,2,0.1303747454547562,2.436427613749298,2.4746692512338524,2.500685946627743,2.6372808052908283,2.714658787003193,2.837700193923748
25.0,2,0.1807899431032981,3.1292759213159367,3.109401876771744,3.151743507761361,3.2312398928388073,3.375088955619282,3.4300280929787066
30.0,2,0.45355698264608946,3.745268343868474,3.8385863466793855,3.8410626190109647,3.784317925775998,3.94500525498669,4.097893406421425
35.0,2,0.7352599503959735,4.480525659299243,4.466536188917018,4.342157548599387,4.529476613026436,4.607920382211899,4.650873154146048
40.0,2,0.43844349144657757,5.116754701743608,5.128416824055948,5.0727582792753125,5.055891156124882,5.215752337604755,5.313271896852665
45.0,2,0.9622032014515343,5.769326969026159,5.754689261033888,5.7709764281655636,5.6291899264013345,5.831564417914857,5.972453842572501
50.0,2,1.8705766845133474,6.49617344400725,6.348819185727124,6.200370918006829,6.483033940676982,6.458557500149345,6.566601506003904
55.0,2,1.4217094850576566,7.030642942227392,7.035110764798177,7.018508177811168,6.949502146304895,6.994333478666136,7.350814634220689
60.0,2,3.0696141433781974,7.7619786569214595,7.478410757120582,7.702625340266309,7.536331964227552,7.805368241915559,7.919552833034068
0.0,2,0.05461598302333731,-0.2,-0.1,0.0,0.1,0.2,0.3
5.0,2,0.05887928683706974,0.8627444039250726,0.9427480619177911,1.0436500893930316,1.095611709713879,1.2230906085373277,1.2837370805291966
10.0,2,0.06938268696035585,1.9322630931440057,2.01049985964515,2.030801958481043,2.148298816410363,2.2192275228796716,2.2620726574723644
15.0,2,0.09977960037830202,2.9745477663641755,3.0902778832472473,3.0902176148635747,3.1336722331952385,3.192720408473012,3.2733099559056593
20.0,2,0.25078017771048416,4.074180160965204,4.080058731307466,4.149958194801718,4.126937474802921,4.239164213848518,4.236029040339423
25.0,2,0.16013079944739503,5.120817505540244,5.144064492043332,5.142341830019246,5.195556222852041,5.194910094670795,5.26021962495586
30.0,2,0.5111270993337236,6.1376011793113,6.202996471372957,6.1759910801095526,6.2257733571211995,6.149683440253137,6.317446195929746
35.0,2,0.9210039692323576,7.234789878846995,7.098765220572231,7.262100340312534,7.197143948919069,7.280265157686797,7.288009131776643
40.0,2,0.2500628107184239,8.19158657319147,8.188089336149714,8.25417411802791,8.246356854108502,8.249768600878685,8.38268014977429
45.0,2,1.5717425334679638,9.145199831959669,9.289454600746492,9.151723446412209,9.36905254565824,9.249650685431227,9.459156475939208
50.0,2,1.5794800833446472,10.203090242633941,10.141559512399095,10.291480793957504,10.233751785323415,10.53097715790156,10.414960047947798
55.0,2,1.5617721426275328,11.089452278672022,11.258717312798806,11.325898480304184,11.204965804295995,11.545800490619085,11.542567127489761
60.0,2,7.930055024112754,12.041934995755934,12.422371663590868,11.994840401255619,12.56703247831832,12.464584629758496,12.628219279516966
0.0,2,3.9221174388608564e-05,-0.2,-0.1,0.0,0.1,0.2,0.3
5.0,2,0.005516334925979005,-0.19415962450631175,-0.09365689792624694,0.0260117196048106,0.1255021470749794,0.22227647392438635,0.3253552533147971
10.0,2,0.018037134359588047,-0.1865928897070309,-0.08415512375670875,0.04338937450140901,0.16021726369688546,0.24247552380155848,0.34732399443671763
15.0,2,0.030390863759292744,-0.18219101649573374,-0.06838420201786542,0.07026970467260946,0.18349570590711162,0.262292976697064,0.3685040456960649
20.0,2,0.041689069545253477,-0.1716030467700822,-0.05340858416183742,0.09737374613165704,0.2026866179905419,0.29235784840948414,0.37790970434590765
25.0,2,0.05641107362200211,-0.1633121942661382,-0.02146185958242492,0.11076242903591976,0.23170103339623746,0.31458586573944325,0.3843700831090603
30.0,2,0.10193375939737861,-0.15627630788352515,0.017022597940634585,0.13384351485992946,0.24979462409198933,0.3336288206871767,0.38996117922231965
35.0,2,0.16183351174947763,-0.1317232326490349,0.034022749036697164,0.16787868133841685,0.26061999286541154,0.36714437611374606,0.38136093369971363
40.0,2,0.17273463658798768,-0.11309944321413475,0.0667666068329693,0.19053031564802653,0.29170543168120505,0.3669077418086036,0.3878219191347108
45.0,2,0.20368896101361378,-0.08903443275895086,0.091377745784932,0.21551197105321726,0.3317482410455488,0.35128213690448196,0.4010759813485953
50.0,2,0.2876560865594361,-0.0413613764264986,0.06814531662618367,0.2756622515288466,0.3446910436041386,0.3656541166938249,0.400499362837787
55.0,2,0.4629798196551139,-0.018166447276167324,0.08160826182566881,0.31447298705498933,0.3773049039132573,0.3441348834248424,0.4252651974081584
60.0,2,0.7155138545703994,-0.0028171432145613334,0.11890432645169931,0.3032269621652518,0.4445356361429303,0.3262538278946656,0.44584524839724043
0.0,2,0.015370469731278069,-0.2,-0.1,0.0,0.1,0.2,0.3
5.0,2,0.06714590903759815,0.19518947913111745,0.35769464524593303,0.42076274014437176,0.5205886125160715,0.6398091606436808,0.7676197141322152
10.0,2,0.1470626959309707,0.6400689459822682,0.7470858492544118,0.8246008816454459,0.9588477890238905,1.1440651905588615,1.1886600471619075
15.0,2,0.15352319632897637,1.0303636511172083,1.1945675576563004,1.269730913714027,1.3652484563470595,1.5692311290067376,1.6758513475988746
20.0,2,0.14676044549220946,1.4564955401404054,1.6150612962067978,1.6670503148956972,1.8354059537033036,1.9876714398368123,2.1449728624706315
25.0,2,0.18533173109185871,1.9332578789444232,1.9614931053340998,2.106562410106514,2.278947537766239,2.447593827988096,2.580466998927717
30.0,2,0.5904589136923735,2.3431532067409577,2.3914261394436807,2.6122084057806996,2.661861301580086,2.812056758894502,3.0892802984405727
35.0,2,0.9939568650134626,2.825348837875345,2.8051539387877997,2.949739487116105,3.200195277917775,3.217734124471019,3.513478796525859
40.0,2,0.6764308332016492,3.278694470361177,3.2350543772357385,3.4140629009259573,3.5797556556984125,3.6714711155943442,3.934276294691691
45.0,2,0.9476034094080187,3.6836930791700855,3.73435611218125,3.927412929512561,3.86884110212257,4.139703459299743,4.360972484034544
50.0,2,1.482241034375207,4.15541553133907,4.272286708248122,4.125520839477655,4.442244628147946,4.632959606453145,4.688216204468265
55.0,2,3.0341786164333375,4.518547647302058,4.859545446778264,4.601451887267568,4.740596585192975,5.074019346151369,5.124146957255419
60.0,2,6.439963094610784,5.01306016058442,5.2163192982139455,5.18480909836193,4.982314217597412,5.647579949151872,5.475889497851535
0.0,2,0.2831604539373577,-0.2,-0.1,0.0,0.1,0.2,0.3
5.0,2,0.5190125574994375,-0.1450487665756632,-0.04729091966128809,0.014075890466396335,0.15850843668692152,0.16790708040494834,0.3359467428315826
10.0,2,0.6846261137818141,-0.12356766165341489,-0.040220533765638875,0.13378425812796474,0.10778048697747278,0.1866425204191367,0.4037778582002819
15.0,2,0.6736627789434861,-0.05466307791233511,-0.09168549575076956,0.09399525049457796,0.20151052519228058,0.29217177892048524,0.41096641151446767
20.0,2,0.7545376567787955,-0.1480080988733154,0.030911424361836682,0.06309243716376524,0.26289354532623865,0.2690064618223588,0.558498086810726
25.0,2,0.19249795564392042,-0.17232208872927682,-0.007015833488002194,0.128970157931607,0.2049665515037132,0.4502069844176552,0.6156865491288278
30.0,2,1.6747466960028528,-0.15862041724346684,-0.07615202266255663,0.1005897359219111,0.232848073171096,0.6787082478436127,0.6272171678868866
35.0,2,3.4415505728908844,-0.35131363978272456,0.1648694723521839,0.007482928823417657,0.3421207724384821,0.5633977491258889,0.8621319661131931
40.0,2,1.3863624146500146,-0.2614469404125993,-0.004123060365171512,0.04123581203373865,0.3678665347566735,0.7716659803307211,0.857589386880057
45.0,2,5.644898679274357,-0.17193495169196255,-0.2088713134052309,0.2799226619940385,0.2455535872483814,0.9027929028048902,0.9094232904262758
50.0,2,6.269556115632097,-0.28229319531405667,0.058723499154476555,0.11822978015259647,0.5672181271501796,0.47592141110406333,1.203185019282096
55.0,2,8.603727145859045,-0.0033131951096793916,-0.18557505526547025,0.07419722992503716,0.7704339327624223,0.5648030185614458,1.1045371748084907
60.0,2,29.375036764511783,0.11792313814344128,-0.4185611056299615,0.7711277354769897,0.16829580429465868,0.7742260792093902,1.0961699183406186
0.0,2,0.014336103075938925,-0.2,-0.1,0.0,0.1,0.2,0.3
5.0,2,0.19591959618512286,-0.3859919275759144,-0.24939043142982228,-0.21622113642366347,-0.04196617732846656,0.002478070671391256,0.11836835392102812
10.0,2,0.20669220668088856,-0.5731366141103301,-0.45398985085109334,-0.3102648493311419,-0.30491091661569136,-0.14119272355302695,-0.06195154186961978
15.0,2,0.12410669292270768,-0.7394200748854943,-0.6554898532479597,-0.5240880633869233,-0.4439103395491841,-0.2953566383787936,-0.2599047750479927
20.0,2,0.815166822514543,-0.971902214270674,-0.7619553333575945,-0.7796754145426896,-0.534810104482473,-0.5564252301439988,-0.3861246958643695
25.0,2,0.22864563550561115,-1.1412704154776623,-1.03460685854701,-0.8368591860057821,-0.8180643494260377,-0.6627787532907706,-0.5700366780799778
30.0,2,1.0985257010408953,-1.2880335293620866,-1.302533606505028,-0.9982294521970826,-0.9948189029354193,-0.7780674042983601,-0.774656593694737
35.0,2,2.994082254377605,-1.5804940688696005,-1.2988015035647749,-1.349479045723647,-0.9860132504311278,-1.1562094658809963,-0.8380654026880259
40.0,2,0.11285626836076004,-1.7121801991098788,-1.6123863303179533,-1.4101802673053905,-1.2791229846699794,-1.1944191852275101,-1.0734970186929154
45.0,2,6.902652998066565,-1.8388974871278605,-1.9440686548700894,-1.4048160653577517,-1.6532875286195863,-1.1849923995454894,-1.3284470979683414
50.0,2,7.528587984382744,-2.206167035061861,-1.7228716931717483,-1.9718708491812194,-1.4666355487400162,-1.7060335578312384,-1.3536537976685323
55.0,2,2.8186213257089983,-2.302249021429314,-2.0069253956168063,-2.1329540766356034,-1.686038332831972,-1.722833933789656,-1.6489549695168313
60.0,2,33.797147730481434,-2.3550384466517458,-2.5645046066463335,-1.6802861556226683,-2.5027342521170404,-1.5006078046271878,-1.9695077123208815
0.0,2,0.009283931146070012,-0.2,-0.1,0.0,0.1,0.2,0.3
5.0,2,0.1694901255329883,0.17114468965226498,0.3229960627656199,0.42851659000408193,0.4407368138126819,0.5643792186083542,0.6985234371644407
10.0,2,0.430012016303326,0.6482085388206068,0.6596295529300179,0.7136072482607753,0.9256372019496092,1.0136000224363497,0.9919110596175326
15.0,2,0.2934360963127433,0.9579161529906924,1.1518770300641288,1.2007874348972374,1.2125684479349486,1.2989248450158204,1.4568165251195093
20.0,2,0.09838053144312313,1.4133261238030732,1.478910455063572,1.5842790533682065,1.6098187890868352,1.7361674667905187,1.7826853599175536
25.0,2,0.46897786017951876,1.8618830466216172,1.834246735551376,1.8925925021428849,2.0886580751716743,2.132258116198351,2.1218455843512958
30.0,2,1.2652544078735253,2.1190770877712275,2.3624023068018287,2.411335614175237,2.359416649725272,2.3508132863377984,2.654735927233266
35.0,2,1.0618735564007786,2.68138642615311,2.536740469288498,2.7234526080142007,2.831865998705003,2.9330492044485434,2.8775829774427106
40.0,2,0.09345075291987118,2.987777373276579,3.0161569410285347,3.12475033311513,3.202470991867059,3.2355392756290766,3.343679581143152
45.0,2,2.03522067925019,3.23732860978009,3.563501881517176,3.5260999346625432,3.5564898383465677,3.5031887461816296,3.850062297578926
50.0,2,3.7432024918273874,3.8629264506958614,3.6370028598704742,3.7999044008327743,4.025519321755622,4.269786053623797,3.9678290332958137
55.0,2,2.27287970111835,3.9668493268760368,4.305128868716329,4.385462315472337,4.183386811054048,4.4406271200324925,4.607810489930529
60.0,2,4.145711535686296,4.3651156997578076,4.7507612057532835,4.477668810784828,4.8539623884374,4.7953180924653145,4.972735546890594
0.0,2,0.03111899564410921,-0.2,-0.1,0.0,0.1,0.2,0.3
5.0,2,0.07836956764536668,0.6040688378682835,0.665518566271095,0.7801657472894524,0.8575771474647987,0.9606527049103052,1.0720107362130757
10.0,2,0.15252265255596684,1.3748803662887175,1.4644662694215744,1.5442347931480795,1.6278337067123159,1.6904861729822502,1.8780861714810604
15.0,2,0.1725062481217969,2.1820558853310548,2.202315129270793,2.287088053849221,2.410295154242504,2.4956297641266603,2.642597233230793
20.0,2,0.21512428687880958,2.9370931471469532,2.9737201014124106,3.0841873473491077,3.12547600205039,3.290032613778178,3.4494657483309994
25.0,2,0.22278325641596475,3.678671102368169,3.7809992750123476,3.7946665438706506,3.9149787785885644,4.07060938089371,4.26004361935165
30.0,2,0.5026699563407082,4.453015301648398,4.536036725781394,4.5007070314552,4.70402882333949,4.911520495883374,5.034654061994266
35.0,2,0.9942948283603156,5.180631311177392,5.299298773595982,5.350090369286892,5.357858755371638,5.727282265000459,5.864794705686964
40.0,2,0.7525081707995729,5.960071737558953,6.059175758396818,6.024225528247963,6.2089121197166515,6.502960495578593,6.664604280637432
45.0,2,1.249954117994692,6.738845495603683,6.814882434696139,6.7393340278962794,7.048273607488628,7.226032739594035,7.492575354874801
50.0,2,2.0462034902991904,7.531034583900346,7.476124479993005,7.707843010825884,7.657384834616941,8.000493252148555,8.327057238685827
55.0,2,2.3260301727566777,8.397716065113428,8.167152855222932,8.379028352168238,8.565238637289507,8.747108507045159,9.08368672334838
60.0,2,5.693427754831022,9.115916941045032,9.092090352964869,9.038660391892643,9.454706421622037,9.326124437347021,9.952426335333222
0.0,2,5.802657504544314e-05,-0.2,-0.1,0.0,0.1,0.2,0.3
5.0,2,0.05553357187148533,-0.11675817447966577,-0.062217677392840925,0.06407801852611142,0.1804365146372167,0.27521527565256115,0.3391570417519951
10.0,2,0.13729886539478325,-0.10008606640160811,0.05061489006454902,0.16585297990169656,0.22352613848124891,0.277117335566783,0.44279671977808854
15.0,2,0.10602443277295126,0.006551511220753398,0.06538103496665915,0.19289216176885396,0.3377214603694144,0.38654419049944916,0.45064263726101766
20.0,2,0.0775858378781917,0.046177102610047684,0.13980921836823978,0.29952647757235373,0.3656677344960025,0.4514938656069907,0.5169695961279085
25.0,2,0.19136063149529903,0.05774695775855988,0.26328060223884686,0.36891014437030784,0.42426255997893797,0.4820745514521806,0.6032801776781199
30.0,2,0.4636892530395099,0.17182015240658635,0.2755196913745638,0.3509951933365464,0.5679505018833916,0.6292736100700101,0.5839068431012654
35.0,2,0.5301790070854259,0.1552116198827214,0.3879920465958195,0.5376324205925639,0.5129143614126166,0.664975070267023,0.7006514721170256
40.0,2,0.2622047753838332,0.22660082570845008,0.4407998304917057,0.5498026182508355,0.6466715980714868,0.7314104051485701,0.7440027118921129
45.0,2,0.8711042543947521,0.33135294120736214,0.45564100085143916,0.5347115122677146,0.8260686437270128,0.7980246698078202,0.7734002203971906
50.0,2,1.4618842864624564,0.3072931563692181,0.5306291192298364,0.8356432543801907,0.7028477069385742,0.7758223460573389,0.946874403978757
55.0,2,1.2559430012732162,0.494010340330744,0.4524009882900918,0.7777295884271208,0.9364477964659691,0.9081281598188593,0.9103041123165054
60.0,2,2.622578542724415,0.48671477908648225,0.6297916219688802,0.7657987701572839,1.1001436630914285,0.8289479525821977,1.047535197458386
0.0,2,0.21941839628191387,-0.2,-0.1,0.0,0.1,0.2,0.3
5.0,2,0.5178068626779948,0.301270587792514,0.4656318128063396,0.617594804603107,0.5738914106283032,0.7208071318387781,0.8784379188813592
10.0,2,0.5832352164677091,0.8785255151650846,0.9648538899739033,1.016721171622703,1.266935933362337,1.3079525467483408,1.3802782762284513
15.0,2,0.17514698626122574,1.321256395903495,1.529742629779248,1.6361146424098705,1.7404932158403874,1.8290422295468556,2.016251886171395
20.0,2,0.7992350695957565,1.8363364898166992,1.9704369218496856,2.2512313546390943,2.219139377802335,2.473701732007195,2.5796887900866747
25.0,2,0.8264738236177878,2.366279599302484,2.4788214577613843,2.5925201679884955,2.972306678798307,3.0500673680001995,3.1281730609012404
30.0,2,1.468728595841201,2.7200397568521226,3.1247253604576217,3.2284353957205902,3.431217981767687,3.488692081274695,3.852691423229857
35.0,2,3.1888321610532975,3.370839468583413,3.3849741627149514,3.8682514559821595,3.8861011159374343,4.313435252491225,4.279834210143861
40.0,2,0.5950842897814042,3.8406148447987594,4.02615213364318,4.241079807066175,4.6073029032814015,4.758439317169291,4.887480326444656
45.0,2,7.2887510662969595,4.195561430287483,4.818595878927051,4.7540965372605175,5.187264671968864,5.05373200115441,5.609452479355591
50.0,2,10.184377562740405,5.070736526786965,4.856830649862729,5.521046167067958,5.512208631500227,6.1044129830900395,5.811101707196348
55.0,2,1.4610056620830996,5.447103274288247,5.698916623139315,6.0795994829260716,6.044841388206945,6.351189620956546,6.512319942537512
60.0,2,30.67008060036126,5.882902501832041,6.681579659724492,6.13167975784328,7.083867001515574,6.455573798269253,7.156001279420463
0.0,2,0.003350115171546219,-0.2,-0.1,0.0,0.1,0.2,0.3
5.0,2,0.01462986862656128,1.1208065860667475,1.207980320064854,1.3083727479261185,1.4018719373140816,1.5184025004901047,1.5884759262555568
10.0,2,0.023284499328062445,2.4211738529686766,2.5479240097825953,2.614486275576344,2.7067616171683864,2.8034306176818036,2.8980436630571234
15.0,2,0.020994911190091,3.747828677534946,3.8533550527203095,3.916479661327762,4.019660842771045,4.1152882101289245,4.185117609869396
20.0,2,0.040682592429694964,5.070599936014717,5.149205781571403,5.249610287786262,5.307631098271773,5.424391238307424,5.482201730518319
25.0,2,0.026628648826653247,6.373566800281326,6.47626084117478,6.554307252477007,6.630027029136254,6.690369863635774,6.805018303882175
30.0,2,0.10211312567530334,7.70571521688393,7.761882631674236,7.841787093831714,7.971848888537106,7.993406569675954,8.100819708101843
35.0,2,0.2021849706268712,9.01285835931245,9.04322800227014,9.212169084265534,9.226202033748676,9.309869874234298,9.41704277299108
40.0,2,0.07366566626927905,10.307019235384454,10.369166206531943,10.489881251848763,10.561468544605933,10.605241164689966,10.734503741878699
45.0,2,0.3083550682601781,11.60357204989131,11.70198752106609,11.725415666192257,11.923542649692234,11.924424822024834,12.034247454190453
50.0,2,0.3702693240041291,12.87817686547955,12.999509073694895,13.129988889661972,13.104893106766943,13.302197001094619,13.344335244476689
55.0,2,0.4436271226827295,14.17882066112748,14.315687267685808,14.381281632742168,14.43998878302547,14.660263119505007,14.628968735206275
60.0,2,1.8027451643893135,15.438282079978574,15.714169877493426,15.559550222023201,15.865952738682786,15.900175161873628,15.972790137358153
0.0,2,0.21849162811275682,-0.2,-0.1,0.0,0.1,0.2,0.3
5.0,2,0.35561137196573467,-0.47584211909252316,-0.3664887810808219,-0.3122251603539437,-0.18556627952660754,-0.1114913995263412,-0.03414420581041591
10.0,2,0.5656330243547344,-0.827239768885194,-0.6113064578366827,-0.5361775749859143,-0.5576335133295854,-0.44685361719417527,-0.2923049585497483
15.0,2,0.5369792057668681,-1.068655150526371,-1.0039758421832996,-0.9107415144791756,-0.7724942821570719,-0.6463418842626051,-0.655065162563421
20.0,2,0.24111763216999801,-1.4701403043870938,-1.2618120147931449,-1.1898158353336437,-1.0727123682391704,-0.9998929448862164,-0.8486583139233269
25.0,2,0.18313769263593208,-1.8299163308996997,-1.6214203466370654,-1.4493220121384882,-1.382801847056862,-1.2702547617358806,-1.0750744284852751
30.0,2,0.8925124894530192,-2.086103577586572,-2.103004289565803,-1.8172194881432595,-1.5808208198500917,-1.4254617111459924,-1.4019377860522466
35.0,2,1.1281811972695304,-2.5947587975534225,-2.2846480618883804,-2.0587651638703552,-1.9122159357138593,-1.8663440688147124,-1.483573589893958
40.0,2,0.5013041089090772,-2.86639610041437,-2.718663853832416,-2.4312158785692395,-2.1311010782667212,-2.0182175694669455,-1.8204690825756857
45.0,2,1.5880761884266592,-3.1647327914605037,-3.1120271087858704,-2.6985371478551547,-2.479326340295031,-2.1628905864037593,-2.1543075337157047
50.0,2,2.73191438657342,-3.6970226364049075,-3.126329604609166,-2.977016707233152,-2.835059224447312,-2.6503181177154986,-2.2718331634966726
55.0,2,3.4954715572469386,-3.802914561978882,-3.566585181408705,-3.5209025000171814,-2.9253279634930194,-2.7134285707466397,-2.814178621652969
60.0,2,4.559717740427191,-4.146754116051697,-3.841952371398223,-3.4793361576816655,-3.5741276193300893,-2.9973155964786566,-3.089609483747773
0.0,2,0.14513354335963455,-0.2,-0.1,0.0,0.1,0.2,0.3
5.0,2,0.09355780554582732,-0.1201346141964594,-0.05890652627402034,0.045107523809617044,0.1374614270312026,0.23386330649403564,0.3179058243140985
10.0,2,0.06312907950093327,-0.026387946312606894,-0.002992357670650054,0.08026031795351218,0.18339412007399944,0.25419756549052386,0.3221221828221634
15.0,2,0.06751490099559154,0.03663570822808723,0.10205983581601918,0.1521543173681171,0.1883134831366542,0.23242700470431987,0.35430047428222056
20.0,2,0.06213055871204885,0.1611685970256776,0.14609909540570726,0.1826404351758618,0.2283498965279448,0.28296077344329007,0.31996896713541145
25.0,2,0.09808889439156182,0.23541435387660717,0.24415882726476637,0.23508624912101952,0.24046553077453695,0.2903857502794699,0.3309739945759616
30.0,2,0.2838433176104767,0.2872802535077081,0.35496378024728237,0.27888705343846937,0.2588885101502526,0.28907057046547957,0.3626914792616299
35.0,2,0.4332519886458158,0.4011328456020064,0.35921078595213723,0.2918477434603896,0.3122049767003276,0.3859372288317462,0.3367450077026893
40.0,2,0.40495296398480873,0.4059947975491283,0.4424899002117031,0.38313309396977274,0.2980487024164218,0.38225903699871194,0.4304499982820466
45.0,2,0.3371022462400484,0.4500050498140091,0.46689645705624755,0.3705825120631264,0.4021319813165267,0.40935464339299693,0.49870182696335863
50.0,2,0.3940796370417896,0.5189663129140235,0.40081520882051935,0.40570914211543146,0.4698366076013219,0.5056194335279636,0.5520227068054858
55.0,2,0.9188226460494826,0.46475130200431825,0.43386414397170164,0.5529900133210466,0.4258542064392897,0.503714682782943,0.7270920044438925
60.0,2,0.9593061150790069,0.5171832302427681,0.4075235420112763,0.4307960544035844,0.636213301383744,0.5940163875721584,0.7778307785281148
0.0,2,0.030322734079944853,-0.2,-0.1,0.0,0.1,0.2,0.3
5.0,2,0.11470218825839648,-0.9528849283619549,-0.814805575563698,-0.745449263680902,-0.6896879557345371,-0.5517599159894488,-0.4684686001782708
10.0,2,0.25083215569538597,-1.6943887468526724,-1.5467500641286067,-1.5407167311149215,-1.4276987965610364,-1.2916176958220056,-1.2449404445384025
15.0,2,0.26669237279933194,-2.455115664825731,-2.29483512370807,-2.287224546413897,-2.2008968114204785,-2.043849905085838,-1.9872466670724749
20.0,2,0.16432972781690738,-3.207361086015722,-3.087667637644886,-3.013476784008338,-2.9720457631039716,-2.7971138100052064,-2.7145598772572095
25.0,2,0.11900601561287621,-3.9473141908940517,-3.8956339806283484,-3.805592681948873,-3.6556693238061073,-3.5794835413503803,-3.4315874789164185
30.0,2,0.6071437372295867,-4.7236967442918445,-4.693763706621312,-4.5282330393232995,-4.400953339822152,-4.38792778032165,-4.103762826672789
35.0,2,1.3685784624811108,-5.460781045209846,-5.552547189301389,-5.239874762851521,-5.174337898309279,-5.101758673594773,-4.832094107295086
40.0,2,1.0123643025372426,-6.246233993671843,-6.2936000920935955,-6.065803381844827,-5.876958906318228,-5.846100191015526,-5.555753351126698
45.0,2,0.5832641298465685,-7.093852786199654,-6.9364858801334615,-6.871770306297499,-6.65618137602938,-6.574686917129623,-6.2745288897898295
50.0,2,1.695584145544168,-7.846192115457062,-7.705324128318566,-7.617912358901832,-7.537865582196825,-7.09088825695636,-7.132379953257498
55.0,2,4.722403935237218,-8.683213991289591,-8.299508709373368,-8.457503200979165,-8.323294495884305,-7.785638034664664,-7.904460202405864
60.0,2,8.77963182534222,-9.497346859887523,-8.890513603444077,-9.34366492288887,-8.994470927864251,-8.61661842422944,-8.634060135791595
0.0,2,0.022320598356172165,-0.2,-0.1,0.0,0.1,0.2,0.3
5.0,2,0.18011450382485666,-0.26853835424186795,-0.08355813642466749,-0.017826203406373756,0.0893030454305521,0.14098633326863236,0.31047438206278744
10.0,2,0.23322898182227123,-0.2474427037266963,-0.20140009929838867,-0.03758414526505274,0.08219615908845614,0.21619521358745467,0.22971770899236257
15.0,2,0.13298918663623124,-0.34620730785676224,-0.18108435833227737,-0.01137844140486531,0.03076058450584129,0.15291271495712122,0.2675200081981444
20.0,2,0.505764244478333,-0.40181346334992624,-0.17693085957309274,-0.11209564006930195,0.1077693744738298,0.10525676284210131,0.26117809243265705
25.0,2,0.4073917766327011,-0.3853776102297125,-0.3135460089609835,-0.09146041892396926,0.06466636577186355,0.1978517779467428,0.18207122784139793
30.0,2,1.0796151907439986,-0.5064559767689257,-0.2857740290032656,0.014198376829598139,-0.06271398750539008,0.12586965213823975,0.23992236444415238
35.0,2,1.9091064624115648,-0.5102981065099697,-0.27418569341722115,-0.2396902419753768,0.1695160921495626,0.07046855696823336,0.18007685960823758
40.0,2,0.3463714618843105,-0.5313215260735272,-0.35608599261179785,-0.1317400576321438,0.03921138692120572,0.109576721787031,0.13708800112173672
45.0,2,4.7400207405692845,-0.5915297726821569,-0.4098767314380439,0.09085707044991224,-0.2070951607003309,0.12190841071458798,0.13330578385760297
50.0,2,5.246855673113961,-0.5537873555278618,-0.3288673791582575,-0.3784691196094475,0.2367737230838419,0.00045142412891646146,0.032309373973473485
55.0,2,2.234943426454604,-0.6750089180053342,-0.2568690793121473,-0.19715498613638494,0.02818383466237584,-0.11204008561610233,0.09214096798743047
60.0,2,19.01502949219724,-0.5464866999005417,-0.6058276788344701,0.22114482567274785,-0.4190910736172329,0.19486837673368262,-0.09451494978513249
0.0,2,0.09999118576502311,-0.2,-0.1,0.0,0.1,0.2,0.3
5.0,2,0.1846096473210298,-0.09169138455148255,0.005301556663283543,0.08435025341912471,0.17225907802157017,0.3003206189029588,0.36064026273366645
10.0,2,0.3466513984495641,-0.04811311718781568,0.1609932637528368,0.18324683626743055,0.2311106633839834,0.34661360312954664,0.4885095210322631
15.0,2,0.323629901940089,0.08661337318092294,0.18059749689015206,0.2165863266290775,0.3648094017446145,0.5091874382467043,0.5357471188759036
20.0,2,0.16544897473064712,0.12653302069276245,0.256025458752689,0.36013585151901667,0.4036736382217208,0.5841391804719835,0.6942143910983221
25.0,2,0.15014569203765046,0.17332734523854892,0.32545018493786454,0.4242074814913397,0.5369701810694931,0.6343651327172101,0.8615816004911566
30.0,2,0.6271578142622319,0.3050533114588432,0.2809419076139005,0.4464825901234814,0.7174306701612052,0.7872451905544202,0.94992864122286
35.0,2,1.1770783261191897,0.2903305051938816,0.3622949042083346,0.6781751487933215,0.6765701621853034,0.8378524285624717,1.1730395473805015
40.0,2,0.6338398342892521,0.3841664409656993,0.4145577000536671,0.6350264087372792,0.8803368598188827,0.9781331659270994,1.2572225060102853
45.0,2,0.859142468362758,0.4426674978318757,0.5342760252264213,0.6266366033714632,1.0100668721342632,1.1300889444183757,1.3368875237196194
50.0,2,2.384286250976848,0.4078738881979419,0.7142764607805626,0.9091502927673175,0.8193939499989663,1.2817992375132965,1.4793100226330675
55.0,2,3.1989661572130643,0.600755639619095,0.7850675451804038,0.7470689149045558,1.0754378622939702,1.5400135598275635,1.394640715254717
60.0,2,5.887105115169333,0.5789723921640917,1.111144820450328,0.7748512320985962,1.1888619162522152,1.4505240347488983,1.5698102265553533
0.0,2,0.29590876439058217,-0.2,-0.1,0.0,0.1,0.2,0.3
5.0,2,0.29984309045637825,-0.940660268329584,-0.7726747773185619,-0.667580001377402,-0.5686201444968998,-0.5086469677945095,-0.2832384761458506
10.0,2,0.231495594472766,-1.6146747848564378,-1.5660516500708384,-1.361628621397216,-1.2136260473926381,-1.0922386931888026,-0.9346214740196874
15.0,2,0.18395599710559837,-2.3722131117884584,-2.275210680100154,-2.0319078789648652,-1.8948644225720532,-1.7363447521856865,-1.5137210607771876
20.0,2,0.3746903177750278,-3.1519327118084663,-2.9285054838689644,-2.7707057653881635,-2.5271334919254738,-2.398260452737233,-2.0891446361228825
25.0,2,0.45273021547084047,-3.833100464770325,-3.7011019281139075,-3.490925472130388,-3.1967770033177225,-2.9040996553489666,-2.7810986536326863
30.0,2,1.2220886518671286,-4.6202832149982305,-4.329551234194712,-4.0992935467903,-3.9852923213932763,-3.54058801321201,-3.3735154821882527
35.0,2,1.8567221725714074,-5.320819481084716,-4.940046694942745,-4.937203145800418,-4.530260395859964,-4.223259619012107,-4.038355111539552
40.0,2,1.2894884177453152,-5.9303100821922605,-5.684558194228658,-5.59302722432144,-5.220985245585919,-4.844418043859522,-4.758066293514439
45.0,2,2.818039285376348,-6.591918724551835,-6.389999381843468,-6.011657595311509,-6.101267535901459,-5.5993460227788665,-5.378596458777925
50.0,2,2.3235416535336775,-7.106033471410675,-7.066068836480605,-6.933331880887484,-6.442064328934633,-6.455494362453429,-6.111213474461098
55.0,2,4.540344814036554,-7.70093667411029,-7.725379914982883,-7.504733770353984,-7.1339855818526665,-7.325163493392359,-6.765427555398563
60.0,2,13.555747555165691,-8.244206867416494,-8.555094332786531,-7.7509580162981955,-8.205352928208535,-7.9138287673419105,-7.5276067135018225
0.0,2,0.45446762754448233,-0.2,-0.1,0.0,0.1,0.2,0.3
5.0,2,0.5199060174665838,0.6385394665217083,0.7732780941825622,0.9362544151214853,0.9334399106079407,1.0645848139944238,1.2345324704201968
10.0,2,0.41890556744367835,1.4982924959017045,1.6180701610022483,1.7165570697941128,1.9212225007479338,1.9605016064390706,2.1466145078115613
15.0,2,0.12715664744634536,2.310475892617104,2.4426547195618005,2.610310660037199,2.787637988959331,2.892122518692693,3.098685732676806
20.0,2,0.6511503512866896,3.099648562517107,3.253234106712118,3.562037625649452,3.583497319635291,3.8626274974526797,4.0614715714266145
25.0,2,0.5388060476353674,3.920986531840636,4.116000833014516,4.247991711189518,4.632996151659644,4.804987386585085,4.980183239952101
30.0,2,0.9252527038257923,4.662035918442805,5.035510359419447,5.139026085839286,5.472927956333524,5.699429033904215,5.9748456711505
35.0,2,3.0114110435985655,5.545421081811433,5.756149574188963,6.158005308527746,6.194112739080563,6.774285493962232,6.83642999836707
40.0,2,1.2504361764139116,6.416648499573529,6.677698990316129,6.829556761496995,7.286446568678198,7.60083165614211,7.733850890579281
45.0,2,4.838814600587236,7.19643169239223,7.71683458428313,7.6984011795377745,8.212521836596085,8.247880243059875,8.753593001765351
50.0,2,7.460804681302727,8.336002850066388,8.20688129934585,8.90261602464071,8.826854895382946,9.397045327310419,9.436891311736268
55.0,2,1.8576824065260864,9.254926367883378,9.211664728839047,9.682488942740209,9.86468208705136,10.033590328673803,10.339568424142676
60.0,2,24.832264981354356,10.02916977087493,10.535014409574547,10.251463769423452,11.077537098726486,10.423876231757202,11.35048876982157
0.0,2,0.07353638600463412,-0.2,-0.1,0.0,0.1,0.2,0.3
5.0,2,0.08756832303391751,1.032780754508885,1.1018281577080786,1.1982446061388747,1.3373882900694338,1.4287071005612366,1.4947291960049132
10.0,2,0.07000413994988568,2.2400284541393316,2.34148208612836,2.453764095854699,2.517905281944883,2.6196764034275075,2.714499888488074
15.0,2,0.021320162970320876,3.4880740675007016,3.5648187607937607,3.6579134653132677,3.749956575537549,3.827441985735637,3.892829460093351
20.0,2,0.039844138575857724,4.734749965447053,4.803271945651711,4.864839168735847,4.9791917223088955,5.020860105315485,5.0717995125067254
25.0,2,0.08425558801549508,5.955667615680239,6.0566813290062305,6.14246854262106,6.137621569751438,6.200065211775707,6.27588625612249
30.0,2,0.09463899621598629,7.234465824973295,7.260335679954927,7.328844315543291,7.387347696882637,7.429298132216241,7.421776980378181
35.0,2,0.1650831901174759,8.44174794874198,8.538040272416998,8.542629175152761,8.610021945971312,8.583910321394082,8.639397071262934
40.0,2,0.17465953699804176,9.663814772924951,9.75248497896644,9.815224065607088,9.774567717469763,9.800317181735622,9.84301612322765
45.0,2,0.3812956757668208,10.933325875110903,10.90743292609957,11.000452327021444,11.027247729561262,11.074307018626133,11.000337068503582
50.0,2,0.5252888764893225,12.057248715891191,12.226102692048302,12.204852988072837,12.2611397722199,12.183123043322839,12.304313838359214
55.0,2,0.08008094833250859,13.292525035695006,13.358517318885148,13.432590162470689,13.471156295730948,13.478259635684998,13.49741070643886
60.0,2,0.946036914649991,14.521371450261727,14.471829577826568,14.68383036432783,14.655870894275125,14.794733728669112,14.696501244536712
0.0,2,0.09008419586583949,-0.2,-0.1,0.0,0.1,0.2,0.3
5.0,2,0.2999947153801861,0.4162677577854417,0.4481857869403749,0.6404733807972317,0.7309249966844494,0.8620091708915902,0.9475277856977931
10.0,2,0.4305649726733204,1.0087782947715704,1.0827428947055744,1.2310820676427132,1.4096968141558244,1.442520595071678,1.6159570912464134
15.0,2,0.44319776784556275,1.6294568230910704,1.7061945861511927,1.8674914000028786,2.0297771771345112,2.0606747450931056,2.242571904917895
20.0,2,0.6333515352631166,2.2979469104135144,2.2958814059087707,2.544661678746549,2.588117190801781,2.7551978507773702,2.799750478539591
25.0,2,0.19898248521399187,2.8990130682533817,3.060824062372661,3.1080017841516034,3.2399543744318042,3.3156364826188454,3.4035146221561794
30.0,2,1.0262020608204812,3.5489189161792454,3.7864054450879174,3.6764117373647824,3.8793334675071747,3.9305480811088387,3.9507156255334244
35.0,2,2.384751859846623,4.263361970633729,4.359432935880064,4.451352049713652,4.3280516985477675,4.666409289188855,4.449114207614164
40.0,2,0.9121530103524342,4.89351350141804,5.1087788228192705,5.033515374804843,5.01008448899977,5.144781386558812,5.072437455774374
45.0,2,3.9072214710392843,5.582124583662335,5.787408932389548,5.513273906602358,5.847355272519451,5.5878485411458945,5.690488672852334
50.0,2,4.360856048283031,6.350601857803258,6.1231270885419455,6.518472609592309,6.199085323999873,6.293389378835491,6.269212529195902
55.0,2,5.848994938011439,7.003191066371451,6.700638895395578,7.1696379231871585,6.902562568960559,6.760761210232889,6.962486002617927
60.0,2,23.13317277426585,7.558806250770349,7.549651472574531,7.326072314108421,8.038221519199354,7.0804552949868045,7.691459693922912
0.0,2,0.2765748855278309,-0.2,-0.1,0.0,0.1,0.2,0.3
5.0,2,0.14892050689744388,0.24760003365550953,0.39815357865946877,0.5085034893771401,0.5954800177586433,0.7207041242795337,0.8655402453523113
10.0,2,0.047922191659278794,0.6977574405116106,0.8675996530053343,0.9817201728676513,1.1261793760484051,1.269241612770798,1.42946472296141
15.0,2,0.041083381209683315,1.1581322450156055,1.2997653620661214,1.4594576902104504,1.6542827361378598,1.8502996484117582,1.9860067854060017
20.0,2,0.1367736793012982,1.5693549513401428,1.7808990386394055,1.9826724209125797,2.140341103364239,2.374748109489667,2.5959103325843857
25.0,2,0.2654229331606245,2.0455752283213067,2.2231657600052013,2.4232556717889073,2.7124189424374245,2.9306788962422323,3.1448129466179373
30.0,2,0.39184206709345093,2.516456849256756,2.6852660318789656,2.9362992691525633,3.2131898161082284,3.4640656501049145,3.700611317994191
35.0,2,0.6294248306159836,2.9866260432068055,3.1879876731703827,3.488034210719172,3.6723538993814477,3.962499681406625,4.25436891569382
40.0,2,0.6296714697711646,3.547329627907714,3.680348377953523,3.8982851767424025,4.265779988428426,4.485853692548498,4.710255049080323
45.0,2,0.34950843732734627,4.0444879538885425,4.26531749605852,4.458295219002158,4.700152260636364,4.935615511515251,5.219964960642671
50.0,2,0.49110780050977304,4.6237578636794465,4.787134651230794,5.0228080748745905,5.123192922802017,5.462956963164452,5.639964415074822
55.0,2,0.5049488635570717,5.23217745378763,5.364572629755219,5.415698584984257,5.718751723158149,5.934027463452908,6.030568524770608
60.0,2,0.9903472163249535,5.722146257834389,6.042739780962072,5.999795412171523,6.134976902279878,6.282159490857901,6.549960024885694
0.0,2,0.07549099197047254,-0.2,-0.1,0.0,0.1,0.2,0.3
5.0,2,0.18846773989211868,0.2443117378257907,0.31936516773981916,0.4176817295537575,0.5504460165732662,0.5563041973771998,0.6977202906439717
10.0,2,0.40157073979011176,0.7254926456890177,0.686533260753056,0.8912291077254852,0.9430931744760275,0.9715476221474071,1.0537624686366212
15.0,2,0.4152454936600787,1.1416986968738816,1.1616492864699846,1.3412114046174952,1.3422463253382282,1.3155551017597824,1.455126604082069
20.0,2,0.5657930023310892,1.5803863574765178,1.648781156381236,1.6756620530725266,1.8285690758737998,1.7064856661224774,1.8034322499287103
25.0,2,0.36864188433608003,2.0088102854526335,2.0822560231897147,2.1642337691616422,2.1331595987385428,2.208030121378407,2.1326559006481665
30.0,2,1.5271196289635567,2.3797116722288894,2.587691047105273,2.6065317565383412,2.474146291894909,2.6585200912602027,2.5083739792553272
35.0,2,3.7066042467757256,2.7755150943472415,3.1093412154620665,2.8170972552778886,3.0689575089673435,3.049073226736038,2.8808196772061643
40.0,2,1.8839537931658639,3.169699702778931,3.455740198296083,3.3987428570224893,3.348670808559459,3.5025851444794522,3.3111944065740917
45.0,2,3.3489805697291453,3.6282448368939972,3.6731165347559656,3.9789489328463303,3.7025506334455947,3.938449551449975,3.7511517680323694
50.0,2,6.128031652587265,4.034487510019352,4.092771328150788,4.113412549510844,4.556715169593707,4.060756369152714,4.30014847071052
55.0,2,8.646974121669476,4.420070194055895,4.334167315514373,4.774419875934693,4.880202302206731,4.366336363326081,4.868924485813899
60.0,2,27.002502018974386,4.973973777161512,4.321137381555439,5.531431852624134,5.019846921277173,5.09764032618314,5.185919417763871
0.0,2,0.6166935439841408,-0.2,-0.1,0.0,0.1,0.2,0.3
5.0,2,0.5431412257646105,-0.934317864645853,-0.7743204562690253,-0.6326238841094569,-0.6132104780896275,-0.44167081592385277,-0.3160828100143836
10.0,2,0.39165839735110813,-1.6837738993816473,-1.4450607732254563,-1.390728258979273,-1.1993250634867683,-1.0896493701078587,-0.9159152529233944
15.0,2,0.14829600546215602,-2.4110774275977396,-2.2159508080677317,-2.0821208425311704,-1.8444984199289076,-1.6523303735917092,-1.530701055439327
20.0,2,0.7658026126081148,-3.198583974971739,-2.9709708393602146,-2.6490339093238044,-2.602035375117639,-2.254725658338113,-2.0735554790972723
25.0,2,0.6067223071698445,-3.9338962847538936,-3.6910878353968215,-3.4840230909882592,-3.079823242817506,-2.9150664033461995,-2.6572346879582796
30.0,2,1.1284985041847038,-4.6764950761853905,-4.4228771374376965,-4.1574689863028,-3.7148249435165024,-3.5721924212625593,-3.229499289608153
35.0,2,3.721658598743045,-5.375485571368593,-5.234783258862268,-4.601872614571942,-4.587672459745365,-4.131513613985527,-3.8542566448315556
40.0,2,1.5552083535086625,-6.0244645074700935,-5.8605757711352,-5.519480991856152,-5.01005838159697,-4.831519506713022,-4.551711313645904
45.0,2,5.004859793772793,-6.78890695712481,-6.307011365367038,-6.256467270113156,-5.642841176606046,-5.651545576522761,-5.163264435735676
50.0,2,8.294149152428634,-7.307333668745241,-7.170210606513052,-6.552405179163729,-6.739373842966928,-6.009789018203555,-6.043150774929037
55.0,2,2.130665652595097,-7.889383340396414,-7.6561891133647,-7.476569039814716,-7.2069508649201195,-6.747281803172052,-6.8581152379056824
60.0,2,27.246107053349807,-8.713897679512774,-7.76398167318019,-8.448403128257695,-7.592590580720287,-7.932260712259616,-7.39558193469552
0.0,2,0.2518379081702559,-0.2,-0.1,0.0,0.1,0.2,0.3
5.0,2,0.460385619996649,-0.4015577780196771,-0.23276092060591058,-0.16096875838994568,-0.15507942006912065,-0.046336013924287045,0.09334160306776712
10.0,2,0.5498384287938539,-0.5525091802335336,-0.4492084448009087,-0.4297055257017685,-0.30141998478772947,-0.21179019924396292,-0.16208924111446185
15.0,2,0.4042196821398145,-0.7948936704129808,-0.6380230248891329,-0.5966668779355973,-0.5422889987539447,-0.4201497304378354,-0.31806156139409253
20.0,2,0.3168108362875018,-1.0370123786044314,-0.8800563115044843,-0.7766758070562577,-0.7581833303227621,-0.5998094946324097,-0.4617078296444712
25.0,2,0.3449201695217981,-1.2380797470526415,-1.180316615397719,-1.0779720524738596,-0.8412034406334853,-0.7449366403519545,-0.6342979437963785
30.0,2,0.38058004700437387,-1.5711807416122767,-1.3916033110801673,-1.205456345936188,-1.093859717699744,-0.9877342761256922,-0.6703333351932018
35.0,2,0.6383878246746064,-1.7783074243650365,-1.7476340362336635,-1.4178631090770342,-1.2707571508154627,-1.0675994034129954,-0.8413678916843325
40.0,2,0.742437093921256,-2.0390925597599434,-1.9734537164385415,-1.726068295234932,-1.37516408402886,-1.2309612784238162,-0.9821503696436822
45.0,2,1.3258854984484878,-2.4080840589000307,-2.0621760709253927,-1.8830421775116681,-1.66112764280464,-1.4704048350271597,-1.0454168063021432
50.0,2,2.1460409890865155,-2.5061053478620363,-2.426961103361391,-2.1318295039291457,-1.8780948102470478,-1.387492943092692,-1.4031291709200346
55.0,2,1.84653225559258,-2.818385350030861,-2.4354285715812702,-2.3727546084027185,-2.101393038386177,-1.662984622836223,-1.546027976116362
60.0,2,4.591740034968722,-3.0663406550536485,-2.4633138643083696,-2.631276362091428,-2.270807194299606,-1.990319468723245,-1.7182779108186326
0.0,2,0.08815364521036148,-0.2,-0.1,0.0,0.1,0.2,0.3
5.0,2,0.2735536140514129,0.03553982307674957,0.10105397832346372,0.3067953813973375,0.3400746253084315,0.49707630832719213,0.606468147628738
10.0,2,0.34657178040154935,0.23146733783517032,0.3819567832330917,0.49440316304942383,0.6976388845761181,0.7182355151150089,0.9503148443150279
15.0,2,0.22698898388876382,0.47134751457654006,0.5754819568675663,0.7488566381181897,0.9778946807961422,1.0481811595478039,1.2392628422795433
20.0,2,1.2337993353369359,0.6903487839483103,0.7659644767774353,1.124821987449446,1.119659643989614,1.415540032598312,1.531698131484589
25.0,2,0.5578429754974484,0.8793079937346124,1.1266063553194272,1.221098850567877,1.5246673136932347,1.6459542832281249,1.8374065237663526
30.0,2,1.6676407358814362,1.1089609822817512,1.4320882043941796,1.4152532631846613,1.8258089857234832,1.943719825854951,2.0962183229325255
35.0,2,5.00125467811489,1.3983148891887833,1.5697247491744368,1.9544603978210457,1.794689287359403,2.383834118185059,2.3080344067047758
40.0,2,0.7684801835929878,1.6719723362577108,1.9449264823039112,2.0068175123649823,2.2831310302697636,2.520899262326169,2.568319488972955
45.0,2,8.788789605689194,1.9259402593685977,2.36087569697044,2.1066433893730894,2.7667564883761795,2.5316853804812256,2.8911731619880037
50.0,2,11.853634177543983,2.3978796198537324,2.223625137181602,2.9640824569402517,2.525010841874919,3.0307782080093153,3.028706376759666
55.0,2,4.67718547775922,2.7683801626307485,2.5103794142849845,3.0733940875838948,3.029627509125545,3.108790357563851,3.266519373492458
60.0,2,49.165552638612326,2.8664126907673615,3.32434856410662,2.762486717315016,3.9041086425710625,2.7594810744625966,3.7272614795210623
0.0,2,0.10877992105332414,-0.2,-0.1,0.0,0.1,0.2,0.3
5.0,2,0.34692447684420386,-0.8557449633112036,-0.6704893758060586,-0.6652905338332734,-0.5789660128453993,-0.496118386115733,-0.3805978998862347
10.0,2,0.5542930724125352,-1.4699226614662686,-1.3423005976692317,-1.3156479720528884,-1.2701728474399536,-1.0971715571150895,-1.0991987078523586
15.0,2,0.5764663292440872,-2.140248157848743,-1.9847798967242312,-1.968872717614419,-1.9418715429961528,-1.761624903087804,-1.744224297122325
20.0,2,0.5663099828414185,-2.8340995925239283,-2.6281965298193475,-2.6710547566243736,-2.537601491660916,-2.4798354828675873,-2.3380408336954797
25.0,2,0.2470816796705783,-3.458560881986256,-3.442032936997477,-3.2906517094812497,-3.189751905953134,-3.0804815477181617,-2.974556876853256
30.0,2,1.1965796798788295,-4.166974309542697,-4.188980877500709,-3.8659590841477516,-3.8766662575697004,-3.7674162736730623,-3.517246228353503
35.0,2,2.542907632284281,-4.883419088213875,-4.8528437312901715,-4.669170031024812,-4.356033729742089,-4.496862920507451,-4.0721207018068935
40.0,2,1.4545273606474218,-5.565038003668585,-5.614983508789346,-5.301750056156941,-5.058085337612497,-5.023826737984807,-4.713973730171056
45.0,2,2.984838518412109,-6.327955513482261,-6.272686971540209,-5.827074171715276,-5.935262460883518,-5.5191188512003535,-5.342766577359504
50.0,2,3.84526861373117,-7.088942330266168,-6.697714867593545,-6.868280350941451,-6.347857555024054,-6.143820927846867,-6.025455686306859
55.0,2,8.013289015962219,-7.833874116726223,-7.227872155881278,-7.5449410071278,-7.122178288062466,-6.668046883519811,-6.7223664384592325
60.0,2,21.480058257793164,-8.438197398800238,-8.052906025850984,-7.820337848769089,-8.217617864708135,-7.0563586418167645,-7.4810682816296055
0.0,2,0.004622046057349349,-0.2,-0.1,0.0,0.1,0.2,0.3
5.0,2,0.20137180223542472,0.2303433032513451,0.2482310796136408,0.3765772127112769,0.5603183221080682,0.6393721751966316,0.7050547193899026
10.0,2,0.4941409791034038,0.5534735643552308,0.708189390541794,0.8783777252778665,0.8934351233199569,0.971138586111636,1.2151792349352484
15.0,2,0.36240374658456986,1.0409592660924534,1.0266040877057285,1.2008607906871924,1.3947228057377914,1.4668905894686075,1.5496528971207908
20.0,2,0.0920551198683704,1.410319033456396,1.4903501048074117,1.6249993442874195,1.7764039133915752,1.8533405449345453,1.9841743082060455
25.0,2,0.508268136696586,1.7566163771473777,1.9900736776648444,2.0955796003781026,2.094284261206606,2.2386305981359405,2.424299546821355
30.0,2,1.3023666497635,2.299322939541239,2.315112731519298,2.358699120174534,2.613268556141386,2.8113847736970796,2.66159275255151
35.0,2,1.216728977573331,2.5760848684868414,2.9210861238445673,2.87484008454733,2.8926081726594637,3.076477612345348,3.1781808240123333
40.0,2,0.5858654714239766,3.063098505089855,3.283556312216212,3.273795506605814,3.323446001718108,3.5164294902481967,3.51884868228856
45.0,2,1.4417921470820816,3.6360201519126747,3.536573869932646,3.6287047743012284,3.8431247053529707,3.9761747686911573,3.8184730402469507
50.0,2,3.297025281231119,3.8707629469177403,4.134908489845074,4.263103184357103,4.117263673774298,4.0225782311169835,4.490351596697338
55.0,2,3.9790237420217465,4.559019271863009,4.235407092743948,4.521305252879149,4.765973007674418,4.569882987105096,4.7072773227137334
60.0,2,4.707619815955728,4.948039408881379,4.6260621883444895,5.066465610836164,5.075241334981104,4.931745470007677,5.171207734199391
0.0,2,0.007074059173577739,-0.2,-0.1,0.0,0.1,0.2,0.3
5.0,2,0.4359558492164318,-0.38603491218577424,-0.3154472172061964,-0.13332362304707232,-0.10789793876456985,0.11832590730930725,0.14212507875220942
10.0,2,0.535777789879265,-0.6379890802246508,-0.39411153377504177,-0.39494504039969036,-0.18542078896153588,-0.10398942860940005,0.05195046168611078
15.0,2,0.33419352058097973,-0.8014003366388387,-0.6157333535007022,-0.5722365683076102,-0.33663531264147245,-0.20435648975044163,-0.116396054587259
20.0,2,2.054104664396391,-0.9535628841090685,-0.8999722849489049,-0.5736229152139648,-0.6467763979833933,-0.2758355151845963,-0.27924082312851684
25.0,2,0.7027955901904294,-1.167320540592968,-0.9616880832303599,-0.8877786283733454,-0.627761368056462,-0.6024324839101076,-0.3642824215472726
30.0,2,2.642160647254095,-1.2897698131704118,-1.1477832860598183,-1.1249945546857627,-0.6796450010456591,-0.8166137705994635,-0.534709805291464
35.0,2,7.75021983685211,-1.3744170829345583,-1.5274328073917753,-0.8920224308104886,-1.214203209014999,-0.8122200566877684,-0.7554733491550393
40.0,2,0.5651684022005509,-1.5554528943847288,-1.5097782083294213,-1.3084064752162945,-1.1315530224012187,-1.140868708279416,-0.9119623325255518
45.0,2,16.005414655113114,-1.7714699503351736,-1.3916715975847957,-1.8115553062968883,-1.0041682746913696,-1.4860342039447532,-1.075375013425728
50.0,2,19.25391402960982,-1.814691058376003,-1.88319000414427,-1.2701553186182257,-1.9532863307955766,-1.157892793601592,-1.4433115458851766
55.0,2,7.146250767159692,-1.965142198517174,-1.8770140990994038,-1.70878997515045,-1.9211025078602442,-1.3303152767291302,-1.7024156992067063
60.0,2,83.88819248233497,-2.392675059237089,-1.2955426599458129,-2.7534536553505093,-1.2341006413020943,-2.176062304065149,-1.635198141804733
0.0,2,0.12137900057392209,-0.2,-0.1,0.0,0.1,0.2,0.3
5.0,2,0.155754012333874,-0.6958899878055181,-0.6729932594585314,-0.5523344483801003,-0.41981495461288487,-0.3366256810798533,-0.2568073699185849
10.0,2,0.18661264292444174,-1.2284694883177851,-1.1829811712218896,-1.0560762133088721,-0.9912979053492168,-0.9322496883271469,-0.7778569359860305
15.0,2,0.15090298739541227,-1.713485792652364,-1.7125495128212307,-1.6124096687378258,-1.522065296936367,-1.4864744592384256,-1.35641237338022
20.0,2,0.08507162048213517,-2.202626513277266,-2.2219200057736606,-2.1602471820288955,-2.0796685138984636,-2.0258682728961865,-1.947532317147434
25.0,2,0.1703077438993955,-2.745468302597415,-2.666216898778466,-2.669611316722734,-2.6933170086014186,-2.59648485475371,-2.50123012482363
30.0,2,0.5026937849997355,-3.2185915860974426,-3.176594441543926,-3.281318531792231,-3.2112636100131096,-3.088596049406866,-3.130429988679259
35.0,2,0.8709224869162866,-3.7586948259633797,-3.6506286567856105,-3.8042798206318857,-3.8051360499344518,-3.6430354107866068,-3.6794851446864105
40.0,2,0.8935081781757109,-4.2892246327139345,-4.179467287722156,-4.307879817513974,-4.38487850064271,-4.209408399869117,-4.204866971581915
45.0,2,0.5711239826109433,-4.742348322997667,-4.8186770252607,-4.911721366959891,-4.820341349935998,-4.75257984172378,-4.764523404421307
50.0,2,1.0143841342281115,-5.3246413876490175,-5.382758125941198,-5.349235076247507,-5.388246172775706,-5.437015752848926,-5.162760497092468
55.0,2,2.99783976908019,-5.804137842442433,-6.091900726882116,-5.859676552947929,-5.883500889941306,-5.973410004216738,-5.666496697379681
60.0,2,4.383024681148656,-6.3366292555969155,-6.708451378028554,-6.46824667131885,-6.329898629314189,-6.500589705675295,-6.169772775131809
0.0,2,0.0002690956078107549,-0.2,-0.1,0.0,0.1,0.2,0.3
5.0,2,0.05776827376138602,1.2009612729873926,1.3170327823973387,1.3980339820738292,1.455372843968989,1.5339879097944578,1.6738751528015037
10.0,2,0.15155150197221562,2.658419310418894,2.6669940908438057,2.7463250172776412,2.858751719156959,2.9361595956984163,2.9918781546513045
15.0,2,0.15125998934299403,4.019884508299009,4.104628989861116,4.168333669133573,4.184319646719563,4.256714335699126,4.403910682358221
20.0,2,0.1279959231608966,5.4271412230723195,5.484428772243137,5.515211644001465,5.579247057381011,5.644827777833049,5.766199301563027
25.0,2,0.24812603955469004,6.838217528468886,6.832441626508945,6.863026598059491,6.967826985266556,7.074124741778494,7.120682240035157
30.0,2,0.4158988336990995,8.136230713819895,8.27629718965865,8.29899892308356,8.266052648173188,8.411027958165384,8.58697623124038
35.0,2,0.3392487994738141,9.558563492918049,9.588217854737412,9.56866598857938,9.734000262171513,9.872652986160617,9.932747023597589
40.0,2,0.19608812042917875,10.893546741994227,10.954709591353284,10.97054243031341,11.079136037554775,11.26118124486049,11.37499550611177
45.0,2,0.6049205840147149,12.204035758525675,12.332300141387744,12.41440498579247,12.394883672515421,12.614413443287164,12.853337494703007
50.0,2,1.0683318132608683,13.672984596344255,13.579868073331783,13.633555145771414,13.945424074251818,14.079309728749326,14.181497821786444
55.0,2,0.9044770341439866,14.933758284879989,15.024594865371371,15.134116944467502,15.21547488475363,15.347874411423717,15.716083993362213
60.0,2,1.0749857345923641,16.356606072766418,16.310213189557928,16.535463158225866,16.57240859332106,16.80380785169493,17.072668462715967
0.0,2,0.028223678510865782,-0.2,-0.1,0.0,0.1,0.2,0.3
5.0,2,0.1256070103840407,0.22866172292391518,0.38330974578284477,0.48927282284215384,0.596674314342443,0.6919974544087665,0.8202628072919642
10.0,2,0.2836461917361258,0.7328394533505104,0.7951679743918965,0.9508305397022148,1.1234378186852445,1.2547781272178067,1.263303821836492
15.0,2,0.28827616415765034,1.1405827269434878,1.3369298116212387,1.4957394219266618,1.5705095991616105,1.6840162088049855,1.802758834318259
20.0,2,0.2658452892377341,1.6471053395030484,1.812278693402641,1.9406358873722427,2.122085998949229,2.1738250740775995,2.2447844770635452
25.0,2,0.3662696278368119,2.177826522789749,2.259339601392243,2.4566033638976172,2.60664467709911,2.6862762061791354,2.6642039666025545
30.0,2,0.6907749511555388,2.610621023614099,2.836939647198706,3.050730351400467,3.0148961147115503,3.06611597880558,3.1817700898221606
35.0,2,0.869456006925817,3.2026070459767864,3.299424428966521,3.4098818280951675,3.6562841574480354,3.56540481703599,3.537649795622199
40.0,2,0.4936792617501879,3.6841939901470133,3.8275289328988236,4.01471867059028,4.04618879113615,4.01020463261049,3.9985959233541273
45.0,2,1.468784591367133,4.158165766987144,4.361340391785776,4.610473221684355,4.4370438664341485,4.4638358003531176,4.460750761084537
50.0,2,2.586739742302482,4.751400688741343,4.8416509167178345,4.851752650366218,5.1753021481340795,4.9819981636503385,4.799684108311422
55.0,2,1.8229637510926109,5.0966682328463735,5.46558119457614,5.542787918946991,5.461745542453512,5.356043737276509,5.389140917414003
60.0,2,3.7858953756539186,5.676319096908798,5.775479815735166,6.116450206495866,5.870946301830067,6.027141483359846,5.7558095067760595
0.0,2,0.012301335050615972,-0.2,-0.1,0.0,0.1,0.2,0.3
5.0,2,0.1277785483637055,-0.7214975721268337,-0.69569178266551,-0.564915818590264,-0.4342652128205263,-0.3919307064997405,-0.2796057989814769
10.0,2,0.3869176891242059,-1.2844241944430588,-1.2492521536195478,-1.0709318022508434,-1.0310379882416254,-1.018565528678124,-0.8216021161355092
15.0,2,0.42586345394644987,-1.8007160817687908,-1.8320638987322146,-1.6600059825586866,-1.5648783762270073,-1.5755062853279986,-1.4305500504383655
20.0,2,0.15235219172478726,-2.372802814428114,-2.342237886704786,-2.2391355833422373,-2.1410459428733164,-2.140156445402408,-2.0162488939865777
25.0,2,0.1821915998799623,-2.9777881027050292,-2.8251923966670955,-2.784349640670715,-2.782437612469207,-2.669281187656517,-2.6004855182532824
30.0,2,1.2086702945578396,-3.520567329359533,-3.3680561206576565,-3.4308990709329663,-3.3339665934065663,-3.1154665917649984,-3.258485643984459
35.0,2,2.4130960099759733,-4.164419233474066,-3.819417494862269,-4.002344649685578,-3.9365000323364847,-3.701319071451035,-3.7913477599810723
40.0,2,1.8369460731930896,-4.716043862743313,-4.432796144073848,-4.541613264246599,-4.509370690654793,-4.24885793021201,-4.354573241544272
45.0,2,0.43871442491996576,-5.194381102049628,-5.168803136696808,-5.08673083989502,-4.995649729527997,-4.83534335052305,-4.910253866466725
50.0,2,2.3770113456565762,-5.801920797862608,-5.773908304024831,-5.556134196514769,-5.496430114166428,-5.675318009823911,-5.2753574944510655
55.0,2,9.141748276743318,-6.230254136517266,-6.602381684265457,-6.093971039330248,-5.931658796821336,-6.286400521125941,-5.822309630467803
60.0,2,14.039782349932146,-6.771886320928205,-7.290438045179985,-6.551340443239939,-6.541868910443705,-6.849194549143001,-6.35015443127766
0.0,2,0.3476561646830846,-0.2,-0.1,0.0,0.1,0.2,0.3
5.0,2,0.3202796283417179,-0.7329982001159081,-0.6405395059481023,-0.48099496599901814,-0.4139396033711912,-0.3193106687816197,-0.17113771205111625
10.0,2,0.37693142617737246,-1.3049610346322005,-1.1602243892590034,-1.0063481990322962,-0.8855743931037412,-0.8543550709069329,-0.6063782255997562
15.0,2,0.3180049982739407,-1.8302580388150802,-1.7706411851278494,-1.5541987761069853,-1.3481965383539718,-1.2707835843514297,-1.102683846045562
20.0,2,0.280735035624577,-2.4570712333692617,-2.2932038208196692,-2.008575841747259,-1.9262847594228116,-1.7303001802620481,-1.5202467894467877
25.0,2,0.24039942596307387,-3.0568748997192903,-2.7871747906870366,-2.6306065512978907,-2.3580438582849204,-2.175147790494745,-1.9867553908509492
30.0,2,0.9557114165498086,-3.622059581623362,-3.3222193871455343,-3.2050394105432614,-2.84513724144071,-2.5630432208243965,-2.496025096024561
35.0,2,2.424140868434984,-4.235326172751444,-3.82698179606706,-3.5755750502183914,-3.5194422873544102,-3.014428917047022,-2.940690370430527
40.0,2,1.5604337247266795,-4.709872691791428,-4.3618547025704775,-4.246559020823356,-3.850711925984227,-3.520993932460439,-3.481372976505926
45.0,2,1.4679528098322614,-5.215545569316532,-4.862675203061669,-4.746824393214031,-4.297214139003257,-4.173012218650361,-3.935014383156997
50.0,2,3.7377173529273997,-5.631985617371545,-5.547373183413597,-4.930961073265886,-5.017971855099789,-4.725673228770295,-4.4352416047486996
55.0,2,5.1418867550447915,-5.941526190315057,-6.15276950831822,-5.59650672822282,-5.259798393356588,-5.353827313136938,-5.043699085587174
60.0,2,13.017578439148757,-6.529489397786365,-6.374817615026502,-6.161450943087575,-5.6680514393735,-6.235223048831249,-5.438015431098491
0.0,2,0.02806490664979329,-0.2,-0.1,0.0,0.1,0.2,0.3
5.0,2,0.06804458365270138,0.9082071158801933,0.9964581731484696,1.1001683459252025,1.1911377153922125,1.259986603382371,1.3611764007309917
10.0,2,0.13012015650263234,1.9915943186593164,2.1005933626693025,2.2137776268531226,2.2690278359498617,2.314325361440871,2.444950203346424
15.0,2,0.15422866702881452,3.0973283673550425,3.162724389526215,3.288371919812531,3.3814978879144744,3.421717409340664,3.499763089429439
20.0,2,0.11261448414940249,4.144908399962849,4.267586682010664,4.389895683841273,4.459099428165183,4.504116913080776,4.602930310777106
25.0,2,0.10322062331216268,5.191553793280582,5.35723345238253,5.469347076826841,5.550930833662072,5.618874129778867,5.6977324863664425
30.0,2,0.21566184484058473,6.256056358079922,6.411310430871399,6.526609761349354,6.6622882605797695,6.775493072988019,6.771048242888391
35.0,2,0.3415153888930096,7.255378151753549,7.522522016046119,7.639270264287566,7.725021498953384,7.861818587417453,7.9159299627583515
40.0,2,0.3254493168263708,8.32519648477596,8.557041008549685,8.692327837494222,8.86411808046139,8.991040293735484,9.00735113065917
45.0,2,0.2952450587598625,9.39463521696389,9.581703958548706,9.796360494008715,9.973800241586387,10.085975043832844,10.121734235195092
50.0,2,0.619568190981738,10.432399613827885,10.651021977938587,10.948578195798383,11.051121242974213,11.10276328570622,11.285459228349993
55.0,2,1.2474496002653603,11.580773356040734,11.64142943536504,11.982286861195789,12.244830297975616,12.199971253726304,12.339186694751417
60.0,2,1.4523789551427269,12.639101865321264,12.745012758696209,13.140924256639204,13.28599421733149,13.235558557209337,13.459020598316961
0.0,2,0.3692078325537254,-0.2,-0.1,0.0,0.1,0.2,0.3
5.0,2,0.40220929064148214,0.7532132195830399,0.899952494933248,0.9870175800798177,1.0932450564444383,1.1354514071112651,1.32160396879766
10.0,2,0.31598643583361935,1.721595328604199,1.8179342520211934,1.9949412979637338,2.0640952911318213,2.1564510051196497,2.3259502790583366
15.0,2,0.2591533636317568,2.6708870016214314,2.7366022356361537,2.950505133290465,3.077836164065943,3.1962441211844554,3.3393765250499605
20.0,2,0.3147224483777268,3.5262450643697862,3.759909184511542,3.891375822096722,4.09086448024697,4.162671852053878,4.430868504519051
25.0,2,0.08721968920002761,4.466683588610775,4.648941996680437,4.855548648307122,5.065660692277307,5.293595609006872,5.421988099864903
30.0,2,0.789167532144049,5.367648461302152,5.591379744698277,5.85142976032623,6.003322284501885,6.382207186807716,6.446914924060637
35.0,2,1.5983694131575616,6.2189346280755,6.67551797312809,6.727447345403943,7.072495227725254,7.305919122010018,7.53307179230354
40.0,2,1.0763647636252118,7.246354235730634,7.530702200981307,7.6944992532382885,8.080391353869055,8.399001595266308,8.47292117651021
45.0,2,2.7217436911225574,8.229878365881081,8.416643663282757,8.89125515707002,8.897368914646098,9.383502194488628,9.495705247176671
50.0,2,2.0826598817327913,9.222782041911906,9.490674134018349,9.700757037750238,10.13089442520959,10.120867974352006,10.538861656252697
55.0,2,4.151285745263313,10.348215227437695,10.383904611368617,10.66675969810723,11.20624941180821,11.041694422272124,11.44849762545013
60.0,2,12.746435062275756,11.40699344275053,11.234350119614348,12.133351981344441,11.73511180461963,12.096198281610556,12.37979909345364
0.0,2,0.042342178708053346,-0.2,-0.1,0.0,0.1,0.2,0.3
5.0,2,0.17936670302914762,-0.31922072660737155,-0.2181008963732736,-0.06471388580979642,-0.04676908378748499,0.09354267261609274,0.1864902543975778
10.0,2,0.1866723713494069,-0.4424394159551517,-0.3076976367179631,-0.24671361879602638,-0.07518565869767557,-0.04121067205044983,0.07570367108877006
15.0,2,0.0748513047973702,-0.5801399324688215,-0.4311336148848922,-0.33260695386367545,-0.19921934540456024,-0.14099143359290936,-0.02222371647789431
20.0,2,0.6619344129390794,-0.7045027441643525,-0.6099035110483764,-0.3564743263232155,-0.38528708066893785,-0.1836187581565759,-0.13530024189554943
25.0,2,0.2864072939768323,-0.8543622807603883,-0.6850363533120368,-0.5909624429275196,-0.360907082435038,-0.3281248057450513,-0.22446536264123113
30.0,2,0.759005019035612,-1.0329183987273058,-0.7658033072212013,-0.7053232747496709,-0.45650866215661945,-0.466351357266624,-0.2857249932640937
35.0,2,2.4442679077356213,-1.109868664905712,-1.0444585416169432,-0.6394894509488658,-0.7314417872671298,-0.4080393719472944,-0.4481038422637941
40.0,2,0.2646653319231504,-1.269867267207022,-1.0763168730982688,-0.9000775972920066,-0.6783531824937773,-0.5999908974862744,-0.5255675069366231
45.0,2,5.240541517944079,-1.4739957732880935,-1.0389344599512491,-1.1326142472618326,-0.6515472345276649,-0.8657110601659932,-0.5561422148833801
50.0,2,6.642023168976537,-1.441043266268405,-1.4770184334188363,-0.8903088431138947,-1.0987591258217435,-0.6594001632252171,-0.8211868237944109
55.0,2,1.4564805669181178,-1.5949706425738979,-1.476620088617767,-1.0874871703963784,-1.107889011935491,-0.8914167846209916,-0.8981046230622555
60.0,2,25.936107462926564,-1.8451525278535046,-1.1861640967838447,-1.6645516613027527,-0.7415590118539009,-1.4082028665424389,-0.8796298224347049
0.0,2,0.061293989921569834,-0.2,-0.1,0.0,0.1,0.2,0.3
5.0,2,0.05447374308840646,0.16236060440751734,0.24795996327103975,0.3479607617900879,0.4365085811275707,0.5306732390385808,0.6446025685991149
10.0,2,0.08830437230551942,0.5613332078465525,0.5753549896898829,0.6723526872633833,0.7946213980718152,0.8833618092354807,0.9531073443606993
15.0,2,0.0918007043318469,0.9016131721154808,0.9789883553028517,1.0506836190881423,1.0937285074532863,1.1677096451038773,1.317473855638091
20.0,2,0.04915909776770601,1.3074777681912133,1.3241723953053959,1.3668713493778084,1.4476846856102974,1.5231859450092384,1.6108707294416904
25.0,2,0.10668421328973896,1.6902818997164064,1.691025223375887,1.708157550323336,1.7696684394056816,1.8692462119877982,1.9219492663604671
30.0,2,0.3065887687981332,2.0154850039057286,2.1149866670360957,2.0804053212984175,2.0579461001535635,2.162695161012473,2.2888760559972146
35.0,2,0.42926536464677484,2.438914802957354,2.422709285449146,2.351577449602248,2.4518029012305917,2.5629773799199578,2.5624782084781423
40.0,2,0.34138323331116704,2.7605335891264486,2.797814915818818,2.74870179090402,2.731927224563047,2.871719871595941,2.949828353863094
45.0,2,0.360025094918511,3.100593803367383,3.1368964826179457,3.0976592222535033,3.076518692323901,3.184934254809365,3.3339890087332056
50.0,2,0.7819109863506477,3.5178603080044724,3.3770039176623037,3.3558347022483157,3.52480733616235,3.5731840327136943,3.6519668855481124
55.0,2,1.0633346086539759,3.76530424165059,3.7491315765175477,3.8315694711110995,3.756399345192851,3.8304922948539537,4.137825971247114
60.0,2,0.9154391317858726,4.152219060540846,3.9956276495964502,4.101982794224217,4.176774419947255,4.250282348459409,4.463902346038966
0.0,2,0.4664304731354715,-0.2,-0.1,0.0,0.1,0.2,0.3
5.0,2,0.6130468666064305,-1.1545423592191852,-1.067240882736465,-0.9407224338182647,-0.8996095943999683,-0.8184732777995225,-0.6908938854680898
10.0,2,0.7540457156769197,-2.1645181213124083,-2.0127244768343884,-1.9216568458359242,-1.8605441580688415,-1.8550674676826548,-1.6284537971487896
15.0,2,0.6377003837230446,-3.120487969905422,-3.0858556745144092,-2.9435393480524303,-2.790177257846946,-2.74421346248095,-2.630173587524341
20.0,2,0.44516683570234244,-4.215372768375816,-4.069481609201442,-3.8539632812116804,-3.846946661091337,-3.691076039417391,-3.5090893744683074
25.0,2,0.17127177905256705,-5.293090587147117,-5.051701604232946,-4.9468999938965865,-4.736393481598565,-4.608624888026327,-4.420701612305886
30.0,2,0.5814328948603078,-6.339032193615277,-6.109242704185875,-6.004168940650316,-5.667033277723701,-5.439577168472915,-5.36984031600078
35.0,2,1.9117838537323624,-7.483061577167472,-7.110357745545079,-6.8309607497469935,-6.816314356183011,-6.350536778391524,-6.209145827056252
40.0,2,1.2266571650851357,-8.471595580080088,-8.16271225561051,-8.010438497317,-7.582659152232837,-7.270821769244394,-7.173632213047034
45.0,2,1.7935627829889857,-9.509984901961268,-9.159674178431713,-9.006447063196237,-8.49303883108284,-8.325605820770145,-8.048591105531074
50.0,2,4.330597325805965,-10.48067840187976,-10.303062864960939,-9.659158401980315,-9.716921195959538,-9.293981451080166,-8.961022018554086
55.0,2,3.8857950352591875,-11.280304426402568,-11.396301499061561,-10.863972889161996,-10.390370799963284,-10.309802635714762,-10.045554517552088
60.0,2,10.69554485629395,-12.380808625909795,-12.062186052961392,-11.888601243961885,-11.29062942113243,-11.660588387267119,-10.874975470065127
0.0,2,0.0026456437131207413,-0.2,-0.1,0.0,0.1,0.2,0.3
5.0,2,0.1293158750549036,0.029225782318174128,0.19180634616889505,0.2309264373793516,0.3535211886812896,0.47542025564071366,0.5378968596556891
10.0,2,0.3968438324796439,0.2772596270568672,0.4498631225807811,0.4944901871161602,0.5792414715491502,0.7768264708900335,0.7599128604952468
15.0,2,0.46134184160940006,0.5167450207936144,0.7225346337518361,0.7537537636176426,0.8312599299924978,1.0213439814508387,1.0107532799259165
20.0,2,0.2527426801216377,0.780441746638724,0.969499881288489,0.9895813741316597,1.1413837509605889,1.2236993923012365,1.270581334055757
25.0,2,0.14940962485677778,1.0765023215884317,1.135077706570236,1.320270109743247,1.3900152561581376,1.4418561887280725,1.5302627664324508
30.0,2,1.3046826422698943,1.3609516172574088,1.3192822552757337,1.6395229211063997,1.6625010867242682,1.6173133145204481,1.8132100241804225
35.0,2,2.9389711137418097,1.629750692317516,1.5720577046270685,1.8345426257110005,2.03420067938331,1.7745452041319962,2.086481182737875
40.0,2,2.069597774516156,1.8788284989729398,1.8127131895835469,2.1508568231872727,2.2198443596522033,2.0732021161272787,2.3149299712296805
45.0,2,1.061955467661247,2.093116445775783,2.1209339912768277,2.4308557410263676,2.356954039675544,2.473184861858572,2.494126748983978
50.0,2,3.194717036724525,2.231251114273399,2.6372839357463445,2.43578854012204,2.7043321934175966,2.793176738126223,2.686136176755601
55.0,2,10.27396019735086,2.3861540174113784,3.0388004848403525,2.67717332410085,2.817065552652517,3.222227946327447,2.86534424295268
60.0,2,18.953847999063917,2.6661981393091287,3.18836116613912,3.092768409843161,2.852760558427839,3.7059847782705386,3.0194893861393672
0.0,2,0.2032416859614889,-0.2,-0.1,0.0,0.1,0.2,0.3
5.0,2,0.5178267318947335,-1.3107788029005694,-1.1300382889010565,-1.1425356828801354,-0.9963167890366772,-0.9458927136142886,-0.8142696639926195
10.0,2,0.5901915477475558,-2.4085751567853415,-2.262435346276866,-2.1811103927602917,-2.1949770509656865,-1.9941828521106537,-1.938383083751857
15.0,2,0.5397371875215542,-3.5068216797225507,-3.4035982602314827,-3.3316187059222315,-3.2694406640667006,-3.059605288508067,-3.0484112255250033
20.0,2,1.1666014695600952,-4.701923869057531,-4.445422051894922,-4.520297604495514,-4.285530508805673,-4.265944805480128,-4.040208925567579
25.0,2,0.2524185369957664,-5.793202112474854,-5.7307919782677015,-5.529327319779972,-5.461638436832967,-5.268917932215866,-5.1152819270553085
30.0,2,1.8313590684955676,-6.904371932353681,-6.987778122803414,-6.591624198550296,-6.577409646497574,-6.315022566320234,-6.1627851814268615
35.0,2,4.445398046645005,-8.1646493180209,-7.946973889213386,-7.900801725326577,-7.46184404649426,-7.628074490052115,-7.076480120170303
40.0,2,1.0868835454036778,-9.233516469289858,-9.239587533522394,-8.941394982797291,-8.654383808157908,-8.52849283003992,-8.221279906795608
45.0,2,9.073185299435483,-10.360859510158278,-10.46506648754394,-9.824125280178036,-10.05619846836468,-9.392578664957421,-9.359659060726035
50.0,2,9.17671103122202,-11.680625812558807,-11.107986040933174,-11.428453142211284,-10.775085562567332,-10.7607229978813,-10.345445857101836
55.0,2,8.217805947087639,-12.723781568902185,-12.23450707490825,-12.592084557833838,-11.93204004724244,-11.648803194529386,-11.606934911162709
60.0,2,46.47344785430019,-13.712379217816531,-13.685450073857865,-12.948908136082254,-13.834224162074594,-12.33330215396582,-12.863719552107158
0.0,2,0.07207898485539192,-0.2,-0.1,0.0,0.1,0.2,0.3
5.0,2,0.2240463531917637,-0.33341634902843875,-0.14948447538615398,-0.06817699658578495,-0.019618534966022817,0.062097094479371145,0.2473540912164397
10.0,2,0.3189096623488877,-0.3607484782824039,-0.3366777668301288,-0.22227557704804057,-0.05343045223875855,0.06194193164792874,0.08870000221021589
15.0,2,0.13768047870816383,-0.5434450776866069,-0.3785486291549712,-0.2520800561780005,-0.21172859165711538,-0.08332369921593857,0.08539054308084312
20.0,2,0.07780356138125855,-0.6577123185419874,-0.4876847299203927,-0.3957302769950813,-0.2564246892837867,-0.1609838006263001,0.013555134285154358
25.0,2,0.4272940664498751,-0.7113783206649005,-0.6868606537418186,-0.5390061538716061,-0.3017171594473737,-0.14827523152132618,-0.11898833210597985
30.0,2,0.8200797004780289,-0.951480806248515,-0.6952826194707459,-0.5008053712830377,-0.5285848496278713,-0.32619991909235985,-0.06511745590107922
35.0,2,0.46658374521327856,-0.9761845549533152,-0.8737972729343613,-0.7687507775574565,-0.4491954903465611,-0.33428435137753776,-0.22650374472498422
40.0,2,0.17578235538522993,-1.0948808543748,-0.9813532935555213,-0.8243310845111612,-0.5818361695954495,-0.41397575023522465,-0.29358420989268447
45.0,2,1.8314548137634858,-1.2873123969241573,-1.0137601285352311,-0.7392379523018973,-0.8546864905573536,-0.5696631525716601,-0.2865464115451599
50.0,2,2.2781876034274564,-1.1986537816954261,-1.2246702396551015,-1.1387853657073366,-0.6425021407212537,-0.5474897622561288,-0.5603504126708205
55.0,2,0.9617114345542179,-1.4437914803491418,-1.1301481680403107,-1.0549875393700112,-0.9135694737043241,-0.8307196036029155,-0.5004806079099596
60.0,2,2.605722043497381,-1.4450571787650466,-1.3429729828875885,-0.9845661382953802,-1.1716095039851862,-0.8056135485566064,-0.6851226907573895
0.0,2,0.001248176031295989,-0.2,-0.1,0.0,0.1,0.2,0.3
5.0,2,0.12451450790444162,-1.2584808559783514,-1.1278227592359007,-1.042668134618014,-0.8832603811734547,-0.8264922432811955,-0.6758540176692287
10.0,2,0.17995804856700656,-2.2767472450916544,-2.2223167822175087,-2.024820452732717,-1.9276000028008498,-1.7842599992806665,-1.693412301788896
15.0,2,0.15439675308806455,-3.332560871629132,-3.233850071135382,-3.040156934917275,-2.943927729241719,-2.8138083929247064,-2.6794311760201834
20.0,2,0.563423869499676,-4.375619986064507,-4.2056023248955565,-4.140494616659166,-3.883872010605533,-3.8651888368719045,-3.687535792727864
25.0,2,0.23157740847178132,-5.3694159543653575,-5.272872787605752,-5.084935436838736,-4.988106462256706,-4.803705688527033,-4.75385563018716
30.0,2,0.6883127110579469,-6.395287646973419,-6.259685772877953,-6.055544583744431,-6.069170527462194,-5.816313502448832,-5.791468318230153
35.0,2,1.891284558582449,-7.4151856953415685,-7.148574291406607,-7.258884652233525,-6.910771797324705,-6.940160581415422,-6.8284717259712755
40.0,2,0.17367960713491587,-8.380721713855088,-8.219234312896404,-8.137318642862802,-8.060233479679326,-7.916433158985081,-7.902685827370611
45.0,2,3.862536386411253,-9.325730024748639,-9.33495492427619,-8.96810547149888,-9.23520508723328,-8.89231138808429,-8.974898631764361
50.0,2,4.691532748457433,-10.346407551285902,-10.16695050191196,-10.318856946438606,-9.873621319935719,-10.185803075719658,-9.954144524269976
55.0,2,1.9509837005576527,-11.33767220846891,-11.235342942416676,-11.182586938070605,-11.00034651856474,-11.241370847642088,-10.963042856354935
60.0,2,20.247809936208515,-12.20319068113418,-12.601927157033092,-11.76293148497704,-12.437245416694731,-11.946580541911844,-12.123065421723224
0.0,2,0.05533388511305749,-0.2,-0.1,0.0,0.1,0.2,0.3
5.0,2,0.050426416634243645,1.4963496043551079,1.618477684476991,1.720675731273058,1.8251734825679098,1.9043964947552074,2.0391725461356978
10.0,2,0.035374284029784854,3.2007818351943427,3.3049016636480633,3.4464529410953118,3.5450583840509906,3.642358936125138,3.7689373270140667
15.0,2,0.033097801760107355,4.896545138410068,4.9955069990858965,5.156604378041901,5.2769651076631,5.38437439188741,5.502740615603427
20.0,2,0.05199774942880536,6.560621869070331,6.7260394137154025,6.860603948960329,7.00885204560686,7.0996825644872015,7.261182332415729
25.0,2,0.04016194569892685,8.25989876700831,8.409075962008146,8.571045466780769,8.728252638144683,8.87526183454056,8.977693049337407
30.0,2,0.15656130727078316,9.94358839827167,10.11795787270159,10.299023687362208,10.427999652386317,10.62968481138928,10.707218839272876
35.0,2,0.28010279475212463,11.616808480930276,11.875620787912307,11.980192381700979,12.179550994844686,12.325520161277288,12.452025998282618
40.0,2,0.2135318526088282,13.355819229064014,13.552135952015917,13.69590751046523,13.909084392536888,14.077316468191826,14.143700796238408
45.0,2,0.4065496933598826,15.078256691828189,15.241193412477257,15.501586508119013,15.564862083520271,15.783672874469591,15.868638321661967
50.0,2,0.3237858530579939,16.812830688498885,16.98927150162655,17.16054589009955,17.37940490193704,17.406049131109782,17.594353322368505
55.0,2,0.7008383347132713,18.58708896936306,18.679867414120313,18.879895405167595,19.132351563364697,19.087032270191834,19.280465356996704
60.0,2,1.88697828241401,20.335891726939817,20.353127536433,20.779182672246584,20.685283489049084,20.823772753542336,20.97368834455689
0.0,2,0.01972973022533822,-0.2,-0.1,0.0,0.1,0.2,0.3
5.0,2,0.16474011079369258,0.45011719032785735,0.5271171836054821,0.603219592210237,0.7319800074098707,0.8431669650526985,0.8628672703622272
10.0,2,0.44568111837873087,0.9998475466234548,1.2430791836169859,1.287442154308197,1.286142005884405,1.393567286888797,1.5268582406149103
15.0,2,0.3956162525205717,1.6951374655397442,1.785162668782371,1.8368601648192777,1.9868900588535772,2.0964912145159103,2.0548630543942736
20.0,2,0.12669655706680683,2.269893937744053,2.4179950821760143,2.514969459517544,2.5770315874213185,2.674382167978932,2.7196006010357343
25.0,2,0.392780678741114,2.834671803564506,3.043901757960459,3.1811847605774592,3.1963709820965267,3.2260677419383352,3.4101439987048066
30.0,2,1.15368349665412,3.554114141640133,3.4917938962828714,3.7060941900041056,3.963586264216351,3.943607282700495,3.9516134789666255
35.0,2,1.2839561072280574,4.02338823156618,4.17966596473265,4.486470354179268,4.462815439474348,4.446599259582567,4.730338213244078
40.0,2,0.6817630015112097,4.65159368326868,4.743128114990572,5.0239479342110815,5.172144021882454,5.139320256655527,5.317611660739325
45.0,2,1.1659678265103446,5.284076963541658,5.3264602455941406,5.531931911556724,5.867790444439052,5.897487489593175,5.8584668259914
50.0,2,3.036644787316228,5.654739521372391,6.176849180746249,6.3486651018970495,6.221388669238738,6.45332761281914,6.629712003611036
55.0,2,4.134847863236267,6.420823605789223,6.682815229710344,6.697799011731964,7.042659935509802,7.35067382497262,7.0083786909390655
60.0,2,4.430364904672192,6.929365880451496,7.452770797403001,7.3459550234473,7.612866730616711,7.8843885630785175,7.696271512624395
0.0,2,0.5512493555024643,-0.2,-0.1,0.0,0.1,0.2,0.3
5.0,2,0.8164151509784368,-0.5723357724349712,-0.3466391947122592,-0.3049204979263997,-0.2935194692185785,-0.1634235436167843,-0.03078966460018395
10.0,2,0.9884637943711713,-0.8910182085278681,-0.7027374963313107,-0.7111438696322966,-0.5816267203378935,-0.4250903329718361,-0.4116396572171585
15.0,2,0.7973963976194842,-1.2908519531843172,-1.0556581552939612,-1.026109890784235,-0.9397882564208826,-0.731875179027512,-0.6906009928166122
20.0,2,0.38112813836198106,-1.712343768169038,-1.4458308625644483,-1.334914990098719,-1.2702454490086172,-1.0687408358360095,-0.9144366643598588
25.0,2,0.39485912059116657,-2.04622448477481,-1.9588307831330904,-1.7558004498752808,-1.4559322904955512,-1.3478478200680786,-1.1935048841990874
30.0,2,1.3364843637118335,-2.511071586538014,-2.3780362137375692,-1.9847275824306438,-1.821532666728016,-1.7446322977997957,-1.3297685078210484
35.0,2,2.8195639606572067,-2.8793714267249757,-2.8680994044757346,-2.327282044943476,-2.0984384130223197,-2.020610595211009,-1.5875951131867438
40.0,2,2.963993122347758,-3.2565393811043415,-3.249829978425572,-2.788592070359956,-2.3207604441305896,-2.276636711954094,-1.9006665540989398
45.0,2,1.6281647540510127,-3.7917752252500336,-3.411631806679578,-3.0472768947568105,-2.8295961276586645,-2.585033032077767,-2.1393401961598735
50.0,2,3.586839134123924,-4.076302254207681,-3.7480413811309408,-3.5198510466927027,-3.1883031152584973,-2.591694386899129,-2.692089240903029
55.0,2,10.551739579375285,-4.520468640349635,-3.7881283098633998,-3.9771599555075845,-3.5597031325132744,-2.9004068915727275,-3.0820426377946846
60.0,2,15.901120906928789,-4.908889600378496,-3.9123612708664717,-4.241857814925957,-4.026260267414166,-3.320667237055319,-3.4295015194701115
0.0,2,0.45434853957229654,-0.2,-0.1,0.0,0.1,0.2,0.3
5.0,2,0.7121342563059319,-0.4198357821785452,-0.21323444592936555,-0.17333035253022214,-0.15149641774352043,-0.05669872608051309,0.10633538900526025
10.0,2,0.7625236993734249,-0.5717969538246507,-0.4575364923088293,-0.42954982357418453,-0.3186379043019959,-0.1865096370718842,-0.1524898598322647
15.0,2,0.5645205837970643,-0.8301039660222584,-0.657988169995356,-0.6060068206610733,-0.5547249981473986,-0.3829304470884127,-0.2930266044562134
20.0,2,0.3528569923594974,-1.1078733699029928,-0.8835305281533594,-0.8202293707308602,-0.7352576516474977,-0.59079965911677,-0.39535076227613386
25.0,2,0.37509689129737034,-1.3001494451560254,-1.2520563193666634,-1.095590658716608,-0.8373728363725049,-0.6909957577416065,-0.5651366599311226
30.0,2,0.6764728091775114,-1.6469735357084028,-1.4974774685413041,-1.193656025191609,-1.1105534147364424,-0.9272569318146886,-0.573644636749016
35.0,2,0.9656077334580913,-1.8878669910598043,-1.8075164073023313,-1.4900403698939686,-1.1990679502042458,-1.0717951336227038,-0.7015354961153395
40.0,2,1.4281870463075261,-2.1277824384796142,-2.0870219621738193,-1.7685258516272617,-1.340217896630563,-1.1772512468598617,-0.8652832878842037
45.0,2,1.9010268133280173,-2.5005285441164027,-2.2008489548824506,-1.8287997978655333,-1.7447794021357255,-1.3574580234026112,-0.9419282967095531
50.0,2,2.0041988320982003,-2.6343101436769465,-2.422449218885967,-2.2692998323430933,-1.8031321984513518,-1.3609042316672062,-1.292507729544644
55.0,2,4.193408202860551,-2.9324683284800512,-2.413363891572308,-2.504000437996845,-2.0650241418474966,-1.598144681140781,-1.4778622089887152
60.0,2,6.346863237754667,-3.1255971525371185,-2.5654337409254557,-2.499097157994381,-2.5124719869803336,-1.7804258688350507,-1.7160981182109831
0.0,2,0.43069408129458614,-0.2,-0.1,0.0,0.1,0.2,0.3
5.0,2,0.40122600569893574,-0.6188423197576126,-0.4382311967573438,-0.3925210415706864,-0.25059999826188284,-0.11951302489838707,-0.03060415470835164
10.0,2,0.6127511431736246,-1.0871172034703374,-0.7858789131159576,-0.717393922224116,-0.6647410134682801,-0.4371267590074203,-0.3083656606224157
15.0,2,0.6812046792508731,-1.4508993972188065,-1.2707616561557724,-1.1610130058879289,-0.9393552699778358,-0.6584378546763338,-0.670468023946104
20.0,2,0.3067574029305248,-1.9483211458364904,-1.6283218268443462,-1.5019262891219436,-1.2835496298821178,-1.0727860558326088,-0.8663419962995066
25.0,2,0.316137018127647,-2.344707524012262,-2.1225489274805875,-1.8271469261311106,-1.6114740934460074,-1.4139719640791857,-1.1317092446220516
30.0,2,2.1081773039584553,-2.647564073391419,-2.693031516356632,-2.2013047688784444,-1.8786674165043173,-1.7022113664924177,-1.4790912741020872
35.0,2,3.711471673480431,-3.1575758016641124,-2.950687446476305,-2.4983511108649767,-2.2472901634062015,-2.254529503405537,-1.6437481258623372
40.0,2,2.6265501626096914,-3.4303347477414565,-3.403216532454594,-2.9414279892249096,-2.532522884987593,-2.4867729752574923,-2.108218757967544
45.0,2,1.6765575469163605,-3.782348886374771,-3.718478097878215,-3.240184189259793,-3.0439893398361186,-2.6927526467781706,-2.5750524634606307
50.0,2,3.718356668418058,-4.3235371299372005,-3.657460358710936,-3.662066510525561,-3.4946315318038583,-3.150939869975546,-2.914481958588628
55.0,2,11.934668226754331,-4.496614607200508,-3.969031171397854,-4.307557194906542,-3.719264205310127,-3.2421293625008683,-3.618832554179985
60.0,2,17.562073984315806,-4.881282637727001,-4.22327004318827,-4.28477004654074,-4.51721005871744,-3.5816412229806347,-4.01556682229591
0.0,2,0.06325326769993903,-0.2,-0.1,0.0,0.1,0.2,0.3
5.0,2,0.14488444339740789,0.683209702680221,0.761539096911144,0.8818869509307364,0.9584434310818668,1.0279257927787928,1.2004878272360073
10.0,2,0.31529374140931504,1.579154904518111,1.594084110174144,1.734523712369089,1.840667735788024,1.891005267042284,2.0875498733458953
15.0,2,0.3752740750230923,2.445242677462942,2.445354827638635,2.5946035335479456,2.696523772942144,2.768898930110532,2.9898546631541327
20.0,2,0.2287443813311193,3.280029522272615,3.330874171372943,3.4406697452403763,3.537629902453564,3.6663902853148063,3.898377579820813
25.0,2,0.2853119764842402,4.128363881400705,4.209435089263954,4.236758426196538,4.40125450007112,4.622875601623851,4.7687765095377355
30.0,2,1.0551122215935858,4.936176937596368,5.126152739420375,5.079317702987151,5.20790281754845,5.560303505535999,5.6711031066243365
35.0,2,2.0630037429448373,5.776406080972473,6.010284434435634,5.904024157031996,6.051991715855394,6.4903734415957866,6.561369781440103
40.0,2,1.965488488297904,6.662989310636728,6.841440691144864,6.726341830433718,6.950036861168992,7.3708290232981275,7.456304696267723
45.0,2,0.9969288761341567,7.546471688862798,7.648265765234542,7.664425032570166,7.800325584275911,8.14161864644714,8.420328497178474
50.0,2,2.3580335917885487,8.528777992608717,8.35302813744893,8.565302725525196,8.740475423721838,8.912806898187233,9.334536838695973
55.0,2,7.46613825297621,9.479974949275261,9.127130274023383,9.464012051032627,9.68320609037767,9.619236489976837,10.274860963120886
60.0,2,10.60151048473154,10.380472961659347,9.988037636539591,10.402175744973992,10.511871379106658,10.395357917540483,11.183997979605408
0.0,2,0.1261379825661908,-0.2,-0.1,0.0,0.1,0.2,0.3
5.0,2,0.18212255700979565,0.9794373846317749,1.0789279628792288,1.1756547272063584,1.2460133248289527,1.354236437236135,1.4419290114802892
10.0,2,0.2438263601259928,2.116055380943585,2.283869347576652,2.338725604599875,2.405121557863503,2.4814705781718387,2.627155227370016
15.0,2,0.2089373091188486,3.303896764667619,3.391436695910478,3.4686325592569336,3.6001009869761167,3.7006941921911056,3.763835345785961
20.0,2,0.15817724307539763,4.4110573031232025,4.54274311301645,4.680539992266289,4.717415038264562,4.867534138935771,4.985505807444644
25.0,2,0.07160652060626839,5.525927381605552,5.691181123166536,5.795128299676995,5.936235186431093,6.028888600977439,6.20363364945598
30.0,2,0.1872999736018415,6.680519280617774,6.7697656991002715,6.911434554019234,7.154877159651439,7.257030253213187,7.383566142974401
35.0,2,0.5440942328152206,7.749377997562608,7.90792440638572,8.187201849797056,8.210854424201598,8.432010453498794,8.646022806393258
40.0,2,0.2359931588854497,8.902814806334971,9.034116004367448,9.22677830380748,9.494785646594856,9.63542773901742,9.815668285979628
45.0,2,0.6801516253961616,10.019458196157283,10.215899176495748,10.337414025480104,10.696894484107862,10.804765626527049,11.0113581255964
50.0,2,1.5450525884872692,11.13056694796196,11.359795297633388,11.684577446721915,11.654302258025803,12.028311924066823,12.204434608216973
55.0,2,0.8304676007274834,12.376869433678854,12.49764440992061,12.666135206028335,12.97766462205274,13.257169770550217,13.262703888658748
60.0,2,3.1446324310059683,13.446395755510936,13.874018181719917,13.770048765279991,14.191208063822303,14.222378597947877,14.51033681487101
0.0,2,0.4308517718039031,-0.2,-0.1,0.0,0.1,0.2,0.3
5.0,2,0.5213883496585879,-0.41134561915813955,-0.22633878268069965,-0.2010781514003242,-0.0834925434259191,0.03832486814915282,0.12761248558118662
10.0,2,0.7627899985110529,-0.657070556353455,-0.38350166911272476,-0.3508918892875164,-0.31421447099372923,-0.1006885174442443,-0.006268382677808878
15.0,2,0.7915660103368136,-0.8308011430293835,-0.6576021609429622,-0.5959829557609081,-0.42747809192290026,-0.16720950401283816,-0.18987937313522854
20.0,2,0.313684117599583,-1.127988603762789,-0.8324565334294766,-0.7604054445812697,-0.5857687561814022,-0.4043307652156885,-0.21432086856832036
25.0,2,0.13137594241323503,-1.3299447692672544,-1.16146785306794,-0.9105207792187093,-0.7239171077969296,-0.5562496851448753,-0.2994885201779573
30.0,2,1.893557586278171,-1.4797249835730615,-1.5455697986040202,-1.0838335962105585,-0.8262317612091397,-0.6783873387796222,-0.42415897923197315
35.0,2,3.79003153230181,-1.8062966106612937,-1.6615177661953302,-1.231576160255322,-0.9805898236906068,-1.0157474985599608,-0.3984963411805641
40.0,2,2.893737432189058,-1.9331926335358172,-1.9476207406301806,-1.4934002625211402,-1.0888342359717735,-1.047006347020361,-0.6404877237984938
45.0,2,1.7613200320912605,-2.1537627478843584,-2.0841260489317204,-1.6059880172601035,-1.4350782695984123,-1.0502972804786248,-0.8776073222592592
50.0,2,3.7853625955309504,-2.516769063065927,-1.8798799019737316,-1.9066298786044453,-1.6605927737615822,-1.259620076708929,-1.039685735232632
55.0,2,13.379985824970472,-2.572746878386672,-1.9810345757949213,-2.3483983407760802,-1.741893160342063,-1.1696126776943392,-1.505809539287953
60.0,2,20.490940580033392,-2.77802523896435,-2.077797810769289,-2.151415728601426,-2.3581837547603994,-1.2913779457104861,-1.719012436410962
0.0,2,0.11144557901904886,-0.2,-0.1,0.0,0.1,0.2,0.3
5.0,2,0.25004006355735636,-0.03624754581443744,0.02506408603131521,0.18283751596651326,0.25151523442592233,0.4084283809421208,0.4727485097447354
10.0,2,0.2450445336058562,0.12438642537630529,0.21648956716028386,0.2916294223540837,0.47687559521254647,0.5506596013691722,0.6486517511199389
15.0,2,0.20926963584373082,0.2840533707134189,0.4142933688340462,0.4883570953667208,0.6137462869984237,0.6874067820915146,0.825181639884357
20.0,2,0.5390549281766972,0.5261920203515577,0.5239639751789956,0.7117997650029446,0.72309296155264,0.9137228732432248,0.9186131298553056
25.0,2,0.09674762394394676,0.7033694471042065,0.7906506894203722,0.8208145861483509,0.9461023724084983,0.9844102903278051,1.0763835210716142
30.0,2,0.6690179498599542,0.8914722297167477,1.0407748984562695,0.9737740950924376,1.1248651138336332,1.072169461583382,1.2230212890945467
35.0,2,1.652329230213539,1.1898173221408226,1.0841741765490445,1.2801228330794752,1.1507521108889056,1.3655885310163345,1.2599682953985833
40.0,2,0.15772260914983252,1.3326069651500059,1.3928036545057543,1.4016089154467266,1.3628829514840732,1.3910420285330027,1.4538249352497146
45.0,2,4.271271392800839,1.499603484388003,1.687825630596601,1.3927887381651276,1.7071565053526108,1.426530235481307,1.6252110376817546
50.0,2,3.9562337912937746,1.7951525368051287,1.5963270387767445,1.8565674361940512,1.5802768601017605,1.8458283209279989,1.6693096201558904
55.0,2,2.2312262378550503,1.8800794590244,1.8520884942552747,2.041551390082371,1.7322647806030764,1.9179885059746242,1.923835364318051
60.0,2,19.318720401171156,1.9617699950224317,2.27487968102401,1.6698408770664506,2.439040998317529,1.8272916720231633,2.179330952100533
0.0,2,0.0018914092365273285,-0.2,-0.1,0.0,0.1,0.2,0.3
5.0,2,0.1598243044473145,0.11730704924854558,0.2600234878337614,0.3103281977874592,0.4267944395295821,0.4693321387828113,0.6401761566256883
10.0,2,0.21758575701146884,0.5080142542857806,0.5042971314135598,0.6461186913783146,0.7262428367874121,0.8559378922139177,0.9073121335367288
15.0,2,0.13609519585415203,0.7977202315982468,0.8735974332400259,0.9932109969086006,1.009228968106844,1.1258141355804208,1.2723126439894468
20.0,2,0.5835282218744962,1.114638323641795,1.2419856864484033,1.2131098423772537,1.4118842336676114,1.4099230092015729,1.604304783894819
25.0,2,0.3037282667518347,1.4834072818445583,1.4750113474070996,1.5803873329467815,1.6600478626248139,1.8422671025049606,1.8786864217111152
30.0,2,0.9674765490428111,1.7385436923238096,1.8408700789378272,1.9821816613510184,1.870883398126862,2.1465029431448226,2.2647870449628558
35.0,2,2.2064197715413205,2.063819749263259,2.2269636076704873,2.0454162291823446,2.425039006703783,2.420622600020533,2.585869095814618
40.0,2,0.22678194948313038,2.390819870971421,2.4642430078138076,2.495298014149856,2.605364774924608,2.8181775713213204,2.91778851928187
45.0,2,4.961619907986901,2.7059989481752815,2.684826886128105,3.0324206344738367,2.715498352423181,3.1992796541065975,3.27762875296374
50.0,2,5.806089766007326,3.049030857612039,3.1169044644627553,2.8989716805664902,3.509634561754467,3.343738228532167,3.621334905150762
55.0,2,2.316785776973731,3.3044587986842284,3.440949352396892,3.4138224129412333,3.6561734895818883,3.597362773721345,4.050809340561012
60.0,2,23.09666779261823,3.788815318923637,3.3703437017458597,4.1922112030509044,3.5215249132419006,4.28435233135733,4.230290169374882
0.0,2,0.13257777791121378,-0.2,-0.1,0.0,0.1,0.2,0.3
5.0,2,0.3974904186906417,0.5089013901243549,0.5210043805473621,0.6976774904862622,0.7827170021719632,0.9525609442815511,0.9822973711936847
10.0,2,0.37211709080862587,1.1518381653452758,1.2860525639055436,1.3527830575687012,1.5068913816304284,1.5621165540081492,1.7306354351522704
15.0,2,0.2517780072876986,1.883070772731614,1.9630400466333389,2.030687392019365,2.2049027387369367,2.2653874728502905,2.3883873134439972
20.0,2,0.9316424824100352,2.6434490312375125,2.599287917292103,2.8142439550300358,2.7922642998853524,3.018476143900337,3.012912967875371
25.0,2,0.2999104344095113,3.309614591492597,3.4497865741881397,3.443302718943184,3.5293781563711515,3.5660868825551084,3.7276239704757024
30.0,2,1.2376145523509114,4.089136553739365,4.174991211987029,4.034280169167343,4.302725136796507,4.2422116617951815,4.327606739345721
35.0,2,2.9120300818227687,4.861324054636276,4.778073398431906,4.984418385461917,4.720182775893322,5.033724605972537,4.938386831240411
40.0,2,0.2890512757029059,5.5467836291414025,5.615829938317356,5.569232303672412,5.51168060669378,5.573267222867693,5.64447492974881
45.0,2,7.812019977915893,6.287549330216148,6.409411181062384,5.980220291924141,6.488551651767387,6.134394087751015,6.306300666525545
50.0,2,7.338961052983593,7.0354730412571005,6.855225064922886,7.198675159869822,6.666980083924704,7.026148407962043,6.969084030115159
55.0,2,3.4903543661757754,7.758164857054436,7.522960374517703,7.778366408659743,7.48445937751734,7.696753646937916,7.656039702169739
60.0,2,34.99443695186212,8.29612807707513,8.601280785375092,7.8071180465617935,8.840592320470037,7.983158174515399,8.513625541664407
0.0,2,0.09385264690844508,-0.2,-0.1,0.0,0.1,0.2,0.3
5.0,2,0.09815880584662925,0.08504836298846163,0.17287984320590508,0.25161276822372036,0.36014942249673004,0.39547503680205326,0.5194315852906153
10.0,2,0.18112186311189746,0.41817663385724246,0.390028272876942,0.5283667938871857,0.5938707122924088,0.6500577364463821,0.6886938886548084
15.0,2,0.18338951588650526,0.6690094243170428,0.7199926210555286,0.8219129470485946,0.8019697069285651,0.8102086789419682,0.9306976787307499
20.0,2,0.3367543019404936,0.9711163223843771,1.014378316556177,1.0006673212287658,1.1104121718286186,1.0354529599842401,1.106360984047744
25.0,2,0.2947105899877718,1.2565760989382295,1.2636306450339727,1.3057384818344784,1.2785188013117126,1.3343527526030023,1.2841683153159502
30.0,2,0.7786118430444899,1.4608343016240406,1.5934651440540837,1.6007378204456406,1.4516233511236556,1.563139250601041,1.5377822461962987
35.0,2,1.7122993556775414,1.7320015007352572,1.8747218680106468,1.6616639075767332,1.8698128635382345,1.8186091328403617,1.7353698603509538
40.0,2,0.6039066362300575,1.936082088257897,2.0815102213883865,2.0502100361392874,1.9884527438333206,2.09231502672579,2.0282060357148874
45.0,2,1.7895383645321754,2.179015371164998,2.2039803382107768,2.4082318936698277,2.1741710114954342,2.3768915446627807,2.3190830118630923
50.0,2,3.326104421813254,2.4259230534113345,2.434742181491418,2.3713637509266636,2.782335537183609,2.497451390110785,2.6341542769504676
55.0,2,2.603133318634174,2.5641566852216497,2.6160647564593615,2.8415376661771568,2.881748596909433,2.6699615364096787,3.0570979679042973
60.0,2,11.716391723818262,2.920535900385129,2.515491662804796,3.2955699781718297,2.9538022179212295,3.2101478049010574,3.2196166639049135
0.0,2,0.13082432551996032,-0.2,-0.1,0.0,0.1,0.2,0.3
5.0,2,0.14960954803295215,0.013072612388651641,0.15973011824129998,0.30970798985770526,0.34625535047023265,0.4968865938040779,0.6417732910673366
10.0,2,0.13095742312906886,0.2629249507771513,0.3922343283501085,0.494191796710245,0.7178479091331812,0.8208961862440882,0.946756740443853
15.0,2,0.043353124867837003,0.4615065529860949,0.644684358808472,0.7964020733044771,0.9720497109313488,1.1243996013768744,1.3032355700807001
20.0,2,0.4338602193508722,0.6946921950450494,0.8517948579632276,1.1216060861541741,1.2037550067980192,1.4723429277948634,1.625512749561967
25.0,2,0.4776650915425799,0.9571820648632364,1.1099462540484628,1.2713205391734266,1.6114216836673922,1.768375990340021,1.9188832470540997
30.0,2,0.6850637060601087,1.149345287508456,1.44148270551223,1.592624580328625,1.8476829540501805,1.9907049017727039,2.2827153058038303
35.0,2,1.4652881760595495,1.5025749296060256,1.5835180160839768,1.962277792852202,2.0352712776818755,2.403202304323063,2.485137370258275
40.0,2,0.3508085136615726,1.7892520348278391,1.942651327740383,2.1231922274003088,2.4307343630488103,2.6003156917008075,2.753262001916599
45.0,2,2.705070676350165,2.0067714905017318,2.403455918901009,2.385593805074847,2.7235649098781027,2.697996513643855,3.0894509644644548
50.0,2,3.8021762824182233,2.5139167418122725,2.4265062326513034,2.851617356875361,2.8118772349493,3.235130132751025,3.1352118592540834
55.0,2,0.34470110131922227,2.7658817493755326,2.8926377055116497,3.1016243849859277,3.1161747041401315,3.329106055422016,3.4362609146874394
60.0,2,12.628041289738025,2.986258935329609,3.491107274857573,3.096074539892385,3.677242631015357,3.2881292573637215,3.770298831493434
0.0,2,0.32426529435259116,-0.2,-0.1,0.0,0.1,0.2,0.3
5.0,2,0.183597594757712,-0.2361087358225489,-0.07207615723922883,0.06055657179125391,0.12358018774196089,0.27786559309930814,0.4203209932676773
10.0,2,0.08444829375596785,-0.26096545803573534,-0.06724743847488936,0.03677618730704205,0.23241075264226738,0.3769911486043024,0.5303117136338532
15.0,2,0.06364115282923127,-0.287576637306114,-0.09758209899168692,0.06821522670774985,0.2910145004984315,0.5012873655156814,0.647057002091206
20.0,2,0.3854315495684258,-0.3373105903380582,-0.11164307291790734,0.16098927540948274,0.29630139451806803,0.5932671771455362,0.794949627536595
25.0,2,0.5421607328677646,-0.32422248490415717,-0.12347547663003132,0.09996923252353075,0.4631314822149295,0.6675151960783637,0.8877743149095423
30.0,2,0.7137500231507158,-0.33196177500669993,-0.10113828900547457,0.16865148117783413,0.5031027947653469,0.7019032621992958,1.0042732429003434
35.0,2,1.436759541405302,-0.2773551664580029,-0.12657445373065984,0.3217564245714179,0.45270039150132224,0.7959653851000746,1.052476588884973
40.0,2,0.8496949757164771,-0.18281282813063937,-0.0424774479988713,0.22984425764387215,0.6320330130700188,0.811059457555591,1.0454611705676289
45.0,2,1.3756200072374791,-0.17208264193439196,0.17142466322433217,0.28687759046094846,0.6424606553294322,0.7362709021350774,1.1022949063306473
50.0,2,2.328485590137789,0.02249403545700091,0.13182334274671975,0.4987896362685063,0.48286810148586917,0.9452750939519076,0.9601343184744943
55.0,2,0.7105340942746368,0.1375510085611763,0.33820897375343567,0.41587381198764145,0.6187905597509702,0.9069274615965104,0.8981711655732326
60.0,2,7.478788657311239,0.1266717097161582,0.7081093819990183,0.3526972764888478,0.7582930608243901,0.6584390539508199,0.9854509510822643
0.0,2,0.19887175040366512,-0.2,-0.1,0.0,0.1,0.2,0.3
5.0,2,0.4806994512269407,-0.16205851037300195,0.01449302167457435,0.03291426481563932,0.18754174189972975,0.208191235435564,0.3885983169835178
10.0,2,0.37353472167566076,-0.08424297624928519,-0.0021615382410011003,0.16228007386046597,0.17826218356098528,0.3475991333507032,0.4376232645901904
15.0,2,0.2407367250448893,-0.04547516708867494,0.03126453934352248,0.1963930430049058,0.26374503465259647,0.43730254910925986,0.5258102122865013
20.0,2,1.304364983376943,-0.08589255486652016,0.17413479442728638,0.14680038682866495,0.4323733871747508,0.41816568256862385,0.6931385856113506
25.0,2,0.27256135266115783,-0.013014396082624986,0.07337021424473178,0.29587423373292887,0.40184124974632757,0.6432472382675029,0.7470818122713349
30.0,2,1.7264520471741431,0.003252891700028326,0.05992249326059798,0.41706814367566225,0.3989478315425247,0.7812261367400606,0.8576629256973859
35.0,2,4.435305702273396,-0.07032064727152429,0.3064800744217247,0.2076696818997055,0.7268168755208356,0.6587517554881936,1.0583627529934105
40.0,2,0.3322265302190863,0.04826192227353661,0.18121231396546555,0.3817464543737686,0.6718242035720156,0.9069521546789197,1.0674435146247274
45.0,2,11.368012240181864,0.12883018814854938,0.07620278986541745,0.7568316626803804,0.4167162595896785,1.1333915178277845,1.1151482158127524
50.0,2,10.552232454547664,0.07494732662868955,0.517410775470849,0.27049748545884567,1.023853611929235,0.8124731921894733,1.297618312683627
55.0,2,4.883288294394927,0.22419522041888784,0.5038947538906818,0.3944284220848499,1.02107935600548,0.946330251566173,1.2765527708306714
60.0,2,52.50404434120222,0.4692767477313918,0.11077457042698922,1.3028648429774343,0.23343233884414424,1.4615466127725962,1.1582657324801031
0.0,2,0.22816798445652148,-0.2,-0.1,0.0,0.1,0.2,0.3
5.0,2,0.16766600282063915,-0.7956209113010922,-0.6946487839253459,-0.5358492807672804,-0.44494805149785616,-0.3542760196099225,-0.20721911353132097
10.0,2,0.22783851882707085,-1.4201595348986515,-1.2765013356908874,-1.095293100504212,-0.9675112449007249,-0.916499818022705,-0.6891592872484495
15.0,2,0.2562449288261743,-2.003683003683554,-1.923147874771153,-1.6825113666401497,-1.4744047754684024,-1.3875291057177317,-1.2264103556174588
20.0,2,0.22695841837330266,-2.6688412793751155,-2.4832380926423907,-2.2002291032336645,-2.0710556577801222,-1.9027302326863094,-1.7041542768136353
25.0,2,0.30235842297643367,-3.3012006850104623,-3.026768104527114,-2.8319480837561026,-2.5734522863373703,-2.393532419880162,-2.235909223652839
30.0,2,0.9190644103803255,-3.8982041596849006,-3.594346356403324,-3.433233408397317,-3.113313541822283,-2.8452525671512885,-2.811022930337703
35.0,2,1.862275607659508,-4.537328346751149,-4.112216200048704,-3.8888612695834177,-3.782916288215544,-3.378122501240858,-3.328490518589878
40.0,2,1.39165428062791,-5.044168266506696,-4.686729072354533,-4.5492302954287975,-4.207540251352854,-3.93510172814038,-3.9377276712789957
45.0,2,0.76033691122691,-5.568342863094592,-5.244353861727286,-5.062748424609997,-4.726791628202653,-4.614443276093462,-4.476379391967006
50.0,2,2.236805970959444,-6.0397142663567465,-5.906212095155805,-5.377750660455235,-5.405473958137249,-5.26957503258525,-5.026895593637519
55.0,2,4.63483423268627,-6.407507755295815,-6.552763989856439,-6.035432388471228,-5.744653665851526,-5.93640716656484,-5.6814188009206905
60.0,2,8.362256421761176,-7.002152900435347,-6.916098008726112,-6.566203575447456,-6.274185187192377,-6.763272396401189,-6.16883385939089
0.0,2,0.2108391999207896,-0.2,-0.1,0.0,0.1,0.2,0.3
5.0,2,0.36945699339138693,0.6961542894195398,0.8333615714239195,0.9404118989502496,0.9430981370433481,1.077434953820009,1.1930274253078923
10.0,2,0.4011345098586242,1.6071027864601328,1.7434616148957742,1.7608811893386864,1.90686433561241,1.9760555140418887,2.072611111580994
15.0,2,0.24133404198911737,2.4767848807587876,2.6258790509768675,2.67624417844938,2.7811068094455855,2.8910549912952503,2.999394916968965
20.0,2,0.481042979711748,3.335436286726736,3.4617552627418657,3.637779133549415,3.6180103338695275,3.8344482852348016,3.9465238017374813
25.0,2,0.2778228334337298,4.207134780286334,4.317758048026559,4.404741130552195,4.658066886444489,4.740177872242641,4.889562662272598
30.0,2,0.42645834542095695,5.006023924356518,5.200655189422051,5.325707533743128,5.547212449171039,5.612576207296689,5.908754351800331
35.0,2,1.6024165100906078,5.902103342493506,5.923520566052011,6.3327959555813775,6.343454750545084,6.6584682981002326,6.824075018982445
40.0,2,0.5677028375853715,6.747588852657674,6.842020030298358,7.062425222277175,7.39990433293417,7.543301344507591,7.77266642504464
45.0,2,3.021043300094191,7.501870476412528,7.887308025309372,7.901930489577554,8.324030066165694,8.346505878775458,8.7897495474439
50.0,2,4.613393674749791,8.516365841762314,8.53890129536728,8.991863600648715,8.980834919762106,9.577668193184211,9.52924890892469
55.0,2,1.3111110414451743,9.355408815466902,9.599770316501795,9.771214039358071,9.949347920368186,10.398010822379879,10.4446191215393
60.0,2,15.202105229197866,10.136531057307955,10.851103841225694,10.3819087339976,11.11336388670328,10.975145955411795,11.443805836932626
0.0,2,0.17014418064283587,-0.2,-0.1,0.0,0.1,0.2,0.3
5.0,2,0.24503853608901918,-0.13114328637494055,-0.068601071325711,0.05990381879911232,0.1693283591134259,0.2259616865881122,0.3708853905503356
10.0,2,0.4756592987397519,-0.11429416492270372,-0.015011266674922422,0.15270708138729802,0.2019040628074551,0.23628073283859627,0.4910833492649321
15.0,2,0.4987033180165846,-0.030978113166230198,-0.04806522816265169,0.14999606650613678,0.31164368069403864,0.36889962676653226,0.5275086594131455
20.0,2,0.1335549069810208,-0.07223758382439906,0.04498010438848023,0.2118150782432985,0.3277853984591404,0.4326629608348655,0.6603336312999104
25.0,2,0.12302622595346242,-0.09398651321143589,0.12172506988554309,0.22372279916498392,0.36582976245403015,0.5680453622244052,0.7463380062340864
30.0,2,1.1648718108332965,-0.05115799617053997,0.13284898794407263,0.18617859914834908,0.4429421645389605,0.7893531962346986,0.7578444324063693
35.0,2,2.2441026973339078,-0.1442096143416219,0.2942533526586825,0.2864573271239283,0.4033706136858391,0.8179164118941885,0.9265561904311553
40.0,2,1.7106864914529676,-0.043885745199400576,0.26233068346113025,0.25726802938365523,0.5478644762219036,0.9307439995309897,0.9563577354041514
45.0,2,0.5054861976833955,0.06865148274179983,0.1934880144508552,0.36552757670698344,0.6263802180934666,0.9380399401981258,1.0449268439614443
50.0,2,2.4555539772202346,0.10550829553105419,0.22237643238444535,0.5873802992773903,0.6457839900396793,0.7395262593260071,1.2627736969443317
55.0,2,8.172047291908692,0.39731549924311815,0.047132721881594494,0.5275450056995311,0.945095772881103,0.7500148545778693,1.2225800165698515
60.0,2,10.593409278276166,0.4390307702784331,0.14769985637425592,0.7663906013379147,0.8634226150401001,0.6510637972558441,1.3484111279166149
0.0,2,0.008011925625713127,-0.2,-0.1,0.0,0.1,0.2,0.3
5.0,2,0.07204489806093964,0.8573320458310573,0.958139458849097,1.0739785663518167,1.1454130629929504,1.2982703840150756,1.3654448517704376
10.0,2,0.11245223350400012,1.9120718473580836,2.0495437143006,2.0947061445909148,2.245390202006226,2.360276741064541,2.4351680903004906
15.0,2,0.10641331778425635,2.9706484454441098,3.1255034618142554,3.1736376821538723,3.295160760158874,3.4213963668781457,3.509388392982045
20.0,2,0.23042232676437197,4.071231221069428,4.1425435717403465,4.285583403851407,4.324882894860615,4.515216789797398,4.5548555979225185
25.0,2,0.06576043370458769,5.147227119281413,5.233372219901169,5.312242738433952,5.452447475361982,5.509911540230209,5.637690755843392
30.0,2,0.4277395179946317,6.227500141259771,6.309226721063945,6.382647685417482,6.540841734408412,6.510280599979076,6.720973336733841
35.0,2,1.0778105275007168,7.366091167442832,7.273083534955325,7.553579187342955,7.518954703140622,7.642096835398799,7.736243160392454
40.0,2,0.3067608054190687,8.41412232589847,8.421387789146706,8.562841214582699,8.63378192108932,8.639418635450857,8.817075072315344
45.0,2,1.7325016422433435,9.446223481164012,9.612588673040284,9.508156341596697,9.780011989422393,9.659089671691888,9.881135171378538
50.0,2,2.0934660128331783,10.564119485367844,10.57422995359176,10.740178061951587,10.614926686633101,10.957822565079805,10.834506945480175
55.0,2,2.136824999285381,11.562756746456246,11.763753969267391,11.757497452579294,11.665870027775364,12.026442092739641,11.90804177909674
60.0,2,10.427578923193352,12.553369482075452,13.048479450336295,12.491381263287561,13.0386336579079,12.92365863151315,13.027417952604708
0.0,2,0.011472015022674403,-0.2,-0.1,0.0,0.1,0.2,0.3
5.0,2,0.19396368544000736,-0.22624652367815404,-0.0832894494607061,-0.06438392011405268,0.06845604227081858,0.20081000173623806,0.22807664562797714
10.0,2,0.61018757707494,-0.2673665272764959,-0.06419211938523019,-0.06477595203612152,-0.022092653999019857,0.18950599172267402,0.1757668537384415
15.0,2,0.7044993903683676,-0.2686526873980955,-0.08467383415870149,-0.11319945375400176,-0.03801537075663031,0.16481485305968605,0.10999488215413329
20.0,2,0.30728078824537464,-0.27384749961582927,-0.11525600789099474,-0.14822646198807835,-0.02472240543093077,0.06519010832730136,0.0905534521270738
25.0,2,0.2148720972064891,-0.2619970728328958,-0.2227369917542675,-0.07912353405856475,-0.07439762518799438,-0.03971030393942405,0.09507950968383751
30.0,2,1.9404671912747262,-0.20833179730372398,-0.3773253837525713,-0.08092083090260695,-0.038042379807529704,-0.12766493946535887,0.07282210952457135
35.0,2,4.262215655547545,-0.2536521638165719,-0.3927007273027566,-0.12582980238738722,0.009904696420405045,-0.29175321066123483,0.11799078242239593
40.0,2,3.1204192723967603,-0.2891452840495885,-0.44750277771177427,-0.113514941659057,-0.08039101215559213,-0.25440505253540396,0.07234143916838222
45.0,2,0.9273721056674665,-0.35078267408412567,-0.4364852108749758,-0.18176033209534534,-0.1959828040375572,-0.07126832833983211,-0.05291548312907396
50.0,2,4.169973325608445,-0.5921963368631621,-0.11853838266296259,-0.4133772120073805,-0.22857129518108713,-0.034513038395553065,-0.0785757710686401
55.0,2,15.642722571352275,-0.694180435312594,-0.033118712999455714,-0.5406689275705715,-0.36200745302458953,0.22753493350169923,-0.23990864439111115
60.0,2,26.393123280558697,-0.7316569174625316,-0.13467718210669713,-0.43461906345615453,-0.605403223224873,0.42942100346404927,-0.3419910606282213
0.0,2,0.12605490039339895,-0.2,-0.1,0.0,0.1,0.2,0.3
5.0,2,0.37628838991100055,0.45870546200002643,0.450097668994883,0.5739254456693424,0.731990279232561,0.8674474380148776,0.8572828192641925
10.0,2,0.5093713685041465,0.9844138181089418,1.1792036953881722,1.2441817419108727,1.26737459857003,1.355326747558213,1.5483976248155098
15.0,2,0.22489650927186725,1.705110054246872,1.7236242236346817,1.7703469191765775,1.9478734676527694,2.024843521529417,2.0465491532872866
20.0,2,0.19371963136804526,2.348601961493375,2.34028181048451,2.4449550996989475,2.4819486067004752,2.61722979868298,2.624779175643185
25.0,2,0.6783647979833293,2.9108056908040925,3.084762646175807,3.1014439711309576,3.036172735310549,3.0770639488788025,3.2869965735791102
30.0,2,1.3535372041155946,3.706727897146184,3.5874995511882295,3.539428422448835,3.809547088216254,3.7769063244262138,3.7165853956294135
35.0,2,0.9446462648340903,4.245036356747791,4.279553470281524,4.380630811516421,4.177799258247228,4.291061704155736,4.402062191282283
40.0,2,0.33817630948038435,4.8824371647230596,4.919416138901623,4.924084698080407,4.839201668107252,4.8667314752282556,4.983721760366205
45.0,2,3.445153570025674,5.609244295112872,5.472707886661719,5.278944355232654,5.683344330093644,5.541149540668067,5.4696516108135285
50.0,2,3.9909548763682223,6.002012273420303,6.201945246240593,6.298782268391624,5.858312776138569,6.048861007762243,6.284577559804891
55.0,2,1.8196735111208708,6.787723747945891,6.595606738745147,6.671301813631993,6.681435558539737,6.891732020963089,6.706140365108156
60.0,2,6.779078854210315,7.266301848712369,7.394211792390475,7.002495470881061,7.553840147323637,7.315437354874713,7.4411027439275435
0.0,2,0.041231215158093276,-0.2,-0.1,0.0,0.1,0.2,0.3
5.0,2,0.050094091755984324,-0.31710820013606766,-0.16700450200967387,-0.035932947181781916,0.054015843569348417,0.22480271266354138,0.34206389999277975
10.0,2,0.16557184937788694,-0.41424458391766206,-0.23942573329726344,-0.13743689621314198,0.07476408493139049,0.25194198386512917,0.36607475842783677
15.0,2,0.2935165377240333,-0.5159006752871479,-0.31127639696086545,-0.1724291258357156,0.03704502773480057,0.26173871631778556,0.40333287472555474
20.0,2,0.5140957555523319,-0.5817240057984366,-0.4060152629471217,-0.17532201078027151,-0.019601828317940367,0.2674972414793606,0.4185130939569337
25.0,2,0.5462502055927619,-0.6094085683338694,-0.466379471606863,-0.2704605113085785,0.028778969884252797,0.2128602005800604,0.40879341527564095
30.0,2,0.7231305028828747,-0.6457873191390141,-0.4883879732010118,-0.2699923726004678,-0.013822974976088516,0.11031663975834928,0.41269484154700237
35.0,2,1.1036669348878492,-0.5932162247278762,-0.5868354125195923,-0.22161881432345637,-0.11437841411371799,0.1041863893562476,0.3177201246153096
40.0,2,0.47144366131120663,-0.5727790228788694,-0.532375915811515,-0.3203470769309208,-0.09343938016847106,-0.0035497079502286363,0.2291855589250792
45.0,2,0.9559168766282463,-0.6009160296557077,-0.38631444792042524,-0.3813814092766231,-0.14353745689895805,-0.1358811171710773,0.15556172300605267
50.0,2,1.6967008512211774,-0.49379838095179873,-0.45956632304043615,-0.3062046962260824,-0.3549766672769484,0.0019389901711511627,-0.0790248536944022
55.0,2,1.9113725330412719,-0.5204743891893091,-0.3042102400417478,-0.39284920995029954,-0.40302086455237396,-0.0911396893465726,-0.1791007310399877
60.0,2,7.357852894309395,-0.5805715712963027,-0.0994358586552543,-0.6062434619103122,-0.28460986219307494,-0.3118946449906369,-0.2072029181764887
0.0,2,0.008176799014782396,-0.2,-0.1,0.0,0.1,0.2,0.3
5.0,2,0.12490661502296524,0.5730958384359374,0.7451004132432223,0.796934380631,0.9213294589009997,1.02674119280844,1.1259326545179908
10.0,2,0.2990333556635981,1.4010252117605166,1.5194112300704496,1.6118968776852682,1.7283733889888444,1.9189065305623798,1.8986546380077574
15.0,2,0.3033847600310178,2.1703210258642796,2.3754713168524075,2.4560966467578935,2.5217438317772713,2.7001069461346234,2.7436620482263403
20.0,2,0.3163435782540032,2.999124411192499,3.190644198660309,3.2239262120354635,3.4157527652183526,3.4752905615919905,3.5517976054518305
25.0,2,0.20317066573653372,3.870853031422546,3.9145642940517797,4.112639092322859,4.212181006551175,4.296400280361616,4.3390319879781085
30.0,2,0.9603969758520899,4.679718662766855,4.725063577366022,5.028097681966752,4.990606018475908,5.014293933835464,5.197023756814711
35.0,2,2.1272690123422118,5.549840510667632,5.547219822161739,5.708031879255193,5.987328824018958,5.755324647458745,5.976191886201104
40.0,2,1.0758183514489421,6.3677606347577616,6.356810379902681,6.635817617206542,6.691397657936942,6.59828411509507,6.763001103402045
45.0,2,2.0009366753824547,7.15719442865464,7.212328857509974,7.5511028940464575,7.349158173295256,7.512036782851423,7.5203843104809565
50.0,2,3.5906671012465816,7.940672123663826,8.234731540730118,8.018758923902283,8.409460747827765,8.347461943982962,8.240254105269377
55.0,2,5.614094029588689,8.628991677884427,9.206502675213438,8.937498028281777,9.019476571589154,9.229528183362364,9.058476187582757
60.0,2,15.705703114379997,9.53123088366442,9.812400479115945,9.98508233229457,9.56719386807042,10.341147588890967,9.732552110415115
0.0,2,0.10596221571002482,-0.2,-0.1,0.0,0.1,0.2,0.3
5.0,2,0.10312426591213418,0.2753945424834058,0.37336192325679884,0.44285494915588086,0.5670338366215882,0.6420340625627188,0.7463692405705411
10.0,2,0.10608446450570876,0.788111285348778,0.8105109855060727,0.9181835891682643,1.0009214068535193,1.120317519563901,1.156052322861331
15.0,2,0.0626837269502384,1.2497026037645154,1.333538562768964,1.4027566561456561,1.4248749214052732,1.5129213913188408,1.6173515285495548
20.0,2,0.18875272828631065,1.7682656934962988,1.8198549892857367,1.8002233698436052,1.9352711687370112,1.942555783818847,2.0220232134222385
25.0,2,0.13199421557519517,2.278330986982716,2.2692540919874684,2.3231768152745307,2.3196317071351213,2.409416130126315,2.4354330417485435
30.0,2,0.3219951561007317,2.743151678101277,2.7747840035519764,2.8221640228031237,2.7276400599660837,2.8202589482918854,2.8942926151913024
35.0,2,0.9224262350107352,3.252054211480012,3.2642004718885014,3.1332810009911354,3.3235318942240752,3.2469782967260667,3.309294007246758
40.0,2,0.26062929324707784,3.6964578939746007,3.7108521876408584,3.7152177455753876,3.6489828356593454,3.715853923424449,3.7890238509328324
45.0,2,1.3453704843644454,4.1707948245624245,4.105163498078531,4.233936984857156,4.038325369956452,4.236275199767998,4.238941114635774
50.0,2,2.2795029823072097,4.6061793527751265,4.638426229732567,4.429195985390462,4.751928973568688,4.617142071145537,4.727612933896789
