0.0,2,0.1506616234435874,-0.2,-0.1
5.0,2,0.21784052121759098,1.349427737048409,1.5023638260585739
10.0,2,0.21493695745912608,2.944745544144967,3.00069915650842
15.0,2,0.1095308243764009,4.469698651967495,4.602510454821912
20.0,2,0.20092872220553917,6.005120177599381,6.189408083167581
25.0,2,0.3542286434354664,7.5928538378168495,7.637397156561146
30.0,2,0.09267391658612836,9.066613708177764,9.297637202709696
35.0,2,0.26779235865580875,10.614233475907374,10.844482610431593
40.0,2,1.3425434966729368,12.203009155266258,12.243487018345263
45.0,2,1.0344086669884205,13.634171294479136,14.018483518371175
50.0,2,0.45097253860089187,15.238767927877161,15.476770115118295
55.0,2,4.149586157537112,16.84217244388685,16.844895388080687
60.0,2,5.71521502582913,18.237581160325337,18.821230986965393
0.0,2,0.03325731736213836,-0.2,-0.1
5.0,2,0.023278562697659856,-0.5518865132853246,-0.46158310211838816
10.0,2,0.021953801533331804,-0.9043857431571987,-0.826254344134823
15.0,2,0.01136256913889554,-1.2524726649185285,-1.1712903861640864
20.0,2,0.0016930745505483093,-1.5988395298543432,-1.5315687035546435
25.0,2,0.04436387487559061,-1.9418182426085442,-1.9013829073803146
30.0,2,0.0882342376915497,-2.292410677887635,-2.2300175624514824
35.0,2,0.062422532035967926,-2.6421987010084,-2.603677048834796
40.0,2,0.13669340058863344,-2.982890816956069,-2.984621122340808
45.0,2,0.31706503916445355,-3.360494200694788,-3.283310647620974
50.0,2,0.20464786168518545,-3.7121779400403283,-3.7039816900116804
55.0,2,0.14373980546653806,-4.063142446363407,-4.084009290985539
60.0,2,0.7825116304357311,-4.4907400311323595,-4.334975026822543
0.0,2,0.2113100055064302,-0.2,-0.1
5.0,2,0.29951419782182825,0.93093910278736,1.0913384718645436
10.0,2,0.2821140346698855,2.10100359432785,2.166932237462478
15.0,2,0.09353049577492366,3.2123373831356945,3.3517442529567125
20.0,2,0.28301768620455936,4.316732711650367,4.5365526687806
25.0,2,0.627414537019555,5.488503516057168,5.542784726245615
30.0,2,0.17785380510765655,6.54797678080148,6.801980891764866
35.0,2,0.45691846521101076,7.656216091723911,7.954132119495137
40.0,2,2.5179435451012417,8.858874613062559,8.877874619459966
45.0,2,2.035205621648,9.8594415183894,10.304308220716244
50.0,2,0.5688865880447104,11.03487520434763,11.348430395274452
55.0,2,7.236955305009898,12.294220553944111,12.202798791742067
60.0,2,10.913200460813744,13.2096230680268,13.937608673889455
0.0,2,0.0004421379837615786,-0.2,-0.1
5.0,2,0.006293224762180395,1.3238950720559166,1.4242045176016784
10.0,2,0.017002911973395953,2.8573911924699926,2.933130389927478
15.0,2,0.02835762682062378,4.375342989833729,4.460887879807773
20.0,2,0.04100434907136116,5.898461195017156,5.979114050998294
25.0,2,0.05258347595528291,7.4247038461246015,7.481768885537039
30.0,2,0.05189429407812918,8.926822197033527,9.014862124183807
35.0,2,0.04331514572942224,10.445450136937591,10.518734107606885
40.0,2,0.04198372415281827,11.954737211182742,12.016537041099168
45.0,2,0.02997666040876035,13.440373481088235,13.555578906614292
50.0,2,0.008619722847843868,14.9567139543033,15.038818927784895
55.0,2,0.0418715621925344,16.44785589640946,16.538683558534714
60.0,2,0.08699597279320107,17.927822617850744,18.0880440367945
0.0,2,0.3167185710396425,-0.2,-0.1
5.0,2,0.4325975136328843,-0.11924286814143847,-0.05069825089237179
10.0,2,0.5369379736144578,-0.11362285093252708,0.058396310211892385
15.0,2,0.5025943178030245,-0.0072528671115644336,0.021260466453790088
20.0,2,0.3295366709264665,-0.010760494499843825,0.11330618287303484
25.0,2,0.30320826956574926,-0.02848773084601325,0.1857623175980512
30.0,2,0.43511763272485665,0.07606302198081029,0.08386834961977575
35.0,2,0.23594330696485422,-0.037687152805838973,0.26543234718203335
40.0,2,0.0520150551545918,-0.0074055183996108494,0.23780920744150721
45.0,2,0.9253288459169446,0.07448380349005743,0.12653279856096306
50.0,2,1.7161177657181093,-0.12012390322430296,0.4345931071726646
55.0,2,0.9991127559946601,0.0571428132859608,0.23080613501169767
60.0,2,1.9021693998106535,0.07013345511350734,0.22771181586958913
0.0,2,0.17580348699541548,-0.2,-0.1
5.0,2,0.22226043680838772,-0.6491227377345204,-0.505331909079712
10.0,2,0.20714218934320183,-1.0615987770719528,-0.9925801100416198
15.0,2,0.14330767885888868,-1.5330416475572977,-1.4085530435740579
20.0,2,0.16795037578813132,-1.9992783943648074,-1.827471406145449
25.0,2,0.17281643312604678,-2.426898557002929,-2.354508925396399
30.0,2,0.03292087563593564,-2.9434824385045437,-2.7349005132302606
35.0,2,0.21802465238033775,-3.4053322307380123,-3.1806039238999393
40.0,2,0.6787049735512042,-3.8398308200739937,-3.7451089208204897
45.0,2,0.43880780289851873,-4.383538154984026,-4.0520306946180655
50.0,2,0.5848642780899957,-4.805826361676939,-4.545270404641162
55.0,2,2.4912121622267125,-5.227150783233489,-5.1394362510879485
60.0,2,2.3745743280667657,-5.777412672372626,-5.310101308240228
0.0,2,0.10952338994274818,-0.2,-0.1
5.0,2,0.13291481041459663,-0.12070606950462859,-0.038790961702499425
10.0,2,0.17910639603381143,-0.12495620993467486,0.07978288649122914
15.0,2,0.09744761464080576,-0.005380391169107178,0.07489931323180399
20.0,2,0.04333794892068785,0.002964922612891232,0.19252403562626583
25.0,2,0.26774428883210905,0.017682510130205255,0.26981299863118685
30.0,2,0.5568581100072442,0.1689421059018364,0.24058434854843858
35.0,2,0.5362735025353778,0.09692870762032743,0.4545764114977251
40.0,2,0.4452465349574019,0.22623868001031827,0.4192963748323955
45.0,2,0.880199373390899,0.35899756646032993,0.4624707871066159
50.0,2,1.61621058421632,0.24911025754747074,0.7539858064846405
55.0,2,1.408714486830612,0.5737529919392915,0.5382988530897725
60.0,2,0.45159571300070755,0.5709803245315478,0.8133349031095797
0.0,2,0.2264098601809671,-0.2,-0.1
5.0,2,0.41692405935561205,-0.18845221490435599,-0.1457727116860521
10.0,2,0.7933981686216797,-0.26337482070094187,-0.025268310132887842
15.0,2,0.3410730197295742,-0.2285571344143291,-0.1733377952215158
20.0,2,0.30069129019159363,-0.26496327201572134,-0.19030467238531304
25.0,2,2.1514222895406485,-0.3927155967558585,-0.008751711913917104
30.0,2,1.9617739875645976,-0.3063222320205071,-0.3299665173821846
35.0,2,0.09916814155109584,-0.4167851440713911,-0.21739522446304302
40.0,2,5.954005760280399,-0.5634044386315364,0.01449655680913486
45.0,2,11.052302555848676,-0.3569592743908889,-0.5832623308649496
50.0,2,1.778022437157043,-0.5927564794426016,-0.13371497858390546
55.0,2,11.466262527212358,-0.6787440020430109,0.04848550428123931
60.0,2,44.94569448366849,-0.27737897416740276,-0.9484433754773965
0.0,2,0.29220968288221016,-0.2,-0.1
5.0,2,0.3635222707822129,-0.16494899194646462,-0.07242173669812917
10.0,2,0.41527058682936646,-0.1620642210478082,-0.024980169770721233
15.0,2,0.40004442115799793,-0.12267841003912638,-0.06066023393197266
20.0,2,0.27005017478072785,-0.1434437522025588,-0.016133771710040302
25.0,2,0.18901861628656508,-0.17171216046973403,0.0074958934358149475
30.0,2,0.23355616799342832,-0.14880115355157303,-0.075777301222744
35.0,2,0.1142206077485223,-0.2351856077219641,0.01831105143465599
40.0,2,0.07239945181232553,-0.25602542440113313,-0.01136098683786213
45.0,2,0.7443413335497885,-0.23773608414135877,-0.12192595101146762
50.0,2,1.1466244987855787,-0.3710204689143332,0.06951974799243436
55.0,2,0.6659262787406905,-0.31509135844126535,-0.06222109346362233
60.0,2,2.0311990962555733,-0.29356552320897505,-0.14316477698387936
0.0,2,0.07813807468003268,-0.2,-0.1
5.0,2,0.08319487766998337,-0.1846092801910384,-0.04496907089827122
10.0,2,0.09166720788637542,-0.12444228212836339,-0.04513462676965344
15.0,2,0.056848658697619674,-0.13576976885115494,0.009502011067902633
20.0,2,0.009024108634535847,-0.11051106165971125,0.03955334148983393
25.0,2,0.05718441664114476,-0.0702331154401658,0.038843854359333164
30.0,2,0.17020845728140857,-0.10738315980478086,0.10427567148314412
35.0,2,0.1549707678692896,-0.0467915229873749,0.10596819786254431
40.0,2,0.09924646737633822,-0.04264564398248617,0.13501239261879133
45.0,2,0.3648407566648071,-0.05571668834115266,0.1871489266314033
50.0,2,0.6731904235034246,0.04314250485921202,0.18894755323297613
55.0,2,0.3815477987052862,0.007038456463888718,0.26073164316879727
60.0,2,0.2511314921426745,0.08478072762919386,0.2624213555480454
0.0,2,0.11180398153550372,-0.2,-0.1
5.0,2,0.2629389031900533,-0.5557056535424004,-0.39932840757249743
10.0,2,0.34546804835486383,-0.8900400591612296,-0.8129060365382441
15.0,2,0.044812026128004445,-1.2507374304113261,-1.1128523800880117
20.0,2,0.361539934164979,-1.6404820015597885,-1.4023788486696904
25.0,2,1.2688254274412594,-1.9484964298476382,-1.9035425597137554
30.0,2,0.6268594842725397,-2.3496297345455917,-2.103881675398605
35.0,2,0.5611294252179476,-2.7454852726865266,-2.4173108206094334
40.0,2,4.377377632655247,-2.9753581609901754,-3.041829188532017
45.0,2,4.4871296706059685,-3.463705711365716,-3.0007288626184345
50.0,2,0.41946955102520544,-3.7846382278501145,-3.4663880350784186
55.0,2,11.198944059126937,-3.908410476803333,-4.201783935302051
60.0,2,22.27207176249636,-4.576034789033524,-3.7097871492530383
0.0,2,0.04945554857372958,-0.2,-0.1
5.0,2,0.24720400948693422,-0.1104534077948236,0.058884653615287996
10.0,2,0.5509114118482166,0.06622688372260682,0.04753025278059214
15.0,2,0.1859195602663766,0.12767033878885112,0.28702022471936955
20.0,2,0.3084740616250711,0.25265434751216237,0.4166711463158838
25.0,2,1.8228222645049472,0.469725355941421,0.34152808711835136
30.0,2,1.402633595513439,0.4754423772202034,0.7395561340483771
35.0,2,0.11431427753553237,0.6707640372661724,0.753571749450505
40.0,2,5.182393865497828,0.9058100503968619,0.6271095801347295
45.0,2,8.297915480109594,0.8104522773799891,1.2827613451734814
50.0,2,0.7004435949401523,1.1321663288371926,1.0039528384960097
55.0,2,10.88159579936259,1.3258009228713918,0.9116725392119749
60.0,2,36.16629256376562,1.0756345227627937,1.9465564409953948
0.0,2,0.044140503898592115,-0.2,-0.1
5.0,2,0.2474697149271255,-0.8855184656877743,-0.7676710632053075
10.0,2,0.565256287948736,-1.5684807992210845,-1.5189347894168492
15.0,2,0.18789232119098076,-2.2407372604004885,-2.150440220375325
20.0,2,0.26833036748290706,-2.9427987580898156,-2.7985843381194364
25.0,2,1.789382757820408,-3.572848784093848,-3.6310091302834153
30.0,2,1.5118153968258494,-4.269654974609009,-4.145610446716745
35.0,2,0.2346022213680835,-4.987398368277184,-4.83078906911422
40.0,2,4.926623756357516,-5.528692339382841,-5.794395561043665
45.0,2,8.079181017267963,-6.354772434158227,-6.037597594510904
50.0,2,1.184709515868616,-7.01859618148035,-6.947166783655517
55.0,2,10.54401045231463,-7.475869312472867,-8.009953151081715
60.0,2,34.0380369041362,-8.581150362430918,-7.761054237708081
0.0,2,0.07006907581186166,-0.2,-0.1
5.0,2,0.12961023873156527,-0.5055962339620431,-0.44659504759626917
10.0,2,0.15349549659104988,-0.8547976359454728,-0.7037722731509475
15.0,2,0.09550506453237226,-1.1375714863845345,-1.0571506184008002
20.0,2,0.1564721978211442,-1.4370121788255723,-1.3866129056577792
25.0,2,0.27869910085172933,-1.7780734267134737,-1.6045509015205506
30.0,2,0.10118761227344014,-2.013835978126313,-2.0085025762806183
35.0,2,0.14524474256668096,-2.325672453632009,-2.2948069631360752
40.0,2,0.8541420746326177,-2.655507716933282,-2.478529089666269
45.0,2,0.7198660410784219,-2.8506041372871156,-2.9728558044605427
50.0,2,0.21213865089954856,-3.2079165994503693,-3.1732155420980566
55.0,2,2.6111724325155627,-3.530240295159927,-3.3445866341925155
60.0,2,4.048143000695141,-3.697546606831291,-3.990540507457464
0.0,2,0.010450766400947786,-0.2,-0.1
5.0,2,0.045188493119265497,0.16761569335555038,0.295287024019366
10.0,2,0.09768952237336141,0.5875258885477267,0.644576145522986
15.0,2,0.06494971717383889,0.9252639709846912,1.0555658737715656
20.0,2,0.016210562336801917,1.3195611749382852,1.4170709056552542
25.0,2,0.12111016318096436,1.7159401597711696,1.7826822816897532
30.0,2,0.23206277745707382,2.0275014209857916,2.198358555551861
35.0,2,0.10678242857928287,2.4655985736353143,2.5158062954627445
40.0,2,0.06398647463022489,2.7969511100339766,2.940308244804352
45.0,2,0.4091490914035366,3.135165579932718,3.3065789376961225
50.0,2,0.5803247511053224,3.6018579161243998,3.616752753000945
55.0,2,0.3706378496164171,3.8436362688797465,4.125638891771302
60.0,2,0.6172488515358504,4.296507348262195,4.358579337505129
0.0,2,0.06799887509676687,-0.2,-0.1
5.0,2,0.08989850176745515,-0.3472858435946873,-0.22668616320856425
10.0,2,0.13466140882234245,-0.45718351172487326,-0.40964616589352587
15.0,2,0.0883304453393117,-0.6149260698206441,-0.49006919700117413
20.0,2,0.04557264629325078,-0.7321809422343699,-0.632309566339278
25.0,2,0.21498246627045484,-0.8215591230009917,-0.8250484376267633
30.0,2,0.2425821111656467,-0.9922497642905481,-0.8441649443651246
35.0,2,0.01151068950820922,-1.068099756987928,-1.0396075515128262
40.0,2,0.514650490721764,-1.160157678712252,-1.2277496000733776
45.0,2,1.2315431749885297,-1.3612440531802787,-1.1664742443558982
50.0,2,0.4050927524912227,-1.3873172885489902,-1.4823439062854826
55.0,2,0.9317022926420921,-1.5242112779132464,-1.6229843710760434
60.0,2,4.544974685723364,-1.7706014445647251,-1.4687387652678683
0.0,2,0.015773803121956628,-0.2,-0.1
5.0,2,0.059188404313514076,0.065117213548816,0.18559048426186112
10.0,2,0.11590338940469687,0.3907678725346377,0.43281136775602197
15.0,2,0.06043257160220519,0.6247298328701533,0.755684610693427
20.0,2,0.021393684110536396,0.9386944021780379,0.9999670219254003
25.0,2,0.17571191152237137,1.2458861130479741,1.2817369690624092
30.0,2,0.2946254216936338,1.4611552283274267,1.6117014768000528
35.0,2,0.1960947313953036,1.8380908575529877,1.7963021506743198
40.0,2,0.2373322468607837,2.063399148255008,2.1688506060955
45.0,2,0.5410114496786705,2.3131997123121937,2.4264708333658107
50.0,2,0.7723530493658166,2.7209369481270715,2.587755406520858
55.0,2,0.9607960505993849,2.8133062070131882,3.0920333358718004
60.0,2,0.9797145786291784,3.1963683525107625,3.148354843687121
0.0,2,0.10053185083029773,-0.2,-0.1
5.0,2,0.18412068078536187,0.1380241390375006,0.19261566823838944
10.0,2,0.3574663340703736,0.4024610871208646,0.6138274444676983
15.0,2,0.14128746107509269,0.764225932014814,0.8300209024491536
20.0,2,0.12741722521099005,1.062492128824229,1.1513313027082817
25.0,2,1.0131130864071494,1.2962421093585466,1.6124367127861212
30.0,2,0.9440931240555293,1.7025983557572315,1.7054482676903553
35.0,2,0.08435892347983892,1.9403669234766554,2.130154138894036
40.0,2,2.8227944567736567,2.1787962007477546,2.614056856965742
45.0,2,5.198559104033956,2.666925516761579,2.523719695711075
50.0,2,0.8841451805682816,2.8117612982829137,3.190622329979137
55.0,2,5.423085556586846,3.116863983443045,3.620006527727824
60.0,2,20.947358208938773,3.718180666049666,3.278853004021095
0.0,2,0.20976558324158734,-0.2,-0.1
5.0,2,0.1869432960214763,0.18983683089360104,0.2818963463336729
10.0,2,0.16812214391087255,0.5271422456588586,0.7073630168768996
15.0,2,0.10844520639062676,0.9356097804871727,1.0235236393897778
20.0,2,0.015231623017897183,1.269626309786297,1.4371640425506567
25.0,2,0.07204713890972288,1.596912928346312,1.8430010023931072
30.0,2,0.26519061327333554,2.018969756989617,2.113334490117601
35.0,2,0.254143260037986,2.293734804605436,2.601724026185406
40.0,2,0.2831935004463131,2.672792185393936,2.9493561172392107
45.0,2,0.90772142112739,3.1081845034813003,3.210002018482932
50.0,2,1.188732512171863,3.345006911159893,3.811853610135033
55.0,2,0.5744534503508361,3.8464140262497275,4.042184937274534
60.0,2,1.4277469419582505,4.2628043664974,4.365583800523826
0.0,2,0.3530417273030338,-0.2,-0.1
5.0,2,0.36798028447191233,-0.5432323833532139,-0.45586315514942205
10.0,2,0.3657188475796168,-0.9482293370152955,-0.7654051662599521
15.0,2,0.28233623684939607,-1.271331164191974,-1.2030612790874573
20.0,2,0.1107308231330362,-1.6877661911041744,-1.5220763284670846
25.0,2,0.105040033953386,-2.111568920290666,-1.8619976301144787
30.0,2,0.31562121957838696,-2.429906197512694,-2.35552454859607
35.0,2,0.2775435844194981,-2.929024849089989,-2.5892550014090805
40.0,2,0.24724005390903736,-3.3001642342572968,-3.0095009229796394
45.0,2,1.1420684811516075,-3.6169419529485927,-3.5115075804004365
50.0,2,1.7930028568651002,-4.170007829089785,-3.6160234469468246
55.0,2,0.9726377850469478,-4.398243966012841,-4.187535984287857
60.0,2,1.9696650851450817,-4.748154038965174,-4.600075969364946
0.0,2,0.01496388554099112,-0.2,-0.1
5.0,2,0.14461692212150284,0.23811624110507004,0.4002152784442979
10.0,2,0.34805032967487987,0.772722840029531,0.7338467084699696
15.0,2,0.10790506932207679,1.1720560171428018,1.306977801593477
20.0,2,0.22677062758701688,1.6451697903141456,1.7661282850337814
25.0,2,1.2742090596194182,2.1945009110468603,2.0468516576635047
30.0,2,1.0280300114737113,2.521256465272074,2.752089567291673
35.0,2,0.24388974755819265,3.056210835031833,3.0881250777171525
40.0,2,3.551475788257351,3.576595968226085,3.3404180309427587
45.0,2,5.424266726345921,3.8099279888257613,4.239085503513635
50.0,2,0.6009528778022765,4.448350471779229,4.316172824856252
55.0,2,7.5286713454634295,4.883909062102464,4.624029848327161
60.0,2,23.275355616696096,5.022884044706699,5.790823954342023
0.0,2,0.34706829204049405,-0.2,-0.1
5.0,2,0.3136429142838255,-0.03206311016143555,0.09941254888482062
10.0,2,0.3812599084133475,0.153742574899984,0.3030322775559655
15.0,2,0.20262934076567696,0.2990543149372747,0.4546088417132036
20.0,2,0.01740000684913181,0.4594999022716894,0.6366554090530342
25.0,2,0.6109807247871523,0.6008895594498801,0.8685176378629653
30.0,2,1.0528022479902124,0.7437461175371035,0.9583313331122255
35.0,2,0.4710642657495316,0.9243544134975771,1.167669799634871
40.0,2,1.6694740932002323,1.0223517826467392,1.4631984535739375
45.0,2,4.2546516790596165,1.261217902790953,1.4160943975941205
50.0,2,2.427461214028377,1.44425935935483,1.783976444632409
55.0,2,2.4160161939339777,1.5294315632653224,2.112723766793074
60.0,2,12.245255820709968,1.9789781010752077,1.8259721764936259
0.0,2,0.3249987549166782,-0.2,-0.1
5.0,2,0.40100471996819825,0.30925699962106973,0.41577243932027186
10.0,2,0.39633770801469254,0.7552119447359228,0.929541667950926
15.0,2,0.1903992319177138,1.2933023218694861,1.375172469737589
20.0,2,0.20855937189714985,1.7149760446846716,1.942461230057273
25.0,2,0.48342868094511215,2.1745127335513996,2.3773220511465234
30.0,2,0.47835440686287356,2.709345734796939,2.8328048992023627
35.0,2,0.7719680591405919,3.042723746543058,3.4755156739847504
40.0,2,1.6977619668415307,3.620647699836825,3.7515909163873706
45.0,2,1.645327848172391,4.0958681870615194,4.358979887505422
50.0,2,2.145428592976628,4.414762865019931,5.020396856292645
55.0,2,5.674802697671542,5.2070590756018085,5.0772867799296675
60.0,2,5.273186577833316,5.498204491517021,6.069149252908167
0.0,2,0.010098949858916403,-0.2,-0.1
5.0,2,0.09392309879437365,-0.3417731057904389,-0.2782893666191725
10.0,2,0.21482864926868625,-0.5238684615379038,-0.35959396851071346
15.0,2,0.057435250416739046,-0.654692802185446,-0.5784867480106286
20.0,2,0.13239658142041277,-0.8058848679005827,-0.7475226955072268
25.0,2,0.7753746348281377,-1.0147260729738379,-0.7805758356739346
30.0,2,0.5612908046421833,-1.1122492405228237,-1.094412928718088
35.0,2,0.061507910663598904,-1.289186860078654,-1.2043059271689103
40.0,2,2.2726428398805303,-1.523704818301366,-1.1834211560808574
45.0,2,3.4462674109848264,-1.5474592433324956,-1.670886823519799
50.0,2,0.2062203135947481,-1.792009057873455,-1.6045831033772087
55.0,2,4.870953692024191,-2.028312685765362,-1.5732659537427038
60.0,2,15.342824652009135,-1.925133666303683,-2.3394671912266247
0.0,2,0.05091271660018532,-0.2,-0.1
5.0,2,0.16172388225451048,0.33364098882481336,0.3962219879085631
10.0,2,0.24843727455986497,0.8660352943555681,0.968863964609268
15.0,2,0.04073456521347699,1.3942615832785967,1.4694700110641827
20.0,2,0.24226043360619526,1.961675519933366,1.9475200926612195
25.0,2,0.9345467239017136,2.4644727571531844,2.5936436359710417
30.0,2,0.557105044505468,3.014790558120305,3.0156472552092346
35.0,2,0.4038420291103275,3.597674770816001,3.4988804253530525
40.0,2,3.0116002671341855,4.016580890949427,4.259030401355025
45.0,2,3.3234517071047236,4.641733104573877,4.473649455184953
50.0,2,0.4088924234354499,5.171427979169791,5.075411834018156
55.0,2,7.533690335039697,5.4780900862095185,5.94707665191365
60.0,2,15.772412695048434,6.278989595867994,5.764033905075349
0.0,2,0.0014224243469975332,-0.2,-0.1
5.0,2,0.09933346860711187,0.03182894821567871,0.15611659401572672
10.0,2,0.24491007308541807,0.33421971613151236,0.3717582526544048
15.0,2,0.14585003275073208,0.5244980643683725,0.6536015845277686
20.0,2,0.07907259799472291,0.8034178556271584,0.8586083645797694
25.0,2,0.45982986056431807,1.066514426344272,1.1170439729672008
30.0,2,0.6542123780676965,1.2267737523029056,1.3848845543736719
35.0,2,0.3035802975850341,1.5685012100304738,1.5287750893911152
40.0,2,0.6523690517896963,1.718151640510238,1.8985639068638502
45.0,2,1.5203376597468137,1.9309357087299457,2.043276980036394
50.0,2,1.2884796372839857,2.2947343437767556,2.2031892199859744
55.0,2,1.962739092242127,2.286949018774538,2.7205514226944056
60.0,2,4.19525489492404,2.6976439907068293,2.5752988516327964
0.0,2,0.23345930503568868,-0.2,-0.1
5.0,2,0.24206184662404565,-0.776543091835047,-0.6991074733512298
10.0,2,0.26518438259089583,-1.4229425263128141,-1.2304966735702079
15.0,2,0.1873570291176375,-1.9742112038655526,-1.907949718450412
20.0,2,0.04458937814402912,-2.617476987808231,-2.467650764029894
25.0,2,0.15182712439671053,-3.2786366284456068,-3.016812160692489
30.0,2,0.3738157995294321,-3.811974009419545,-3.759867888626284
35.0,2,0.21238338518120903,-4.535421532886886,-4.227595724785267
40.0,2,0.31970007764687136,-5.1429866770953545,-4.842715174186209
45.0,2,1.3238390184819488,-5.6632531347698425,-5.617272883053322
50.0,2,1.4441939270063189,-6.448750462579681,-5.940720446836845
55.0,2,0.7430751351876541,-6.9193503654263395,-6.694236622376142
60.0,2,2.8597912939650656,-7.463481586588174,-7.424750455407003
0.0,2,0.02725105767279133,-0.2,-0.1
5.0,2,0.05988402006514677,-0.6912172748639946,-0.5575975619767222
10.0,2,0.09034645088309873,-1.13226300819146,-1.0845414346265965
15.0,2,0.07342801700896506,-1.6508544662078597,-1.5283153569739047
20.0,2,0.06103682787544563,-2.1298977856571755,-2.012985574111494
25.0,2,0.10244348074939937,-2.587447591646154,-2.5507057901556633
30.0,2,0.11877086760554345,-3.144452268504987,-2.9657959726761307
35.0,2,0.08931303997649276,-3.5944310099700334,-3.4977914629846527
40.0,2,0.11495450820634111,-4.094358154993816,-4.021058958544495
45.0,2,0.18775857357298784,-4.660365615333651,-4.4168245818505945
50.0,2,0.33100115367986116,-5.073574075771868,-5.000256070294686
55.0,2,0.5666909096934752,-5.628941349282083,-5.48286404034472
60.0,2,0.4930763291175153,-6.150897584155866,-5.8740483192081525
0.0,2,0.016872008307358157,-0.2,-0.1
5.0,2,0.12381669104715232,-1.3269644921715267,-1.1652465912174546
10.0,2,0.28076525751157094,-2.380882355538152,-2.358898082311547
15.0,2,0.13597713709811718,-3.5333014587363656,-3.364077298765125
20.0,2,0.20065116585833231,-4.625654715499711,-4.456410445358361
25.0,2,0.8696405645526187,-5.651082718277559,-5.6871180528644105
30.0,2,0.6819327841161132,-6.839127404134018,-6.578217136631525
35.0,2,0.10236886391425361,-7.860877254228403,-7.756492506093319
40.0,2,2.2662762571876045,-8.877568408830523,-9.002536414990315
45.0,2,3.584306396814753,-10.11565884370226,-9.723343704523632
50.0,2,0.34807870499136906,-11.03116788412787,-11.100071441799768
55.0,2,4.833490512665932,-12.088449977808004,-12.29707656298976
60.0,2,15.640900086110536,-13.397125983043544,-12.787175405742914
0.0,2,0.0019401909229938407,-0.2,-0.1
5.0,2,0.048941234576352424,0.7000689967368939,0.8261051241279836
10.0,2,0.12267195773542525,1.608472748944451,1.7106760622451682
15.0,2,0.1059957124748751,2.511875545272134,2.652402681260486
20.0,2,0.1668362154561892,3.4134858936171772,3.584773693669802
25.0,2,0.4092483530171027,4.3513790743985785,4.442166848452128
30.0,2,0.3399314896619541,5.257441235403205,5.438738249502894
35.0,2,0.14984389966502698,6.178730182177089,6.36001230983832
40.0,2,0.8462652060958256,7.168280019424674,7.179865646057163
45.0,2,1.1870922635769063,8.049970190383801,8.29113608595923
50.0,2,0.10035589625790318,9.020386165657529,9.132117359187017
55.0,2,1.690779645474742,10.054712001120425,9.927833225270712
60.0,2,5.143386599320297,10.853619265128831,11.230785338252758
0.0,2,0.0004324256319994779,-0.2,-0.1
5.0,2,0.13234117218757263,-0.1783187962134799,0.008182567113103344
10.0,2,0.3318517492837926,-0.01957785688410142,-0.034297347687560854
15.0,2,0.20114257143236286,-0.06473740608212886,0.1441638392521836
20.0,2,0.024638923660249504,0.03492095733997673,0.17537222886483542
25.0,2,0.43516940279488947,0.17475007703731996,0.15019039488603478
30.0,2,0.9118836903724976,0.07303284141295056,0.4047380631765637
35.0,2,0.5002523136783772,0.30605232950728994,0.30708885177934664
40.0,2,0.1412455501640415,0.33843523786958984,0.39417620518562946
45.0,2,1.2608988300589148,0.2689342962324804,0.6516836056026301
50.0,2,2.344131561728942,0.6224714014884053,0.427575424202778
55.0,2,1.385295051518054,0.46427947869411795,0.7135558668861677
60.0,2,0.7052247114291555,0.5717896018629749,0.8397860423962948
0.0,2,0.07661854818102672,-0.2,-0.1
5.0,2,0.1808111540546855,-0.2729053994794409,-0.24168703037696998
10.0,2,0.3747166535115384,-0.4609041558754807,-0.21740407709608522
15.0,2,0.1618679359371173,-0.4877902205070838,-0.452003176555621
20.0,2,0.10833514944270664,-0.6245488200691216,-0.539143907683995
25.0,2,0.9437959141397277,-0.8298491659760295,-0.4879684923966716
30.0,2,1.0001587427641547,-0.795148648948953,-0.8551458465896767
35.0,2,0.19018518097197507,-1.031887053210637,-0.8030646946387928
40.0,2,2.366628915265531,-1.187518316098647,-0.7757557238560995
45.0,2,4.584681111593903,-1.092259225054778,-1.29667816288917
50.0,2,1.2991458011104429,-1.4502281929642022,-0.9882230451946592
55.0,2,4.865066415599943,-1.4708146897611682,-1.0846726549998922
60.0,2,17.444026963068982,-1.345621292734907,-1.7633024409645213
0.0,2,0.06385118345076174,-0.2,-0.1
5.0,2,0.1948766758776434,-0.14164358888893314,0.03366918221249248
10.0,2,0.29853325956712107,-0.033671109297510514,0.028043572417903992
15.0,2,0.036541219703293944,0.008034769221462438,0.18253517708117328
20.0,2,0.3806553071163007,0.05751175498689824,0.31032558515178055
25.0,2,1.3650884446368348,0.1955204577646015,0.22882789722580518
30.0,2,0.7749920930556061,0.19630897130544464,0.5011975414148861
35.0,2,0.5942045423232918,0.2799950942858012,0.5792105375450679
40.0,2,4.44199278172424,0.48046095256492616,0.41032028532867454
45.0,2,4.762440840021464,0.41250024389728146,0.92145542188944
50.0,2,0.22907099249735824,0.6038061378600712,0.8212007476813845
55.0,2,10.613468120878931,0.8678966579631967,0.5984152254335174
60.0,2,22.994063621294103,0.6647996240731799,1.5156214983646206
0.0,2,0.011861626003275142,-0.2,-0.1
5.0,2,0.045349867074664735,0.13912004976819856,0.22685877134489896
10.0,2,0.09715805878336266,0.4777714999952735,0.5746217828597323
15.0,2,0.08924683552126483,0.8104796092490422,0.886738578499953
20.0,2,0.10009142216804331,1.1465725764455412,1.2062149878875337
25.0,2,0.22609573720796025,1.4595065505863578,1.5710589605498195
30.0,2,0.2057387118235246,1.7848305173202208,1.8440452811831434
35.0,2,0.05628120904715722,2.108618317187964,2.1694416852959435
40.0,2,0.3907113506641927,2.3800563313823395,2.5615113727949392
45.0,2,0.6970671712336307,2.725303856753802,2.7513870253133845
50.0,2,0.12862736620165613,3.018075030564495,3.137943299423602
55.0,2,0.7663586001036015,3.2564390809890664,3.547141372471725
60.0,2,2.8723709441713607,3.6733851261554227,3.598396997941105
0.0,2,0.060943690868366554,-0.2,-0.1
5.0,2,0.25282337151155004,0.6434110028342018,0.8287001803900724
10.0,2,0.4003729933801096,1.5828138424794507,1.5716163540690868
15.0,2,0.10707292723893504,2.3834093205877926,2.5439784895810478
20.0,2,0.3709153978582355,3.2384615222267916,3.4359918760680928
25.0,2,1.3146767685924263,4.184163000043006,4.107388236656537
30.0,2,0.69110910800499,4.904368478129038,5.209366066576349
35.0,2,0.3898759704587822,5.813461452205504,5.997106830922538
40.0,2,4.17152174083741,6.7497963374937715,6.614506446672651
45.0,2,4.678778833090532,7.386709723411666,7.929917178570118
50.0,2,0.35189131350468483,8.412174033025728,8.492404974297678
55.0,2,10.694790429828345,9.315407011774559,9.120684638446336
60.0,2,23.156748076589803,9.871381406605666,10.763883719642706
0.0,2,0.00018786018737055856,-0.2,-0.1
5.0,2,0.1646155683212823,-0.6388799611338547,-0.4847544889341227
10.0,2,0.3554980717838158,-1.0288814493385137,-1.0011595217272125
15.0,2,0.06828872273321668,-1.4818851205205368,-1.3460425182392655
20.0,2,0.28165203757160334,-1.9205755697748916,-1.738984077871446
25.0,2,1.392554339776597,-2.2785524377751827,-2.327860062054036
30.0,2,0.8716051552788775,-2.7781725731393117,-2.550503345646631
35.0,2,0.19165439485596475,-3.1914829997285357,-3.0108204816269426
40.0,2,4.257360899036511,-3.505452357298072,-3.685928944021361
45.0,2,5.702398023954805,-4.101642876136411,-3.670529953322359
50.0,2,0.146763795230762,-4.42532616674003,-4.3479644034932035
55.0,2,9.718316314148264,-4.711172614801092,-5.061882525550509
60.0,2,26.6776700869784,-5.477392138730335,-4.648189878917606
0.0,2,0.018465565774531616,-0.2,-0.1
5.0,2,0.056458693953732736,-0.9675290361025318,-0.9100302579533851
10.0,2,0.1397770204523409,-1.8195967355094773,-1.6061706051164948
15.0,2,0.07250001594955348,-2.54942896568399,-2.47624470022572
20.0,2,0.06361010176984866,-3.3596293293886514,-3.242197896904795
25.0,2,0.3983927095032569,-4.208971357616124,-3.923869673732086
30.0,2,0.4940668518249095,-4.884830167098627,-4.871841411907344
35.0,2,0.21828365338552966,-5.756803442791151,-5.536348840766825
40.0,2,0.839055797224049,-6.545119897361688,-6.243856008091916
45.0,2,1.5990840099003625,-7.179025848861538,-7.265764889700029
50.0,2,0.6967579871612404,-8.120531271580969,-7.768001714875711
55.0,2,1.6841282808597846,-8.79149595822821,-8.569906161976693
60.0,2,5.338915034643934,-9.432431198642549,-9.646778898401765
0.0,2,0.13082347413107584,-0.2,-0.1
5.0,2,0.19468889862367367,0.246244206400031,0.3270131935094117
10.0,2,0.30389449170721605,0.6651074219148171,0.8089725239978732
15.0,2,0.2267321876375517,1.1126152209739935,1.183616890345785
20.0,2,0.15047105609308542,1.530409588943584,1.6165055880004646
25.0,2,0.47929188229461267,1.911354751629518,2.117281064869837
30.0,2,0.4937507597238266,2.36195277291799,2.413474687847888
35.0,2,0.0024737961841483965,2.7398520863046496,2.8948309808706965
40.0,2,1.0251428046077073,3.0927959614018703,3.4121503040642627
45.0,2,2.4299447135366705,3.5878060908596483,3.582290167410909
50.0,2,0.7110741755744487,3.9077816630936266,4.212589066024204
55.0,2,1.906747614521029,4.276797426756746,4.702439780039649
60.0,2,9.328446121850924,4.872337349130451,4.696191655843347
0.0,2,0.023896648140585564,-0.2,-0.1
5.0,2,0.08189140664230134,-1.1750365867466654,-1.0264365171443206
10.0,2,0.17251987089659765,-2.0548091112877156,-2.050778646678196
15.0,2,0.10478218602679096,-3.0743289554885185,-2.914752242207609
20.0,2,0.004221992844229722,-3.986041501013144,-3.896316202973634
25.0,2,0.19581246075276995,-4.875240373216202,-4.902882074134506
30.0,2,0.43876912221972664,-5.932948255463689,-5.710997901761367
35.0,2,0.22955529405530412,-6.751431226392666,-6.792086064294849
40.0,2,0.06663447081012923,-7.724260505686953,-7.713666331893138
45.0,2,0.7016524342719742,-8.76986141773961,-8.523243431434029
50.0,2,1.1997796900556108,-9.51174972827352,-9.713335969619635
55.0,2,0.6137482439834959,-10.639777891837005,-10.480448052264817
60.0,2,0.5749152607645643,-11.57684452651517,-11.396437307643788
0.0,2,0.08584379008772257,-0.2,-0.1
5.0,2,0.10448593219778468,-1.7444432463089774,-1.6465455923258763
10.0,2,0.14728711884656887,-3.297076456012949,-3.167560257675817
15.0,2,0.09660545974252141,-4.846142138890854,-4.748199735557479
20.0,2,0.04196280723103411,-6.405142459112929,-6.296166004959391
25.0,2,0.2128414823088259,-7.9851690768253185,-7.8025436320925605
30.0,2,0.26090166723072805,-9.534064236134398,-9.43239778701446
35.0,2,0.02260610457132415,-11.107125593757024,-10.952996667117226
40.0,2,0.5164921089364186,-12.710448284193056,-12.437920031300639
45.0,2,1.306411805269104,-14.218861817425422,-14.155387935068596
50.0,2,0.501872279256695,-15.818175715984076,-15.57425262899182
55.0,2,0.9093559332671965,-17.418186739094434,-17.06409347965126
60.0,2,4.634399611428151,-18.834813630079,-18.914796158384313
0.0,2,0.19059843714937813,-0.2,-0.1
5.0,2,0.23848799600722065,0.6831846037652308,0.8449465757941125
10.0,2,0.33595848886647417,1.6463441293802195,1.710330240163883
15.0,2,0.20862824652864206,2.4804773095779282,2.656375582057042
20.0,2,0.013449960707632002,3.390506254070679,3.552042773472763
25.0,2,0.310590598379333,4.311336462323863,4.435276547512981
30.0,2,0.7419508795250849,5.10548321878203,5.381529585159415
35.0,2,0.42796153308893936,6.083660143623908,6.227536443324113
40.0,2,0.37084092384609224,6.9193756262549995,7.193315359129625
45.0,2,1.7548902271115099,7.775901497702133,8.064279318526767
50.0,2,2.2794298415537813,8.810064468920045,8.939408316345583
55.0,2,1.1567773015588807,9.545356886161974,10.010771080046764
60.0,2,2.750573446144826,10.608427735877394,10.691635611846966
0.0,2,0.052020382200278555,-0.2,-0.1
5.0,2,0.050839695872196916,-2.2292439617387756,-2.1343239283414537
10.0,2,0.05993752066201247,-4.277977274951867,-4.140852143264462
15.0,2,0.036805817641735634,-6.303118114898415,-6.2071419418729645
20.0,2,0.008340646908680308,-8.352219268108604,-8.233005950990325
25.0,2,0.07432183841297126,-10.414750994142171,-10.235370171455537
30.0,2,0.1139474799336433,-12.43299391207879,-12.337896880550373
35.0,2,0.028892656853709366,-14.503324530101054,-14.329976681596701
40.0,2,0.21277041521586984,-16.561848681994967,-16.33498575995287
45.0,2,0.5686599529094246,-18.555573488737,-18.48412278765464
50.0,2,0.2788651578882173,-20.64921336411049,-20.397068265577534
55.0,2,0.32287439254075434,-22.674613717397975,-22.432617855970864
60.0,2,1.8189498879665429,-24.630256518836052,-24.634394109462168
0.0,2,0.01431424267618385,-0.2,-0.1
5.0,2,0.029181324651103995,-0.5316600438660064,-0.4340565710902158
10.0,2,0.06358577625509418,-0.8662097674213899,-0.788994611890026
15.0,2,0.02393660052097628,-1.1916050404076928,-1.1093049512419335
20.0,2,0.02476724709501918,-1.5290435859153093,-1.4359480597185381
25.0,2,0.20020842470268302,-1.8469636773186882,-1.8166613511294079
30.0,2,0.20667639502992455,-2.1813709123770604,-2.101604288757556
35.0,2,0.05451432456044725,-2.5309166447061964,-2.4412652735856337
40.0,2,0.5267768292708614,-2.824076129924491,-2.866899301685923
45.0,2,0.9509277495103245,-3.208356407228008,-3.067125249785106
50.0,2,0.22199475551534134,-3.549847083017541,-3.4838435054137875
55.0,2,1.011848216425895,-3.821025275417712,-3.94329213932197
60.0,2,3.6461123682144168,-4.307005205789971,-3.986788685289367
0.0,2,0.03015882356318761,-0.2,-0.1
5.0,2,0.10161552300860834,0.3026510106200477,0.3602326463195615
10.0,2,0.2011826583196569,0.7468554792559212,0.8765911308298713
15.0,2,0.24025314968865927,1.2725985422866946,1.2910450965041909
20.0,2,0.23930911162578147,1.7234838180948355,1.7821877182926564
25.0,2,0.31059829108593384,2.1556262152140917,2.277909302313067
30.0,2,0.37029018665421515,2.6810429473017603,2.64776240807239
35.0,2,0.22069454900296226,3.0463352632348237,3.192523469404367
40.0,2,0.0719525722240776,3.5024836749988753,3.619421244640735
45.0,2,0.281380886581592,3.992328835107497,3.9794165264871
50.0,2,0.4759140031496776,4.283713305394446,4.587139329892025
55.0,2,0.253726635060234,4.819560796176415,4.900775482498037
60.0,2,0.41305793896510296,5.229823258853095,5.326973100597207
0.0,2,0.2807243698371108,-0.2,-0.1
5.0,2,0.4967072861484131,-0.2113774821979763,-0.0053748474204302924
10.0,2,0.7649884016283701,-0.06882779485439829,-0.08995795765694127
15.0,2,0.5287722835605864,-0.16669277705278743,0.039184010578122326
20.0,2,0.15523787422519952,-0.12460730098085765,0.044866677309563
25.0,2,0.6154442074472849,-0.04014273996698221,-0.03481293260622382
30.0,2,1.3767313992910877,-0.22988764160010838,0.14583327539753
35.0,2,0.8820000985859987,-0.07135713449314288,0.024818781311121366
40.0,2,0.17969550655150712,-0.13183985472536683,0.05212579707139427
45.0,2,2.0822387308175,-0.2796462735423742,0.19659992768724835
50.0,2,4.565776161350068,-0.008651390505757627,0.004992237451164514
55.0,2,2.6964641065498505,-0.261409847209683,0.2094395980812918
60.0,2,0.8498022393688136,-0.1573435692355205,0.1792623762471582
0.0,2,0.3105730223069001,-0.2,-0.1
5.0,2,0.2752536789818991,0.20035857686391984,0.32326835260536957
10.0,2,0.38786302448440624,0.6042827213998858,0.7795459842878347
15.0,2,0.1788716900823445,0.9889494222180146,1.1481036405028586
20.0,2,0.06053800200825441,1.3822115195921305,1.5600831936221622
25.0,2,0.9666727317444178,1.7438118683519341,2.057869511166682
30.0,2,1.3901683701904868,2.143710251865768,2.3459236847004235
35.0,2,0.5870793819977597,2.5558776879249003,2.8041293886939513
40.0,2,2.6250234140010913,2.881789236093941,3.378375412808728
45.0,2,5.724988210876466,3.3995942943763544,3.4971831008200347
50.0,2,2.3850949343232046,3.8033544748171626,4.153826700591602
55.0,2,3.824677783284022,4.126656249290304,4.76331819736039
60.0,2,18.17332197071368,4.875616794663985,4.588957845467453
0.0,2,0.018739389796025258,-0.2,-0.1
5.0,2,0.07747007411016424,-1.0484500958099652,-0.9324197038680727
10.0,2,0.1640228322670173,-1.8499396525051688,-1.8073472542137956
15.0,2,0.1770249680912062,-2.727995948628342,-2.630228870168165
20.0,2,0.16092267094504717,-3.5601037705798864,-3.495186666055616
25.0,2,0.25955531192577086,-4.39463876074605,-4.360408439637483
30.0,2,0.34020638423399563,-5.311074472043003,-5.186988250927005
35.0,2,0.18355245247068872,-6.121787791297737,-6.096319355924367
40.0,2,0.10089015028838723,-7.033753405685723,-6.917364295793898
45.0,2,0.39062371695017784,-7.943160951299663,-7.798725762976561
50.0,2,0.5108532425093704,-8.746416014910746,-8.715346813878412
55.0,2,0.3246312570894979,-9.750921326672687,-9.470417264829734
60.0,2,0.72116792359374,-10.562879285351555,-10.477764834064123
0.0,2,0.003480016966844156,-0.2,-0.1
5.0,2,0.04798740360352392,-0.9126148440090175,-0.8390290735991824
10.0,2,0.10424118597676914,-1.6729414294888159,-1.4983157205184277
15.0,2,0.09339459472057232,-2.3621451856363427,-2.2615996571880426
20.0,2,0.14791739318045616,-3.083505211483702,-2.977459363647562
25.0,2,0.3112015990202051,-3.835468416631711,-3.6105011889197387
30.0,2,0.24726414435184396,-4.477587859398672,-4.422316717021381
35.0,2,0.1506170842008726,-5.215547683238559,-5.079744591302429
40.0,2,0.6136667793039502,-5.93348839587087,-5.6990224339434885
45.0,2,0.7282034163752358,-6.529130919283096,-6.577977148969264
50.0,2,0.11415470429336572,-7.301582290382418,-7.132056649360078
55.0,2,1.4107574251604977,-7.969287263673415,-7.772253687682167
60.0,2,3.2740029421173955,-8.541091541880544,-8.745972082166139
0.0,2,0.2777747823066116,-0.2,-0.1
5.0,2,0.33479867559459275,-0.4596934547032052,-0.33610482669547664
10.0,2,0.40221294511138467,-0.6953446794893896,-0.5968846873173794
15.0,2,0.34119453257949767,-0.9795658782006865,-0.8687449584366506
20.0,2,0.17129078894727043,-1.2552832843907307,-1.123322414145742
25.0,2,0.2421833542594361,-1.5358293399339698,-1.3828938825430708
30.0,2,0.4015514109529511,-1.851609470569042,-1.6897794954773253
35.0,2,0.13237548694776685,-2.1305967984459797,-1.9431073368855742
40.0,2,0.2797014254967495,-2.462841001842244,-2.181212969768532
45.0,2,1.455648315792084,-2.7451975797364616,-2.562987339537708
50.0,2,1.463657400862033,-3.029153985501689,-2.735911828800874
55.0,2,0.8372487668382791,-3.382982574128309,-2.9683848418833847
60.0,2,3.9194060261406065,-3.540350488726827,-3.468891738187421
0.0,2,0.27506336929416303,-0.2,-0.1
5.0,2,0.18417907676570003,0.8691983416395898,0.9874757455851284
10.0,2,0.1067065657764049,1.9129355060433624,2.087196537971458
15.0,2,0.05710988213869475,2.9876725074511508,3.117965036951652
20.0,2,0.013486343706322484,4.015796560102391,4.223442455256265
25.0,2,0.09961960565473826,5.048611838123207,5.307561522840404
30.0,2,0.36595869214452714,6.132188601179193,6.3080772765884
35.0,2,0.5018705773871813,7.135391419800568,7.470159584554164
40.0,2,0.5824773647590615,8.210214019697842,8.52067581800451
45.0,2,1.1318690051044145,9.32764006898925,9.514680758379638
50.0,2,1.3738003043403253,10.327494346800052,10.778556163251082
55.0,2,0.6513919444506321,11.501929065474133,11.749189813998672
60.0,2,1.3486771311650965,12.648454600692851,12.78319282107926
0.0,2,0.011603929714337205,-0.2,-0.1
5.0,2,0.046143304030364186,-1.1566861036032037,-1.0642017475062326
10.0,2,0.10082449803333011,-2.137544436614159,-2.026940183992409
15.0,2,0.05477996811143242,-3.076382341026273,-2.988947699515953
20.0,2,0.03403047595357911,-4.048630265216015,-3.9320127766791804
25.0,2,0.21336962178375535,-5.003554558418036,-4.921705754476223
30.0,2,0.24516369041373726,-5.933846053913683,-5.856005706175844
35.0,2,0.06122252137814715,-6.928110052431068,-6.78664556211005
40.0,2,0.4408933366957114,-7.827639090345296,-7.8352342766309935
45.0,2,0.9142130607625736,-8.799974759466659,-8.677835332539967
50.0,2,0.3791139273647208,-9.791923638147514,-9.66024458223872
55.0,2,1.0212199942569715,-10.626670356416755,-10.771732711171458
60.0,2,3.3015269371836524,-11.721356300712579,-11.429207390635206
0.0,2,0.08806726287473862,-0.2,-0.1
5.0,2,0.2743573156870533,-0.16218736988334098,-0.09232078661555929
10.0,2,0.4186241153732804,-0.10523276786591759,-0.01347884075295326
15.0,2,0.09703308817193343,-0.083019896239879,0.012475724787643206
20.0,2,0.3417726474311834,0.010826740006905396,-0.01291066269550923
25.0,2,1.3280741477757418,0.03321076104903108,0.16007046926124624
30.0,2,0.8314496330572863,0.0790093215557422,0.10466112125889344
35.0,2,0.59486384288683,0.21803249675616762,0.06726706753957812
40.0,2,4.185279195452021,0.12812406404200483,0.3994505212946488
45.0,2,4.694013378474199,0.27519085392458187,0.09530696212144808
50.0,2,0.928083412464233,0.37349551286356564,0.18228979663736214
55.0,2,10.940844274689494,0.1210596736578429,0.6845737787091475
60.0,2,21.93920697491992,0.509951878015979,-0.12237895904231141
0.0,2,0.2052821701711957,-0.2,-0.1
5.0,2,0.330971658146469,-0.20324792327761176,-0.08520527043864932
10.0,2,0.3789183947809087,-0.20768110299807746,-0.1245506024434042
15.0,2,0.3319843610097344,-0.2152350859549577,-0.14113480405012643
20.0,2,0.4012311368116119,-0.26730849885330105,-0.1170092034010971
25.0,2,0.4252591047149266,-0.2838111567749329,-0.21741461281133337
30.0,2,0.1308209713789001,-0.3356114795415116,-0.20956797280860795
35.0,2,0.2756241313015288,-0.43624221514215517,-0.18308137796964083
40.0,2,0.9949812472308437,-0.4294507707143478,-0.3788618768248508
45.0,2,0.6099596075537488,-0.5462111441164832,-0.26688529073413186
50.0,2,0.5496521997562691,-0.6453462342943334,-0.28068108525029906
55.0,2,3.686268264144942,-0.5646114121147792,-0.5864011405864233
60.0,2,4.236799716039694,-0.777982205148686,-0.23318024880909707
0.0,2,0.0186172720426678,-0.2,-0.1
5.0,2,0.04090282035041877,0.41292919194950917,0.5334361490691875
10.0,2,0.07351089034963423,1.0509610207600486,1.1313495416504773
15.0,2,0.07547122998121594,1.6568950984917141,1.7923396344963853
20.0,2,0.07153471803377734,2.2916239042039326,2.4158558601064857
25.0,2,0.12169995723121313,2.945352234249394,3.011524377022243
30.0,2,0.11735957350689497,3.5501541034958266,3.7111216614852034
35.0,2,0.025807651853624068,4.221575153174642,4.305634877992645
40.0,2,0.15081350514630232,4.880683006591698,4.9124566447794455
45.0,2,0.3480113771753569,5.48180334322153,5.659373018294305
50.0,2,0.10739414672123782,6.194722560845455,6.189769779495289
55.0,2,0.284609352626025,6.831923830796421,6.83293537902723
60.0,2,1.3721790429463032,7.42237969126368,7.626880925843339
0.0,2,0.19835426979056767,-0.2,-0.1
5.0,2,0.12789818671072048,0.29830602473565354,0.38972080258910263
10.0,2,0.1371715211466301,0.7357284241625374,0.9548236741304993
15.0,2,0.07476194558246427,1.2562884082847314,1.3718937018454338
20.0,2,0.0449442888456639,1.70792151784044,1.8949863172810935
25.0,2,0.424596839635622,2.136427326804618,2.466293304252845
30.0,2,0.7451985403100941,2.6966879180077425,2.812391493930357
35.0,2,0.5278708366296085,3.1056021175985213,3.4314158546975633
40.0,2,1.14617278878675,3.5895691333472115,3.9821118185742135
45.0,2,2.424563634529486,4.212351089816212,4.260136360966507
50.0,2,1.3882605721602266,4.582380375449479,5.056141640764235
55.0,2,1.1798347278817767,5.189321553128769,5.516118262224648
60.0,2,6.154242119260848,5.8594914893039345,5.7438671277163476
0.0,2,0.06117617192383401,-0.2,-0.1
5.0,2,0.10750189704771333,0.13935906123297828,0.24321945702060993
10.0,2,0.1760063044151689,0.4757324175574207,0.5740002616576929
15.0,2,0.1585360641997233,0.8254522607168191,0.9416752090602224
20.0,2,0.12259991295368304,1.1743508875992041,1.2937291454983235
25.0,2,0.24965300668228266,1.5430423141754064,1.6117944141277751
30.0,2,0.26266896969315856,1.9058685257722336,2.021783203100735
35.0,2,0.03172233144266715,2.2683726619182036,2.3646923774492166
40.0,2,0.36290263216023877,2.680082664786022,2.6588870320298295
45.0,2,0.9568991028949593,3.017650919903543,3.154116069123034
50.0,2,0.37569645707039856,3.4077399592646476,3.4217857521937165
55.0,2,0.7250957875623367,3.8442062007896807,3.707406473435469
60.0,2,3.581199779330569,4.093908722561789,4.338971728950682
0.0,2,0.017457043915185832,-0.2,-0.1
5.0,2,0.15231980334156814,-0.6759840367669661,-0.6514188021747995
10.0,2,0.3530736583684715,-1.2800132821763683,-1.0710411200408265
15.0,2,0.21619757439389006,-1.6888497915940999,-1.6757486017503418
20.0,2,0.010930725967162531,-2.2321490263474812,-2.151075171885425
25.0,2,0.40000840012653527,-2.8010316712807355,-2.593518818072607
30.0,2,0.9122051895537131,-3.149399047288334,-3.245842107327458
35.0,2,0.4947725520051871,-3.8068357477984063,-3.6052860564173463
40.0,2,0.020547782669640795,-4.250932793877768,-4.163788082032237
45.0,2,1.204938826179353,-4.639185750263026,-4.77270095351868
50.0,2,2.501635118276918,-5.390594167069181,-5.052089721991426
55.0,2,1.2177126172219932,-5.641744141250225,-5.7996338540487615
60.0,2,0.1737341946312935,-6.236932613940335,-6.213491455338676
0.0,2,0.03815147671684384,-0.2,-0.1
5.0,2,0.13617134244352935,-0.1147558472092025,-0.04446368046181238
10.0,2,0.3232433530829666,-0.07664804115045237,0.12508309473202928
15.0,2,0.09781131559444187,0.021638848680576323,0.12674714545023824
20.0,2,0.20966981223601655,0.09704473757757832,0.19477885402153255
25.0,2,1.2567313329657193,0.10824399481051514,0.4249211236553051
30.0,2,1.046435259266866,0.25731172778141376,0.3143690183602616
35.0,2,0.22780163410181767,0.3169280579572934,0.4629139272413643
40.0,2,3.557140365984208,0.3138284381929975,0.7649183143922014
45.0,2,5.625472327506122,0.5745181012547019,0.4486144386024124
50.0,2,0.5506278842312788,0.5709687962299719,0.8270676795046891
55.0,2,7.0502300146962575,0.5846845683427112,1.143851644954375
60.0,2,23.75110941645419,1.0202136798594743,0.49217579568383446
0.0,2,0.30025577569970086,-0.2,-0.1
5.0,2,0.281088320568512,-0.8358994430553206,-0.689168060767487
10.0,2,0.24266495077013503,-1.4350835078227064,-1.3350162145742188
15.0,2,0.16561496513403756,-2.0981078029462985,-1.9509523351837201
20.0,2,0.0508574521496769,-2.745887443337539,-2.559391026059222
25.0,2,0.05242564373714731,-3.375524330002707,-3.2175350603991557
30.0,2,0.2516973093499607,-4.0702929032822555,-3.835820316258009
35.0,2,0.3362324533123945,-4.700570882821445,-4.452948603910098
40.0,2,0.30730098337223843,-5.357027365344177,-5.102237862229272
45.0,2,0.8727730560901058,-6.023067327678915,-5.734871200807732
50.0,2,1.5442527218549529,-6.621247291677929,-6.3136265527911934
55.0,2,0.9606503468518848,-7.280108507364007,-6.9602962599598275
60.0,2,1.00713708793811,-7.846844571989552,-7.617958394463657
0.0,2,0.06251642051211277,-0.2,-0.1
5.0,2,0.100022481223512,1.1671933003193005,1.2107969928375242
10.0,2,0.10765201923104717,2.4868737411342248,2.622999283334223
15.0,2,0.011091882050862617,3.875432221638272,3.9213445068420083
20.0,2,0.12389953213247235,5.24333609712466,5.247117236497287
25.0,2,0.3939881204251681,6.556750404496268,6.701958760704552
30.0,2,0.19878191743171583,7.982104160315257,7.93084922200034
35.0,2,0.2604583062928838,9.318442081558667,9.299164001966359
40.0,2,1.4316159029386037,10.61773486678753,10.790141999372148
45.0,2,1.3385100713513238,12.075174904614347,11.894228752074492
50.0,2,0.2394465267579513,13.338830910269207,13.364845837883005
55.0,2,3.702285690112009,14.625795211895094,14.866471508729756
60.0,2,6.529496194505845,16.121227148924632,15.769824349662063
0.0,2,0.3462077420552832,-0.2,-0.1
5.0,2,0.4368663592211399,-1.1728228933041265,-1.0455892106739788
10.0,2,0.4039410770012363,-2.1760564269586826,-2.037980541809923
15.0,2,0.17846412500567646,-3.135838457299244,-3.0365506110125056
20.0,2,0.2991081375632244,-4.182634627235927,-3.9476699972647786
25.0,2,0.5965798118279468,-5.176077539163557,-5.024606684867044
30.0,2,0.31128724139888203,-6.159740863365339,-5.987171453298781
35.0,2,0.7217231683825401,-7.270298167938025,-6.857455847854833
40.0,2,2.389825623118478,-8.16778779359186,-8.082170185737986
45.0,2,1.9431374129344492,-9.219677268165622,-8.869816871458625
50.0,2,1.5928050175856376,-10.316015325479716,-9.770323598005717
55.0,2,7.493804353372684,-11.038090040495083,-11.180966402658939
60.0,2,8.73305270391075,-12.258021341066538,-11.56997860814565
0.0,2,0.017850272521010152,-0.2,-0.1
5.0,2,0.22644645242556322,0.10024410399584834,0.17676490920171073
10.0,2,0.4418287719232172,0.41279944047798783,0.5288676983245701
15.0,2,0.11276903796404651,0.6985799785351614,0.8065838158980932
20.0,2,0.32140079582192677,1.0436020004605404,1.0550434758378955
25.0,2,1.4731864184202839,1.317941680045574,1.4984062044296005
30.0,2,0.995120088946731,1.6310850495225107,1.6844529369495473
35.0,2,0.4044511712451773,2.016186797716212,1.9384057712528269
40.0,2,4.349786235437324,2.1901248178426056,2.5344463058300635
45.0,2,5.579880522421134,2.6188002689275196,2.465610863882752
50.0,2,0.7448866499941853,2.9634286680645583,2.8785428561360744
55.0,2,10.757137026123562,3.0034949717546735,3.624024970915101
60.0,2,25.619089990342125,3.6898469883770133,3.055284651251791
0.0,2,0.0028039169522152576,-0.2,-0.1
5.0,2,0.09273917098987289,0.08414534188232366,0.15473502956604038
10.0,2,0.23571840311434647,0.28765381186972694,0.47732191865117507
15.0,2,0.20116579912313015,0.6177003959197396,0.6996330701659217
20.0,2,0.14290803566274377,0.8584316941714161,1.0085529995172355
25.0,2,0.40362428127692523,1.1012027282877965,1.3057904400884908
30.0,2,0.6455278501213336,1.4794591695602117,1.5211386359127523
35.0,2,0.3713465908542773,1.6625566665881386,1.9086965464534227
40.0,2,0.22812640477323423,2.0213886214719006,2.1170057827061037
45.0,2,0.8515455291128713,2.3778231151570783,2.4124541669610675
50.0,2,1.2367777506893658,2.5314864932721237,2.8311230232789866
55.0,2,0.8678480867700039,3.050722068860931,2.9043678922861567
60.0,2,1.097983706019564,3.2489720479800566,3.411993999303087
0.0,2,0.06309331633215332,-0.2,-0.1
5.0,2,0.10418521830820604,0.27042272227474196,0.37795341467848176
10.0,2,0.18167758385167826,0.7566431439380177,0.8651770932833014
15.0,2,0.10572399666494305,1.2102382391269877,1.3233669616260497
20.0,2,0.04973826804461856,1.6851236404208205,1.783950207285985
25.0,2,0.33126486787547504,2.137518755162825,2.2987510536216043
30.0,2,0.3955743705286121,2.5845348811623086,2.711710564003372
35.0,2,0.06191953853337032,3.0712457972973968,3.176770482854336
40.0,2,0.7436821971604102,3.4704443228105557,3.7479888177406315
45.0,2,1.7200320457128242,3.9724170222280355,4.047689633678172
50.0,2,0.660394247676515,4.447142452900355,4.605107381536865
55.0,2,1.4902675870780928,4.800076661339799,5.222223759754846
60.0,2,6.150305684083985,5.445845062502071,5.314282599839661
0.0,2,0.12641739578482428,-0.2,-0.1
5.0,2,0.30447970441536054,0.875549902205332,1.0539913483401924
10.0,2,0.41183356873145394,2.0437104592223387,2.036357453751642
15.0,2,0.21413155951653695,3.073502965642257,3.220015985295706
20.0,2,0.39999902867763004,4.1544964372990805,4.334947889169923
25.0,2,0.9414859503278955,5.3125232481691675,5.253952264833333
30.0,2,0.45739756636489337,6.2578078021327155,6.541001379876444
35.0,2,0.4087964334773051,7.3814854289120015,7.5603567491855435
40.0,2,2.8084018241484574,8.50908752602068,8.436962647258001
45.0,2,2.7663863804716256,9.384009568712335,9.888074230135615
50.0,2,0.5834996977850113,10.6037048941367,10.726795849973115
55.0,2,8.023646450797122,11.687810128999777,11.615532721767094
60.0,2,14.323388624329066,12.523981628692633,13.3180024225556
0.0,2,0.03531532061427043,-0.2,-0.1
5.0,2,0.14165739696516483,0.21310696776439195,0.310249424800719
10.0,2,0.3259868338030861,0.6325936577763493,0.7731168481216375
15.0,2,0.11163805197126914,1.0319661735669539,1.1583435250204677
20.0,2,0.1414717478700719,1.4622609654137348,1.5502296093450123
25.0,2,1.0286958090463163,1.8432265440940967,2.0754061811690137
30.0,2,0.945936691761597,2.2617245260263523,2.3786146226227043
35.0,2,0.19711237894166883,2.7169976135746774,2.7944511175160214
40.0,2,2.7646414367734415,3.032185582187363,3.4262253270209837
45.0,2,4.687189517934204,3.557566988959042,3.528737929423647
50.0,2,0.8784645156151428,3.986492296131606,4.111560423196238
55.0,2,5.768213866220183,4.235790336719185,4.829096111235799
60.0,2,19.03600245202295,4.987668060653643,4.557909801402983
0.0,2,0.34423687326027247,-0.2,-0.1
5.0,2,0.402550047721972,-1.4148373244390269,-1.294376242137301
10.0,2,0.37098135516395203,-2.640382189385587,-2.523344780343137
15.0,2,0.30248086796979334,-3.857642340137118,-3.767485483900154
20.0,2,0.26291574922308686,-5.127302969019783,-4.948734136569271
25.0,2,0.137891949099454,-6.370685378940008,-6.228690741839398
30.0,2,0.029680051348172483,-7.61981269579609,-7.471973098205368
35.0,2,0.29913050104177996,-8.938220670315609,-8.627594248944666
40.0,2,0.5370094345497186,-10.1528303457035,-9.990374096425603
45.0,2,0.37491087308448934,-11.434539886647668,-11.168389405816582
50.0,2,1.173754001647116,-12.756873024081345,-12.304008436438226
55.0,2,2.5529869633889763,-13.878746026577224,-13.781212322059698
60.0,2,1.5112631417789792,-15.210724317311415,-14.77785713194557
0.0,2,0.014234241501480754,-0.2,-0.1
5.0,2,0.10015675623817,-0.5800177268099243,-0.5084576870550914
10.0,2,0.17922455698869671,-0.9907310920661483,-0.8304653608649736
15.0,2,0.08934685172072426,-1.358108013487595,-1.2540186254939003
20.0,2,0.21153493035926182,-1.7265647974011415,-1.6554953119673685
25.0,2,0.5943745528471258,-2.1429230542502538,-1.9244717132569777
30.0,2,0.3260793377438136,-2.4642473136958647,-2.4149991404711293
35.0,2,0.15728557772882576,-2.8287013115437882,-2.7724687589451076
40.0,2,1.6793387339936605,-3.254957162078395,-2.975209960758026
45.0,2,1.9088845748620922,-3.5007494140483493,-3.604999327181422
50.0,2,0.010740307056564046,-3.9040117749332044,-3.8329316205163737
55.0,2,4.117534936150458,-4.342804056270048,-3.9946608782282333
60.0,2,9.589452059853041,-4.481016242166925,-4.873110205198488
0.0,2,0.08773561344938147,-0.2,-0.1
5.0,2,0.05469145313149559,0.5261075104638956,0.5846813711043789
10.0,2,0.029210622922713786,1.2227667845339607,1.3153679879666702
15.0,2,0.016800480019628326,1.9659618125682787,2.007911522065361
20.0,2,0.03151587484000772,2.6906162632335158,2.7053517167291736
25.0,2,0.09067087836833337,3.3946396935581973,3.4433167979848567
30.0,2,0.19938619673836905,4.14953026875206,4.121040370763896
35.0,2,0.29441976125002856,4.843306459404576,4.827934957485682
40.0,2,0.3031843485471905,5.548729403161412,5.555210424832631
45.0,2,0.36224863229834436,6.277360848090531,6.21856119986596
50.0,2,0.554579039219308,6.927691867685486,6.918779574086794
55.0,2,0.4539431303392222,7.628946015946217,7.632661900795138
60.0,2,0.11126137337895194,8.297865246676386,8.28591451942382
0.0,2,0.09771098011720228,-0.2,-0.1
5.0,2,0.17356667046278426,-0.21110074848926055,-0.10762207821517203
10.0,2,0.3441463804097167,-0.21614122687321005,-0.07118987320823708
15.0,2,0.13864296178720764,-0.24236385625203571,-0.11349169334260722
20.0,2,0.09846066414579877,-0.24598969500466217,-0.13779554186045304
25.0,2,0.9367151615847396,-0.29311910745415676,-0.04833698750930953
30.0,2,0.9912443152907839,-0.3061571495507701,-0.17194850053769345
35.0,2,0.1958287576784759,-0.2913889881144155,-0.16777078545754937
40.0,2,2.4727915878303572,-0.3988504507894732,0.014502497376694566
45.0,2,4.746119094510354,-0.30836329557591313,-0.29787248729144467
50.0,2,1.206817965681781,-0.31785544499267665,-0.12155077766373339
55.0,2,4.757083846845262,-0.47383877986863776,0.1269030011966478
60.0,2,18.04821852075864,-0.16125162473140847,-0.5272174760090601
0.0,2,0.04665191180779679,-0.2,-0.1
5.0,2,0.16490850941374927,0.2693044185389868,0.30605738169053187
10.0,2,0.348602447384285,0.6585433104390515,0.8426054721176687
15.0,2,0.21464933103825898,1.1552943130277482,1.1781398805180157
20.0,2,0.23341894826694815,1.5788559818121621,1.615810618438575
25.0,2,0.897154797751939,1.936395835379121,2.182161678783471
30.0,2,0.7748335366612842,2.465745619922135,2.398791779733975
35.0,2,0.09174411185877698,2.805371930727395,2.9311559869843187
40.0,2,2.1163903889903426,3.1600272811909105,3.497618732866607
45.0,2,3.729778741895284,3.7337047629068483,3.549109847206414
50.0,2,0.5662156839850119,3.959696844995557,4.290150336050585
55.0,2,4.3760335873517935,4.373575644557377,4.784064400730547
60.0,2,15.659957574903803,5.006367137894079,4.629385177196948
0.0,2,0.1450447360418607,-0.2,-0.1
5.0,2,0.19567448770952262,-0.5578353062655736,-0.38568929440968364
10.0,2,0.18925393734722373,-0.8729388404578765,-0.7922938219968373
15.0,2,0.0059954607434785446,-1.248136250021506,-1.0744581249320928
20.0,2,0.28265667116893933,-1.6214611319286487,-1.365496288643497
25.0,2,0.8542425747865341,-1.919089308484609,-1.838069090083038
30.0,2,0.46442289528553193,-2.3314570152732634,-2.0296727595294244
35.0,2,0.6739523037021211,-2.6775865250277042,-2.353810180554589
40.0,2,3.116030541452208,-2.9226060618533416,-2.900693283890784
45.0,2,2.789253916567975,-3.380221033785771,-2.9022045981518128
50.0,2,0.4934577207281711,-3.633792050916499,-3.348413687966536
55.0,2,7.727015189911686,-3.8122152707539256,-3.9506536875942624
60.0,2,13.30865793526796,-4.357372101372952,-3.621286251590878
0.0,2,0.018629773099159436,-0.2,-0.1
5.0,2,0.14995527714225226,-0.5847033854680934,-0.4570913588227159
10.0,2,0.2708144810561447,-0.9547393308168491,-0.9001504132316573
15.0,2,0.08821316862483644,-1.3418537446704857,-1.2485042229753331
20.0,2,0.2590495761692623,-1.752588447048349,-1.5986785159592782
25.0,2,0.9248218654380786,-2.10416324956907,-2.112881405054266
30.0,2,0.5251257128990804,-2.5324378595644963,-2.381758541334734
35.0,2,0.2227783042739577,-2.9626756997095476,-2.7622519424000136
40.0,2,2.7786971923399535,-3.2679197172820103,-3.3810400258450652
45.0,2,3.308821865483063,-3.7916207610767274,-3.4582016252539436
50.0,2,0.15541994975626947,-4.181247441469984,-3.9852817126123274
55.0,2,6.860929536822759,-4.424314100125078,-4.691491889605132
60.0,2,16.139146773600036,-5.120783371137968,-4.407503542142625
0.0,2,0.019800902070136222,-0.2,-0.1
5.0,2,0.0512901788491759,0.43620420189884,0.5305851472844191
10.0,2,0.09062611218698328,1.0732049864394826,1.1537604627147764
15.0,2,0.1283116088282081,1.7045277065769193,1.7724971994038305
20.0,2,0.14956749229768854,2.3259309123674496,2.400817412403759
25.0,2,0.14664578440834072,2.9456976474528953,3.0129278102759054
30.0,2,0.12694903374219557,3.5553158620320526,3.622030768975302
35.0,2,0.09001133880896159,4.152308447206745,4.247231497217987
40.0,2,0.03657905200659205,4.751496977634441,4.84210365827016
45.0,2,0.014355601320205972,5.340692933037466,5.443880546856878
50.0,2,0.04564038635518795,5.917930281896139,6.073398708569277
55.0,2,0.06395402895517963,6.512256116508971,6.646071623553139
60.0,2,0.11859818936911123,7.096620833750472,7.25542951403099
0.0,2,0.23190359676536193,-0.2,-0.1
5.0,2,0.3835116276189555,0.0733412713120599,0.10740813857219653
10.0,2,0.6002181056850154,0.1914246879184967,0.45462397320059755
15.0,2,0.38484228553744226,0.5348895499060139,0.5434292970908273
20.0,2,0.053132642435119413,0.6864216333789991,0.84432759244406
25.0,2,0.5108455692421503,0.8151201475788555,1.1422684750385845
30.0,2,1.251905261249418,1.2088245940574682,1.1459029461408803
35.0,2,0.7920699475590891,1.1962984971216704,1.6160196869540482
40.0,2,0.2131854355119468,1.474835725809839,1.745307557272404
45.0,2,2.059022363880817,1.8385420251431757,1.7836994367835017
50.0,2,4.031808112132983,1.70796742058454,2.4331564759180555
55.0,2,2.066536966448562,2.2750757741642187,2.2709404975294323
60.0,2,1.064382240411313,2.4447523080101963,2.5602977337993065
0.0,2,0.0006748558507572736,-0.2,-0.1
5.0,2,0.006155951956485908,-1.4808668470819017,-1.3568435147281803
10.0,2,0.01843089556477947,-2.733295720158472,-2.645777532259449
15.0,2,0.02024862302426271,-4.027434432429391,-3.889473750925628
20.0,2,0.022429167580112035,-5.291150270134907,-5.161112704691562
25.0,2,0.04891715334487835,-6.543821720507913,-6.4455612032496195
30.0,2,0.07491071576611198,-7.844003839955038,-7.671400472234786
35.0,2,0.0585954922106573,-9.0730294379919,-8.96547874240699
40.0,2,0.0373681924870999,-10.338712908905029,-10.224362592175204
45.0,2,0.07328482722221677,-11.622756551246853,-11.445536546295829
50.0,2,0.112090021261646,-12.81810004600645,-12.759997500532668
55.0,2,0.066800963238821,-14.113607352199677,-13.977136697943624
60.0,2,0.026111241731779835,-15.354513525014251,-15.221182563178582
0.0,2,0.21510131384416192,-0.2,-0.1
5.0,2,0.262133050118877,-0.1327082386399528,-0.04741388111182228
10.0,2,0.3489204540840261,-0.0982669612028026,0.05715731074658691
15.0,2,0.26587144697351905,-0.027723670450778545,0.04719964877815712
20.0,2,0.134756672419876,0.0005440355411968557,0.11081890212811514
25.0,2,0.39514986092282023,-0.002440476654490442,0.22498277191322896
30.0,2,0.4858573273404428,0.07054747967699314,0.1373938989609633
35.0,2,0.025335501202564885,0.05119171520176619,0.25903516926614384
40.0,2,0.8454421542855948,0.03422333811212765,0.37289390113815846
45.0,2,2.4081097695176767,0.14906060363713455,0.17561898966139283
50.0,2,1.0657357246298345,0.07344620474817105,0.45306288135158074
55.0,2,1.5015579996895019,0.09923521487014333,0.5146079048862429
60.0,2,8.455409780568107,0.30140850019668314,0.18277046897973964
0.0,2,0.2602265697070927,-0.2,-0.1
5.0,2,0.263273625569189,-0.892397360143244,-0.7751925749248518
10.0,2,0.21205275827209477,-1.6011369104285778,-1.468190295244034
15.0,2,0.15108375129461926,-2.2918501971281895,-2.1908920085325256
20.0,2,0.10776399404107004,-3.031997663180909,-2.8507567301393695
25.0,2,0.03729837544557043,-3.7529471035948476,-3.5826127467162365
30.0,2,0.04745685417267664,-4.460440191276358,-4.311325669889607
35.0,2,0.2644477936927251,-5.240639287265459,-4.937601957195369
40.0,2,0.37508267179300153,-5.926743746119912,-5.73639775473047
45.0,2,0.3763450968462716,-6.6487712857293655,-6.418322506528882
50.0,2,1.0050544156871504,-7.432602565777386,-7.006989441724684
55.0,2,1.5293305179147094,-8.026150032147358,-7.906361836728974
60.0,2,0.7112059618546154,-8.782163208327272,-8.447030367893108
0.0,2,0.0016581014843847519,-0.2,-0.1
5.0,2,0.15150172583764243,-0.7220133264982903,-0.5224149796054168
10.0,2,0.37577960323845194,-1.0994664000314687,-1.1242503616722783
15.0,2,0.2315361138967725,-1.687257323986154,-1.4625464889417445
20.0,2,0.12290150980928426,-2.1290351953234885,-1.959812668493032
25.0,2,0.6861130304063231,-2.508207774258731,-2.5625143474408967
30.0,2,1.0116271193041126,-3.155675044424611,-2.788034451507632
35.0,2,0.4886024967123835,-3.4541809023649686,-3.427545605978268
40.0,2,0.8876201016247001,-3.915286497050613,-3.94270917305331
45.0,2,2.183668561507798,-4.5544964151666205,-4.091414918350742
50.0,2,2.036567111952834,-4.704904871231901,-4.919507512110756
55.0,2,2.780994669817869,-5.338483725173594,-5.248081514081262
60.0,2,5.605151656569234,-5.860072057025997,-5.405617092643671
0.0,2,0.0910636395222735,-0.2,-0.1
5.0,2,0.07922198867449415,-0.33472600581272827,-0.21802269492914889
10.0,2,0.11040511979969087,-0.461550392113243,-0.32595273028066063
15.0,2,0.052548721521781167,-0.6074753866189202,-0.47020338167873205
20.0,2,0.01651209963524622,-0.7429363310551916,-0.5973435781835732
25.0,2,0.26985835512352685,-0.8926527243140749,-0.6832028344312668
30.0,2,0.40839353071497475,-1.0329338174023532,-0.8660560710223569
35.0,2,0.19059621659412068,-1.1523620211543983,-0.9740392835192164
40.0,2,0.7133443592369839,-1.3244137293311615,-1.0154546632192463
45.0,2,1.5837516185140745,-1.4008636593268098,-1.2858373987124037
50.0,2,0.7338646246180953,-1.5185082555403626,-1.294634741592669
55.0,2,1.0178797786715832,-1.6985284349962941,-1.3098560372730914
60.0,2,4.817967858630958,-1.6457380201830427,-1.7374773430665031
0.0,2,0.2245297697463309,-0.2,-0.1
5.0,2,0.27669592486780276,-1.1232238996481263,-1.0308679831945193
10.0,2,0.2897744741412898,-2.0930699531315313,-1.9444257852396942
15.0,2,0.2409785253257554,-3.0001759813225024,-2.936122451553734
20.0,2,0.16525019668616095,-3.988047385689861,-3.8358229549496157
25.0,2,0.11594136576182168,-4.9686013071122455,-4.7916017705487555
30.0,2,0.1503412333858244,-5.883905424327274,-5.808094600823663
35.0,2,0.21939743106560275,-6.946274684102963,-6.649678986031762
40.0,2,0.1875529991059431,-7.876566856930873,-7.69729024783849
45.0,2,0.3684044265492239,-8.820660637402328,-8.672759212186492
50.0,2,1.0945588367820491,-9.920727341530812,-9.453785059259427
55.0,2,1.2898843944259522,-10.726379041901161,-10.643943835768134
60.0,2,0.6127112931042167,-11.747894042127221,-11.457139803161644
0.0,2,0.044309261840297695,-0.2,-0.1
5.0,2,0.17707289982203203,0.19630411266783462,0.33139458836007
10.0,2,0.39151275712421907,0.6659590748454388,0.7252542981339081
15.0,2,0.21278603514198113,1.0159114192639138,1.1674449958975366
20.0,2,0.07165099728229223,1.4566465492634846,1.5448529885653464
25.0,2,0.7022862791485089,1.8773425717533503,1.9894523715055468
30.0,2,0.9966367821221848,2.200776960403821,2.4008764610968467
35.0,2,0.3380548897377438,2.7118758200795012,2.7290572099984955
40.0,2,1.190044002466581,3.014348057852884,3.3019606293609076
45.0,2,2.9764112852007836,3.421467874498573,3.555296896690731
50.0,2,1.973901611971439,3.958530460194919,3.947999367802122
55.0,2,3.093949311525412,4.108631949893641,4.67477639820723
60.0,2,9.065852114005516,4.772079980061443,4.577441387413098
0.0,2,0.07520607993235573,-0.2,-0.1
5.0,2,0.20557072054914288,-0.4738485477166397,-0.29483968055478305
10.0,2,0.39459998873962976,-0.6240464852815094,-0.6215517106836291
15.0,2,0.25085379795539986,-0.9652557843253847,-0.7772404077433988
20.0,2,0.02866704223487479,-1.1831453568921568,-1.0452053965108425
25.0,2,0.39434747276725857,-1.3742912788267525,-1.3547352229898613
30.0,2,0.9134612124158126,-1.7787745484535362,-1.4705016561783593
35.0,2,0.5170405275381507,-1.8918256553148363,-1.8436117375415217
40.0,2,0.05855008840637001,-2.2032110001101755,-2.047281636371437
45.0,2,1.3155598908715862,-2.5644620925794483,-2.208705337443262
50.0,2,2.668715106109026,-2.587147223787489,-2.6401771944444383
55.0,2,1.3257700932356744,-3.0718652771133055,-2.675393767751254
60.0,2,0.436252003928401,-3.220066377751415,-3.021521402220591
0.0,2,0.0819646771900932,-0.2,-0.1
5.0,2,0.1872474760572619,-0.5498459504881499,-0.401773955631714
10.0,2,0.24227640640885179,-0.8806747397834194,-0.8005697132544961
15.0,2,0.031182155140591764,-1.2353769327771846,-1.1028205917652865
20.0,2,0.25512656439524845,-1.613478200385001,-1.3970367066519325
25.0,2,0.8861766677314704,-1.9228247268248015,-1.8691909124740702
30.0,2,0.43183000375190955,-2.3121312022356837,-2.0877969452861933
35.0,2,0.3977428703714749,-2.6945869522767785,-2.402832667082988
40.0,2,3.074236977965389,-2.9395880457877213,-2.9775586698623093
45.0,2,3.1277452675657855,-3.4015051708234147,-2.994408309479783
50.0,2,0.29452813682520995,-3.720432068678011,-3.4370523250839646
55.0,2,7.882349590738121,-3.8778126484308695,-4.1035283299900795
60.0,2,15.566588184542692,-4.487709944096358,-3.7441922693540954
0.0,2,0.026891902869944844,-0.2,-0.1
5.0,2,0.13863759833246614,0.08579677580354685,0.2106831217198772
10.0,2,0.24820688581717468,0.4068682387774841,0.4311787399199241
15.0,2,0.21486493664251954,0.6753070545718657,0.7545669772383209
20.0,2,0.3697859432128317,0.9469140645583716,1.0535510920020883
25.0,2,0.7029173657175194,1.2627544218855313,1.2202502991719235
30.0,2,0.4211766864312261,1.4732235855166056,1.6039822162424575
35.0,2,0.2760865347615675,1.73291608175781,1.8525368560213056
40.0,2,1.5754683292314324,2.0390059337368545,1.9541967816888475
45.0,2,1.6081017262398931,2.167025908026299,2.461936617999924
50.0,2,0.005104697698339026,2.455174544143009,2.5833925855027933
55.0,2,3.8815226886564416,2.7568912738362847,2.6461529271332935
60.0,2,8.391266345729449,2.7880615106977946,3.379606844926624
0.0,2,0.05302228189624802,-0.2,-0.1
5.0,2,0.04284342069555337,-0.36901202536647887,-0.23200239160866554
10.0,2,0.04478640212552098,-0.5015361281950963,-0.4072199455070651
15.0,2,0.026483283312124458,-0.6916412041249325,-0.5397589983378737
20.0,2,0.009211073129858248,-0.8497455626562921,-0.6914755351510964
25.0,2,0.07287772141001692,-0.9948552746940307,-0.8635843181416322
30.0,2,0.18225254779824246,-1.1989651904529204,-0.9868932760275265
35.0,2,0.18133828636599203,-1.3199477364666166,-1.157732107486304
40.0,2,0.1491744935437937,-1.4873149535839978,-1.2992623348348074
45.0,2,0.3434035111002071,-1.66014174237187,-1.434922424164573
50.0,2,0.5094512629441658,-1.7423633796180298,-1.5978485995111955
55.0,2,0.24516121710324473,-1.936919665848282,-1.6994154832910628
60.0,2,0.20809485770913788,-2.0250438264890596,-1.883687320435122
0.0,2,6.549735304256285e-08,-0.2,-0.1
5.0,2,0.12408237716094458,0.7268673142680602,0.8415066492633476
10.0,2,0.291000950338896,1.706908777902787,1.780658780505377
15.0,2,0.11896666646660706,2.600539968559487,2.7389237441139906
20.0,2,0.10608085646169699,3.5767619655312957,3.6362807990216885
25.0,2,0.7150125641648098,4.519902082367487,4.6380546128931215
30.0,2,0.7553970265552619,5.408111396467575,5.556516118366716
35.0,2,0.2941174889960294,6.448978457527252,6.417782892267802
40.0,2,1.6272341330998237,7.287624017880363,7.552612191821455
45.0,2,2.7363294357413235,8.262278812489946,8.300345363245627
50.0,2,1.1872718018149515,9.312921819304382,9.23437664183708
55.0,2,4.224905738907169,10.005237565200497,10.524431583794065
60.0,2,10.274928104620397,11.213843095179904,10.90010848934584
0.0,2,0.051039404919645814,-0.2,-0.1
5.0,2,0.05958373083147919,0.3997462881608958,0.5355549371284061
10.0,2,0.06262268545711895,1.040053056324481,1.1140594166218505
15.0,2,0.03833488351924809,1.6168246048195587,1.7530189003124808
20.0,2,0.01802470092802503,2.2238268808810444,2.367563870291895
25.0,2,0.040633981641175966,2.8502238408096114,2.938054510855075
30.0,2,0.08367403341069705,3.400210699979238,3.5969198874929535
35.0,2,0.10213191603419187,4.0360033979760095,4.181465357242452
40.0,2,0.10035864381330392,4.635700757615926,4.766379595787822
45.0,2,0.17859117044529105,5.193343294896987,5.436975497702651
50.0,2,0.3945277706735747,5.866435687956536,5.99965172868326
55.0,2,0.44189446141456895,6.435049776565157,6.614103838679599
60.0,2,0.17637405112321003,7.047478321053675,7.282838820976366
0.0,2,0.29830575925165087,-0.2,-0.1
5.0,2,0.20839669422703466,-0.5449900343553546,-0.4160163364167021
10.0,2,0.21879044933717126,-0.8880695633400706,-0.7167513501600714
15.0,2,0.11097533624172262,-1.2449338276513846,-1.0833747304744485
20.0,2,0.03268896601686293,-1.6034865062755825,-1.4044958880136034
25.0,2,0.5374833721117295,-1.9766255313523693,-1.6830622803022985
30.0,2,0.9627779845756163,-2.3218109590406226,-2.105346365081735
35.0,2,0.6276607165323742,-2.6657135018978524,-2.3836483123796
40.0,2,1.5458075507580025,-3.0492267858020816,-2.6177681141383053
45.0,2,3.4509869728166613,-3.3020099485022296,-3.147019407364605
50.0,2,1.9635714897580003,-3.640976688463671,-3.2698740085214366
55.0,2,1.7070025452337707,-3.9988243477404137,-3.4971231624590384
60.0,2,9.104480796047818,-4.081765910392181,-4.203402802976615
0.0,2,0.09346325700555855,-0.2,-0.1
5.0,2,0.31329454163846043,-0.06054390288573155,0.15264055423215844
10.0,2,0.48364440021970856,0.2073805133419695,0.1798079933864674
15.0,2,0.11530163736674826,0.28837328792050626,0.48899845403679165
20.0,2,0.39788601247621597,0.4558686905084129,0.688356984486615
25.0,2,1.5304028167244792,0.7282240831823382,0.6455339941303082
30.0,2,0.9248475041368376,0.7184747144072464,1.105378157100609
35.0,2,0.6248651559601277,0.9758146146248888,1.174679076826718
40.0,2,4.828855998586601,1.2237720600683126,1.101435108892077
45.0,2,5.438201341162222,1.1446936542757167,1.7846543478865209
50.0,2,0.9416548694508052,1.5557155498979802,1.6035428432359278
55.0,2,12.607852394361762,1.7396355874804756,1.5823048646823576
60.0,2,25.7407839902679,1.6237797218067027,2.579284395479919
0.0,2,0.2792626370712499,-0.2,-0.1
5.0,2,0.5253359606347165,-0.2443359616863442,-0.09314153092433779
10.0,2,0.6728720079883433,-0.22733225325633805,-0.21728870241160997
15.0,2,0.6481078930239994,-0.3088471819253716,-0.2148334644504794
20.0,2,0.7991141188486518,-0.3776411410788945,-0.23440217876481176
25.0,2,0.8931426081983729,-0.39128822859039303,-0.42377445043540984
30.0,2,0.39316830641172135,-0.5608186641232739,-0.36335935388253754
35.0,2,0.49897559120006557,-0.6381514551581056,-0.4451024654504506
40.0,2,1.650462164616226,-0.6902651103566012,-0.698556003850774
45.0,2,1.055361303461329,-0.9354389468931653,-0.5246221394561058
50.0,2,0.7239557195783699,-0.9711791071588963,-0.716524228449451
55.0,2,5.870971843612891,-1.0391600088351374,-1.0099283781433972
60.0,2,7.384736674264241,-1.3229358331383008,-0.6245441756287123
0.0,2,0.004022479784042536,-0.2,-0.1
5.0,2,0.07632613495454048,-0.21045267228628992,-0.05388618412201934
10.0,2,0.15541270572973664,-0.14391542452710684,-0.13341661352974843
15.0,2,0.051031515466366736,-0.18891209488586133,-0.044801111065393556
20.0,2,0.10852962031989383,-0.17525779361300312,-0.0332879790890461
25.0,2,0.48468769833840786,-0.10732778483457375,-0.14658546717400592
30.0,2,0.35328345668160527,-0.20651154302473987,0.02778089483568989
35.0,2,0.13931127547172,-0.13996103624460426,-0.04553038996532798
40.0,2,1.3548057105080455,-0.1009731913586002,-0.16574460006963856
45.0,2,1.8026047787422146,-0.24552806880166814,0.1244099246112769
50.0,2,0.30956316310321663,-0.09765652624332304,-0.10472621541010906
55.0,2,3.3672183950066112,-0.12143543754681597,-0.1766745951970038
60.0,2,8.087672738198673,-0.2859674570602751,0.26313991194504754
0.0,2,0.15741828387525725,-0.2,-0.1
5.0,2,0.14185352495334258,0.03008771596834852,0.2000711645326378
10.0,2,0.09404392137857712,0.3132539786568245,0.3954311895997189
15.0,2,0.013118470753666135,0.5169610567581429,0.6975295346682531
20.0,2,0.1332296074810645,0.7459209814169838,0.9793232982156785
25.0,2,0.3401165114303466,1.0294574020836982,1.137484997278009
30.0,2,0.2878853865306038,1.1994503472566913,1.5003646525874845
35.0,2,0.562773582628716,1.4715319663319146,1.7471719728963688
40.0,2,1.3524906928168512,1.7681404922170072,1.8836599784616077
45.0,2,1.0628078667577459,1.9330733075108302,2.3501669334735023
50.0,2,0.7632591787202364,2.2882643667465437,2.528872702176382
55.0,2,3.3398334320241947,2.602422925960694,2.6624541382918143
60.0,2,3.8078034215441874,2.7777944432541437,3.2892580996255467
0.0,2,0.34729624579125956,-0.2,-0.1
5.0,2,0.43889778267085344,0.024316487675894328,0.1280127252367692
10.0,2,0.5139680323982923,0.23837714562648651,0.3562002567020755
15.0,2,0.5032052903254084,0.4543001474003861,0.527030896181169
20.0,2,0.3466918841377743,0.633191171014686,0.7577519168297827
25.0,2,0.26319806070504825,0.8053999657627616,0.9682816903478904
30.0,2,0.30848469305267734,0.992669174083018,1.0931180623791055
35.0,2,0.11435190377023023,1.1228715323659944,1.3546664342208021
40.0,2,0.11062512909791183,1.274202751803086,1.5354464415536357
45.0,2,1.0067140496536338,1.466587509476057,1.6122431151552785
50.0,2,1.3243815406087225,1.5607416114440014,1.9678622220962183
55.0,2,0.7491219451575378,1.7510167542937616,2.080634073735941
60.0,2,2.9863595270675263,1.993805961961124,2.1322271407548
0.0,2,0.0012114342851575763,-0.2,-0.1
5.0,2,0.11195870131730987,0.26093382834893186,0.4179606950013403
10.0,2,0.23674563701225984,0.7773410288065312,0.8117299330164254
15.0,2,0.046623189078211474,1.219103443130445,1.3683984642084703
20.0,2,0.20328162353992063,1.6892362977999038,1.8712349365006526
25.0,2,0.944643869405653,2.230295208398238,2.2090186951666215
30.0,2,0.5832071082893862,2.630303926596252,2.8732597794714976
35.0,2,0.1597161806473636,3.1395659272181016,3.3093210841373133
40.0,2,2.889344190498963,3.707575132348818,3.5919227382221592
45.0,2,3.7682141036384214,4.038841839997937,4.449006408215248
50.0,2,0.08832707689092424,4.638380139279627,4.700184672788598
55.0,2,6.637970436655398,5.211892468465225,4.974470714694729
60.0,2,17.734443010817667,5.43192056328281,6.137630409889983
0.0,2,0.1843300557852859,-0.2,-0.1
5.0,2,0.12333958851741268,-1.0119056394772084,-0.8498233529854673
10.0,2,0.058835207213088304,-1.781120701694089,-1.6759278578249628
15.0,2,0.02269061152742111,-2.616735023781704,-2.435307269855507
20.0,2,0.08197033332060089,-3.4302634741536293,-3.2014236288082385
25.0,2,0.19596865903878996,-4.206064093952101,-4.048034098667189
30.0,2,0.34075220417829494,-5.062890128479714,-4.774599274512165
35.0,2,0.6065322377637599,-5.83560273409537,-5.557631307899763
40.0,2,0.7794970154414855,-6.604711484662127,-6.4048324313476135
45.0,2,0.6953608800047915,-7.438247606578596,-7.081954014218029
50.0,2,1.0258618706577391,-8.143586556547378,-7.877177082474441
55.0,2,1.5155882567544012,-8.896073676131724,-8.718860356405381
60.0,2,0.6607067718705818,-9.672666179311994,-9.326911192049467
0.0,2,0.0004541432295189679,-0.2,-0.1
5.0,2,0.033682573083740355,0.030458824652072898,0.07620535378682256
10.0,2,0.09653384814890771,0.2052506917773327,0.33312330368214027
15.0,2,0.10755553575650106,0.4582662925011794,0.47719914820070186
20.0,2,0.16643531963446223,0.65858890647324,0.6771623733079564
25.0,2,0.3414994297796771,0.8203572394408541,0.9423166074028964
30.0,2,0.35600988042745924,1.0869172965568623,1.0255496903481194
35.0,2,0.2572217538538967,1.2191205959944484,1.274167858841523
40.0,2,0.5352847182101264,1.381340724769637,1.5165998875274826
45.0,2,0.6777352537376199,1.638404714376893,1.5301742620430667
50.0,2,0.24996608210278798,1.6884096150075998,1.8624434955118827
55.0,2,0.9936361004914365,1.8841857832758855,2.0451814865777695
60.0,2,2.3415195768495622,2.1132933858916454,1.994833586762532
0.0,2,0.10006541060599207,-0.2,-0.1
5.0,2,0.14879089120259922,-0.19207383524010074,-0.12123547502905072
10.0,2,0.20276644087116535,-0.2615669075780743,-0.08235694390855552
15.0,2,0.13803750862164332,-0.21937144622272287,-0.1678186602705908
20.0,2,0.04458745757877913,-0.28015994785475457,-0.14080867730182695
25.0,2,0.14454993805812938,-0.34584596702205705,-0.13686038131143374
30.0,2,0.3287957059504627,-0.2856156535422462,-0.2599735179062898
35.0,2,0.2456210512980158,-0.4355329135084562,-0.14814241210923412
40.0,2,0.09285729745667112,-0.42160461888981865,-0.24430017757756853
45.0,2,0.5382511073111206,-0.3867671634191367,-0.3313329292922374
50.0,2,1.2117618091500983,-0.5941544850306406,-0.13733902119890615
55.0,2,0.8290323852689058,-0.42312739656967946,-0.3971852688351618
60.0,2,0.2539728733143851,-0.5014152574010384,-0.3168298400013001
0.0,2,0.009007823492926174,-0.2,-0.1
5.0,2,0.06395769430584247,0.10519873921430008,0.20559056314289428
10.0,2,0.13463034054748194,0.4186165762738631,0.4719979267264298
15.0,2,0.16751308757580288,0.7185240401313269,0.7781498587409199
20.0,2,0.25523148714040544,1.0053469234392045,1.0825302549756906
25.0,2,0.3837324890249458,1.3116172385996745,1.3136251112668482
30.0,2,0.29543066804589496,1.5746390661193201,1.6447412894872164
35.0,2,0.22125421022728825,1.832576101974422,1.927159100389808
40.0,2,0.5768471515936776,2.131608673986025,2.1056478479801655
45.0,2,0.5378833281273026,2.332270446659674,2.503994726786104
50.0,2,0.014144812506635915,2.585193535945041,2.7192996926164974
55.0,2,1.2238938288908616,2.8895787095243533,2.853413830488795
60.0,2,2.6514168287466724,3.011369533975144,3.3922856678430358
0.0,2,0.058680644003548874,-0.2,-0.1
5.0,2,0.09961492156262873,-0.6705052976210452,-0.5528313116038017
10.0,2,0.20473771466974816,-1.1081143827320794,-1.0843626874503178
15.0,2,0.06795497822533214,-1.585469837036144,-1.4901755559266616
20.0,2,0.08607845900597483,-2.043128085261712,-1.951234892039195
25.0,2,0.6947260975897487,-2.4550586181814786,-2.5237956249962563
30.0,2,0.655739952862719,-2.9643168975301375,-2.8435430724008675
35.0,2,0.12156523878570108,-3.4067398253707197,-3.365926642165973
40.0,2,1.9676340772034118,-3.8051005312182262,-3.987683489455111
45.0,2,3.465761934958498,-4.397918443930511,-4.153109845648234
50.0,2,0.5477513332118736,-4.7933858019952895,-4.854647750737647
55.0,2,3.653320783994194,-5.208859163279917,-5.479620473826661
60.0,2,13.853416151126723,-5.9399864657023596,-5.399195104688523
0.0,2,0.2302402287900179,-0.2,-0.1
5.0,2,0.3763648734676708,0.09733476919716669,0.2544672718744122
10.0,2,0.4133914133172304,0.4472200631537056,0.484091135552555
15.0,2,0.2805231341245983,0.7153283084273488,0.8354300214534699
20.0,2,0.4253916285929863,0.9899077150255995,1.1720694607393334
25.0,2,0.6296392403491854,1.325992363185402,1.3360345311668602
30.0,2,0.16591995852314276,1.5247472649521727,1.755035131355122
35.0,2,0.37453104158649236,1.8009738162907087,2.042017940276784
40.0,2,1.989722659261064,2.1319550331590063,2.1366726297941105
45.0,2,1.4857336909692291,2.265551016046724,2.69511638154687
50.0,2,0.5852272188442392,2.599004272880839,2.870809607533653
55.0,2,6.377111734976504,2.9461111150056856,2.91680478527688
60.0,2,8.93329505516462,3.0220168704040007,3.729402887759757
0.0,2,0.0007127646262993,-0.2,-0.1
5.0,2,0.18319878718706292,-0.806726287171711,-0.6905298898570007
10.0,2,0.4099897640271495,-1.4058606479414417,-1.3688838967638044
15.0,2,0.16598925596988484,-2.0091903091390626,-1.9430366982943372
20.0,2,0.37933809574162014,-2.6467155503999993,-2.5210328405374507
25.0,2,1.4692832998780887,-3.220318686906793,-3.283139328418331
30.0,2,1.0483094786903395,-3.8705544659250224,-3.7646363037000237
35.0,2,0.3709115422606656,-4.543740999905806,-4.3790278234556785
40.0,2,4.011384640596308,-5.062922139394098,-5.272239322415103
45.0,2,5.384391472205413,-5.84284576879116,-5.524656097144802
50.0,2,0.4421157380792537,-6.484066058372732,-6.326293165799788
55.0,2,9.161661864710785,-6.934114233440646,-7.328435290555379
60.0,2,24.450520723665203,-7.9509542558248185,-7.144575414670353
0.0,2,0.24642709562346266,-0.2,-0.1
5.0,2,0.3989553792386685,0.27285954846855054,0.3491882246518859
10.0,2,0.506775543160832,0.6706488163757354,0.8288581114255782
15.0,2,0.42255641168637104,1.1744189992690468,1.203481041082725
20.0,2,0.3420391906723937,1.5567533330767598,1.7032378917176256
25.0,2,0.41561024220256226,1.951241480249271,2.1173049603617757
30.0,2,0.4467885996138465,2.4463892126008044,2.4690606996199818
35.0,2,0.431879721242811,2.714068111113753,3.0472848887724626
40.0,2,0.5060813776053614,3.191794220747762,3.3142100157909216
45.0,2,0.7369467643876234,3.6207405631611844,3.7548541128581663
50.0,2,1.753207926150312,3.8287200880605394,4.382127577736573
55.0,2,2.8949284885509443,4.487822547950723,4.436072558446429
60.0,2,1.8975185802802015,4.749001412468467,5.1632045620605505
0.0,2,0.28893308793594275,-0.2,-0.1
5.0,2,0.3709265521492576,0.18058423299704585,0.260199856014395
10.0,2,0.5864718848183581,0.520474017347368,0.7128350224155441
15.0,2,0.30484031271116685,0.9036876410693406,0.9938678382086955
20.0,2,0.15335811241115418,1.2510159496866802,1.3625472516714352
25.0,2,1.225540215514157,1.539459438605568,1.8579457689987322
30.0,2,1.3290644888340393,1.9452781201784695,2.015351240318254
35.0,2,0.1077613601421206,2.253831416612046,2.4665009179412323
40.0,2,3.3181217731492936,2.5094520074253306,3.011586429129352
45.0,2,7.097612561232053,3.016223902121407,2.9579973422546386
50.0,2,1.8684876207676833,3.251442814102324,3.6620019526489713
55.0,2,5.895514475267232,3.5346398275325157,4.187555713995281
60.0,2,26.748069156475243,4.234132054428053,3.816737852196799
0.0,2,0.18634507218269233,-0.2,-0.1
5.0,2,0.1873884698247397,-1.6806936930770733,-1.5581283565414084
10.0,2,0.14756129786492653,-3.1610382618733057,-3.0460763857337008
15.0,2,0.10560009840828558,-4.6473968765892675,-4.537151562951693
20.0,2,0.07938722580861399,-6.160318575789871,-5.990599056898439
25.0,2,0.022790196360010062,-7.653799965207384,-7.509012353272608
30.0,2,0.017676905606445487,-9.1606674426688,-8.998492917315646
35.0,2,0.18260304597166255,-10.694349825132994,-10.437139965220055
40.0,2,0.2773142798268395,-12.171382308741618,-11.999672400447583
45.0,2,0.2489110277101526,-13.687314046801028,-13.452039514828233
50.0,2,0.6765708159707202,-15.21311157324758,-14.870932548212217
55.0,2,1.1120485712017927,-16.633594855417865,-16.4970571600806
60.0,2,0.533915088673363,-18.158466848813372,-17.84826682110432
0.0,2,0.02537342450034498,-0.2,-0.1
5.0,2,0.1822495243160803,-0.4720791052984087,-0.41283656353363973
10.0,2,0.3198022929028782,-0.7709003045101521,-0.617586804474906
15.0,2,0.0763699520380625,-1.035766060464343,-0.9453615214127556
20.0,2,0.30031921510791076,-1.285544672072338,-1.2608830869789869
25.0,2,1.15078109731173,-1.606286285965691,-1.387821910614886
30.0,2,0.6199991996167702,-1.8243487766958537,-1.8121615343014754
35.0,2,0.2610830381874595,-2.0666968684259523,-2.0861389439927427
40.0,2,3.6127740699035185,-2.4369495125119474,-2.1057083042136115
45.0,2,4.2580992487847595,-2.555579542181242,-2.7482686072239915
50.0,2,0.13051470892617545,-2.85776336235068,-2.8504902691256917
55.0,2,8.896383097702348,-3.2886252462681,-2.7878477692799915
60.0,2,20.91688640800421,-3.229477532016204,-3.828674678050675
0.0,2,0.2061834310667616,-0.2,-0.1
5.0,2,0.3049558955659345,0.5190174417770941,0.5869919681556167
10.0,2,0.4361891541413176,1.1847840731604404,1.339249296768026
15.0,2,0.41581619200736125,1.9170110782033754,1.9551586270702954
20.0,2,0.2997618334064781,2.579332019900285,2.6654701389071733
25.0,2,0.44713552992404415,3.209219385716318,3.4131353465967083
30.0,2,0.4949291216900731,3.9406179692902468,3.9480714682561775
35.0,2,0.060363016592515466,4.522424994013312,4.7281423480388485
40.0,2,0.48921593686906295,5.151910999874963,5.439261030853486
45.0,2,1.7301499248486911,5.8949776614539235,5.887162663014244
50.0,2,0.9826994047680255,6.396514454513495,6.815612062101276
55.0,2,1.0496408584831376,7.0977196817489645,7.428563581957517
60.0,2,6.127536063990558,7.866403676609811,7.810804037369862
0.0,2,0.019788555471303537,-0.2,-0.1
5.0,2,0.193985321513083,-0.44899677543116284,-0.43231644723244345
10.0,2,0.45718104361892314,-0.840890587866987,-0.6227067213426042
15.0,2,0.27669058752363707,-1.0146070083070595,-1.0141471344115582
20.0,2,0.007996038320449149,-1.341285004356676,-1.2604920163201712
25.0,2,0.5284282084789573,-1.6925953571446726,-1.4818697121467064
30.0,2,1.2014136059545113,-1.8018397641041262,-1.9211420187013295
35.0,2,0.6418451812479916,-2.2588958239837913,-2.0398087997565995
40.0,2,0.050072693696688805,-2.4672664685763914,-2.3996025897884468
45.0,2,1.6364036988342416,-2.6292407437526006,-2.7762306420885516
50.0,2,3.2621271830817937,-3.189709441025439,-2.8162620731889976
55.0,2,1.5921845504728203,-3.177390053319875,-3.3950981326109724
60.0,2,0.45136598750380563,-3.585408233836216,-3.526082120074834
0.0,2,0.04935969778832644,-0.2,-0.1
5.0,2,0.04585553561836874,0.5015083345483664,0.5862470467751194
10.0,2,0.061100895732605826,1.1612857942547352,1.3253342049096983
15.0,2,0.03073726458591222,1.878485341177239,1.9686063124774886
20.0,2,0.004465104643308526,2.5497171913312946,2.676543034296528
25.0,2,0.11702949901393606,3.202356550602792,3.419010869311132
30.0,2,0.18705084802401456,3.9410848236990104,4.01540505604013
35.0,2,0.0802118133964039,4.575999164034097,4.780748213721234
40.0,2,0.30826364942566553,5.256830690713222,5.506055357052515
45.0,2,0.7426813390354772,6.022693067676796,6.057179010551379
50.0,2,0.3849016541193969,6.621383116429257,6.925723796885003
55.0,2,0.4604271053357004,7.371523871787203,7.59141063906223
60.0,2,2.2166356454954865,8.152013473109147,8.110562517770717
0.0,2,0.0372982582071264,-0.2,-0.1
5.0,2,0.22224145720585606,-0.843537476438336,-0.7829720869735208
10.0,2,0.44361513268136904,-1.5856852909331864,-1.4167152002064063
15.0,2,0.24869986314803005,-2.178337675988285,-2.157435031290189
20.0,2,0.15310449364515827,-2.9099626899096283,-2.7718101280774765
25.0,2,0.731084663282299,-3.6233739070461133,-3.478538478313146
30.0,2,0.9809949808701403,-4.201962973069057,-4.2188391022203735
35.0,2,0.571060128956846,-5.054389243121151,-4.746616678068426
40.0,2,1.1574759302883468,-5.637087805012348,-5.629306825664127
45.0,2,2.192023989043398,-6.308171167674941,-6.217659672888972
50.0,2,2.296365455392572,-7.218825169443271,-6.74564278741654
55.0,2,4.185069839489622,-7.5835506690527446,-7.866184287940385
60.0,2,6.113414955932695,-8.5230014003489,-8.054419500615854
0.0,2,0.3620567320104675,-0.2,-0.1
5.0,2,0.48869766013182786,0.26099089440369816,0.30791099733648963
10.0,2,0.6389461529709972,0.5881187638175108,0.8308713409299722
15.0,2,0.4604322130310737,1.1055875434363827,1.120524100614465
20.0,2,0.14407138798022265,1.44834674390254,1.6085649473302939
25.0,2,0.39934988689344364,1.7719414122527748,2.0818573171943844
30.0,2,0.9584258506336274,2.321635348420093,2.2877788315300283
35.0,2,0.6357306231852966,2.5101155933674644,2.9278304938686883
40.0,2,0.21693078042528793,2.955824447298256,3.245725950949389
45.0,2,1.8691652573050221,3.4792041057517347,3.472565715935436
50.0,2,3.5894762623732923,3.5585126825894755,4.289506477745697
55.0,2,1.9311464464629726,4.263216828308579,4.3364888506938435
60.0,2,1.7120054451496318,4.633383486589294,4.780024293480527
0.0,2,0.011281516675113028,-0.2,-0.1
5.0,2,0.020687242125608782,-0.9883174002290387,-0.8583506520222636
10.0,2,0.028252146599935073,-1.7565526568489203,-1.6659769857376183
15.0,2,0.005905797410755637,-2.552319843262702,-2.417555673936736
20.0,2,0.0506882379550993,-3.3412695874829517,-3.179756894155709
25.0,2,0.15340517869254114,-4.099847288754986,-4.010426690294201
30.0,2,0.0999950256125495,-4.908026356401006,-4.722533140376353
35.0,2,0.10280985049180885,-5.6789957771766275,-5.501729930307135
40.0,2,0.48172074901298745,-6.417354395741355,-6.3552441515701315
45.0,2,0.47477348533957164,-7.240611997884983,-6.991682750054408
50.0,2,0.048697392961269736,-7.969910540554132,-7.825486934285235
55.0,2,1.1084107114135315,-8.688883073827421,-8.690256250919543
60.0,2,2.197147121052007,-9.543349807105823,-9.2027712967368
0.0,2,0.2655090067425977,-0.2,-0.1
5.0,2,0.31578046017737954,-0.24177039199823194,-0.13212350721474916
10.0,2,0.3430028074457136,-0.28792498070157885,-0.17343622735045042
15.0,2,0.3230632685529997,-0.3382896550883217,-0.2521383867415194
20.0,2,0.21036089745113767,-0.4175963657869224,-0.28291658395982117
25.0,2,0.1259585947955558,-0.49671090100416165,-0.34264922995475305
30.0,2,0.16521086086853226,-0.572591124802038,-0.45245303384115243
35.0,2,0.103830068114086,-0.6877211402476041,-0.4603449575348211
40.0,2,0.07098018529645228,-0.780074478405252,-0.5477965548812419
45.0,2,0.6095540167853704,-0.8524754762957573,-0.6844509319944404
50.0,2,1.0088979098652255,-0.9886628006599538,-0.6225247248974537
55.0,2,0.6081670500000556,-1.0447059020485723,-0.7675671541431837
60.0,2,1.5819897528420495,-1.0780094012380905,-0.9045863033186312
0.0,2,0.153701811769354,-0.2,-0.1
5.0,2,0.29157761823086176,0.2124683140669952,0.28481074210680346
10.0,2,0.5708186134523401,0.5868044397592257,0.7779310132470468
15.0,2,0.22499304157265015,1.0016364836523768,1.0944444906867798
20.0,2,0.2090192549988757,1.3969044705397278,1.4827474573119381
25.0,2,1.6267148296058682,1.720601836477946,2.03851861545019
30.0,2,1.499048955188415,2.168392784399443,2.222304804202685
35.0,2,0.12684951155511814,2.5388964094417914,2.6888140924544546
40.0,2,4.532590600294042,2.81506848266611,3.3263894278238952
45.0,2,8.294860872663849,3.3818728262738458,3.261031544511544
50.0,2,1.367732271185314,3.6755943190468465,3.991516631479114
55.0,2,8.75801533324147,3.9476178288247765,4.647893249726404
60.0,2,33.58580908665628,4.741115058371852,4.17922476433567
0.0,2,0.08402333287785621,-0.2,-0.1
5.0,2,0.13587433329458884,-1.3400536596903367,-1.2929824202105769
10.0,2,0.15628946902610638,-2.5413195141449227,-2.3831736939761394
15.0,2,0.0917204889303425,-3.6490767163737976,-3.588888490156695
20.0,2,0.11631042203444464,-4.794801351754827,-4.7536412348707175
25.0,2,0.2209427955015392,-5.982740549233349,-5.813456901980354
30.0,2,0.13267191828617167,-7.040067768170439,-7.0713915191886985
35.0,2,0.18426137715333035,-8.219225306594142,-8.18054604801945
40.0,2,0.6633107869815984,-9.378380533563414,-9.231696835679806
45.0,2,0.6070320116784454,-10.41246105751641,-10.560910902823899
50.0,2,0.4850602760305542,-11.651630021241012,-11.586876955027536
55.0,2,2.228950575599622,-12.775320412009515,-12.659455860873992
60.0,2,2.8137079474704985,-13.828260569852867,-14.08678671623816
0.0,2,0.02357067169351392,-0.2,-0.1
5.0,2,0.048093354766157614,0.9183883923300088,1.0159625223453332
10.0,2,0.0635379674201236,2.0556749359974633,2.1421410864689188
15.0,2,0.028087323937032553,3.1642256759506058,3.275769750939407
20.0,2,0.04324639046592116,4.312125706451666,4.374267883875099
25.0,2,0.12614279239062048,5.4411144635968,5.5343130006638255
30.0,2,0.08918895829412729,6.555805271881243,6.65285832797607
35.0,2,0.08578299869512133,7.735111909917537,7.733629248453283
40.0,2,0.3727491668219488,8.821278621251992,8.958032624897491
45.0,2,0.39620124094022846,9.971616710400987,10.001336330525598
50.0,2,0.21268122237420448,11.152189613682236,11.102431980947859
55.0,2,1.130602649595992,12.166078611062673,12.405893088264833
60.0,2,1.75247248820666,13.4051131084586,13.277832502877018
0.0,2,0.005378951581314954,-0.2,-0.1
5.0,2,0.17384909066706475,0.16086617134499395,0.3350445473772418
10.0,2,0.3541177569994821,0.596383206628711,0.6098211740701407
15.0,2,0.06283581861325159,0.9297640410811433,1.0931166219112656
20.0,2,0.30860498324418,1.303422535989576,1.5056716117567106
25.0,2,1.4137201400137005,1.7657130212204455,1.7115062022064669
30.0,2,0.8514096699274349,2.0428513986351695,2.328273588011977
35.0,2,0.2631323845546933,2.4682158504171956,2.6534248364825572
40.0,2,4.377253810217055,2.956194399001101,2.7954027591807
45.0,2,5.579397673722523,3.1499352363674507,3.6464123082611533
50.0,2,0.14126698483668657,3.6897366347142073,3.742358279514636
55.0,2,10.199157391470889,4.175936861712327,3.8806350375814214
60.0,2,26.445409737459645,4.244148660442153,5.099368340365795
0.0,2,0.08287914437018967,-0.2,-0.1
5.0,2,0.26006130045195514,-0.33899964171681396,-0.2010887886179925
10.0,2,0.41243662715040075,-0.4237209448574858,-0.419507001236408
15.0,2,0.39586387423863945,-0.5920003264729119,-0.5081497871507055
20.0,2,0.5920143953712511,-0.7449088201436206,-0.6317226474329501
25.0,2,0.9090229445575901,-0.8463657672620898,-0.9096745444793797
30.0,2,0.5123050629666108,-1.0913499700970413,-0.9320066404096642
35.0,2,0.4096095443130259,-1.2501557013402864,-1.1221026682894517
40.0,2,1.8153497969653674,-1.3819249672265383,-1.4618456737948535
45.0,2,1.5961071528933624,-1.7127977842810995,-1.3592167707781444
50.0,2,0.13515906135709013,-1.8333480100198367,-1.6869421723561975
55.0,2,4.966468907600422,-1.9892835415879668,-2.055682607252404
60.0,2,9.08238859362369,-2.3935311381122104,-1.7312264203059915
0.0,2,0.2970156522899472,-0.2,-0.1
5.0,2,0.3979393871809283,0.5913508793772906,0.65837811938006
10.0,2,0.4825921857423404,1.277218385679952,1.487705244019762
15.0,2,0.3316306092544964,2.114196476291271,2.1504489921488648
20.0,2,0.14067993930738068,2.8022066718884577,2.9766196438139043
25.0,2,0.3033359564746854,3.4913283273667703,3.7470571055200015
30.0,2,0.644465500293457,4.346320778299233,4.3627298455540116
35.0,2,0.5857778840447276,4.90629393995987,5.307520924492431
40.0,2,0.35762075149374845,5.711527848959609,5.924622224906752
45.0,2,1.1600278279039968,6.524928361677773,6.6088952937925916
50.0,2,2.72805852811445,7.010369475923391,7.663803663993926
55.0,2,2.3651350219905583,8.048499310963523,8.036438372235574
60.0,2,0.8043790506086066,8.695637938918935,8.99374934959079
0.0,2,0.13786715625778428,-0.2,-0.1
5.0,2,0.06292762617521402,0.18837738762486492,0.3007262536882936
10.0,2,0.030253282966758638,0.5381788429797248,0.72744769936264
15.0,2,0.04195280634734485,0.9430860994400414,1.0789884050955743
20.0,2,0.09764258774855361,1.2936323294446117,1.507560181667422
25.0,2,0.2536673705272247,1.6506988916346956,1.9190225935732992
30.0,2,0.4977792043593589,2.082025915586071,2.2497664187669715
35.0,2,0.6215110287122474,2.409806653245852,2.743425606714036
40.0,2,0.6105358637607629,2.8372123448705695,3.112943823556396
45.0,2,0.8020559277969754,3.299348514390792,3.4629897083650656
50.0,2,0.9431401277220542,3.6278717877687297,4.043692119302929
55.0,2,0.449191244479504,4.176935385876418,4.3250832455867805
60.0,2,0.3501436457892628,4.628159164298646,4.758983649437875
0.0,2,0.0031595785513947993,-0.2,-0.1
5.0,2,0.01225523225776668,-0.6339486292395698,-0.5405660979073157
10.0,2,0.019324530479098604,-1.0671244858513889,-0.9626900149483633
15.0,2,0.005447302701550534,-1.5026137276589686,-1.4015589290818065
20.0,2,0.01682153382329188,-1.9263002242941665,-1.8469399964637172
25.0,2,0.06040438818921924,-2.365291690989285,-2.249261029987826
30.0,2,0.03379286494316489,-2.792740076157289,-2.7066316092414575
35.0,2,0.0202277527401366,-3.207966539351354,-3.150146043789969
40.0,2,0.1891011623155472,-3.665425066008759,-3.5207332805453784
45.0,2,0.21325674284063517,-4.069302489364788,-4.029758663749337
50.0,2,0.02593792015706063,-4.493463929434638,-4.4419944860467755
55.0,2,0.4921308353803178,-4.977856519329158,-4.781192544752716
60.0,2,1.0378847388839825,-5.332680519888778,-5.392429361057495
0.0,2,0.0325263882136525,-0.2,-0.1
5.0,2,0.1650091620770145,-0.8747136583088623,-0.8666050801283995
10.0,2,0.2996634884778826,-1.6702097977221804,-1.4509080604074478
15.0,2,0.11087843949055906,-2.288056897434205,-2.274319123796864
20.0,2,0.1635332233271827,-3.0039328753224956,-2.9835789976887286
25.0,2,0.745387986584567,-3.793460716795704,-3.5314194854509777
30.0,2,0.6468991912449936,-4.335632244371,-4.467387580130383
35.0,2,0.3773521932473297,-5.143922664922947,-5.055334953649067
40.0,2,1.958273941749704,-5.878490462603186,-5.6202941535585484
45.0,2,2.586133149305454,-6.384802656529946,-6.686882507884434
50.0,2,1.0799311739910669,-7.318294893059276,-7.0826242559444905
55.0,2,5.440005463252937,-7.947504264737761,-7.742529875415787
60.0,2,10.6636702125824,-8.486609512330123,-8.949451251812201
0.0,2,0.16038933729235091,-0.2,-0.1
5.0,2,0.18918383031242242,-0.9849100949435093,-0.8023138636434897
10.0,2,0.23890086599817412,-1.6720959482037883,-1.6266579894043702
15.0,2,0.13321669577806436,-2.51023183347767,-2.3104631236698023
20.0,2,0.028283948519077964,-3.2623834899554627,-3.065261690686875
25.0,2,0.2516580122636525,-3.976623076125742,-3.891208655940493
30.0,2,0.6101128853483082,-4.863757559952309,-4.531461990065403
35.0,2,0.5683737776439068,-5.529594814234593,-5.358470717043405
40.0,2,0.38520248964116327,-6.310051113174773,-6.122126052664759
45.0,2,1.0186695064975262,-7.158362844851353,-6.759220496646178
50.0,2,2.018373433072841,-7.731065070215936,-7.629526861804194
55.0,2,1.4441757048087958,-8.604246269881726,-8.289832144854218
60.0,2,0.3235722581942128,-9.295337799423079,-8.994233737453754
0.0,2,0.09066165116735063,-0.2,-0.1
5.0,2,0.1107513661233658,0.31424029630539474,0.4277725739406598
10.0,2,0.09982473278402092,0.8203866867698371,0.9308315515850778
15.0,2,0.06287729217865537,1.3362081426180863,1.433755496193985
20.0,2,0.07601241956430574,1.8181829973186676,1.9725254338491804
25.0,2,0.08742247138653882,2.322031870973213,2.439786071626865
30.0,2,0.02396773326824113,2.8214601235100587,2.95467387212792
35.0,2,0.12446912560114613,3.2757945098586445,3.5074610758246454
40.0,2,0.3720903443960523,3.809939955663777,3.915350158523689
45.0,2,0.2552978429905191,4.2814595045631005,4.495002031363527
50.0,2,0.32784100807146044,4.7403374950092925,5.039859843987452
55.0,2,1.3191663869020531,5.340380208950766,5.37239820662625
60.0,2,1.2552318545581826,5.754976069626874,6.104775456764111
0.0,2,0.031023685707042024,-0.2,-0.1
5.0,2,0.03898190535251283,0.9349826568945226,1.0521281906344566
10.0,2,0.05479185495161111,2.1053054680272973,2.1619420447935753
15.0,2,0.037409510825479546,3.2272820505347317,3.349215685599823
20.0,2,0.012568741417275493,4.390245684912285,4.483273437179964
25.0,2,0.0630636661266435,5.568749346365302,5.5942313581065495
30.0,2,0.09611556155575347,6.678784816055497,6.819729066836914
35.0,2,0.022653663892493243,7.879837049733436,7.909477820362082
40.0,2,0.12364838039315998,9.039579886331616,9.042065193014677
45.0,2,0.3811940475409004,10.13890371817834,10.300700050803467
50.0,2,0.23504048796980284,11.376591428763312,11.31386644238242
55.0,2,0.24502077800265723,12.48201217099606,12.502197423898465
60.0,2,1.1737469578187194,13.582845374986771,13.774750218230567
0.0,2,0.009775315722787808,-0.2,-0.1
5.0,2,0.06896330589080607,-0.9520877867364098,-0.8628042358985036
10.0,2,0.13683706501067183,-1.7236793582749397,-1.5686870133912012
15.0,2,0.1400875692415924,-2.465886431962541,-2.338795891097936
20.0,2,0.23063758226365955,-3.2047504862359677,-3.0956898536792568
25.0,2,0.405940271328132,-3.971580228379485,-3.762833347019671
30.0,2,0.2778250956487811,-4.672349784072455,-4.571377265171731
35.0,2,0.18853009723307015,-5.394117527062057,-5.295343676146944
40.0,2,0.7893679716040735,-6.153190124147467,-5.9115360080212564
45.0,2,0.8057764152146009,-6.789707611420067,-6.80480953861046
50.0,2,0.0012161482000929392,-7.522153855093193,-7.4408650655761255
55.0,2,1.8106741822658856,-8.279860494658964,-8.022291134993804
60.0,2,4.062562718218741,-8.837943593337348,-9.076364063287931
0.0,2,0.05676006638973287,-0.2,-0.1
5.0,2,0.2342741332154349,-0.1727397025666416,-0.04228836002078123
10.0,2,0.38236045686990516,-0.1555740058589787,-0.06110640232863983
15.0,2,0.08613992655508476,-0.11682396896538261,-0.012680396318427892
20.0,2,0.31442951059166335,-0.1367671132965509,0.07176180010898012
25.0,2,1.263555235895613,-0.08665574523780478,-0.03606162842148032
30.0,2,0.7714015063010398,-0.07494027228853994,0.0967855155656886
35.0,2,0.4637490813682709,-0.13148141551039824,0.18136875262952135
40.0,2,3.9511350068487783,0.017180837783546128,-0.07272210540115552
45.0,2,4.569074759781936,-0.07204527223359139,0.30066292701272596
50.0,2,0.6682938573547672,-0.08488131160437544,0.24941313720425726
55.0,2,10.129581002001895,0.2020177174448801,-0.1532229004142757
60.0,2,21.588337321885493,-0.11661838087635212,0.6961538516120186
0.0,2,0.30517271929647755,-0.2,-0.1
5.0,2,0.4780427780587305,0.05723276699706008,0.08605725947752642
10.0,2,0.7150880165060013,0.15620812578857968,0.4198404944533816
15.0,2,0.50116395896879,0.48213597521575774,0.4781194179570128
20.0,2,0.12517897156337598,0.6118664727825343,0.7569107229473324
25.0,2,0.5579390168704104,0.7111040636955717,1.0441106666657023
30.0,2,1.2837325473523897,1.08300303609164,1.001849186734343
35.0,2,0.7270700029562155,1.03845326355176,1.455066812311147
40.0,2,0.21728326383387606,1.275090453918251,1.576358095676503
45.0,2,2.3698968826607474,1.6205728998674054,1.5425558612775339
50.0,2,4.183195080302501,1.443750367898632,2.199484835331767
55.0,2,2.0771045671207298,1.9646019087438804,2.0253549061787486
60.0,2,2.374529865857722,2.1350902250113775,2.205412991644511
0.0,2,0.01097283031085699,-0.2,-0.1
5.0,2,0.06948067005521577,-1.5246899256146955,-1.3420985882648804
10.0,2,0.1729963504794556,-2.7515107772260627,-2.7127356370184996
15.0,2,0.13585098969723203,-4.1210157266812315,-3.9078108983378463
20.0,2,0.16127018615002142,-5.396541533154268,-5.197688502750912
25.0,2,0.47359845582601817,-6.621463825966619,-6.573225827922617
30.0,2,0.6328294611386068,-8.025730852180812,-7.689092518012273
35.0,2,0.47649904506435187,-9.196533249551713,-9.064287813399725
40.0,2,0.7035486989095998,-10.458098218202888,-10.385043167689656
45.0,2,1.0839086114066707,-11.841284830380015,-11.436301959575966
50.0,2,1.0013242107272102,-12.895668626281818,-12.92277679547977
55.0,2,1.6844891876492198,-14.245699522875793,-14.129300664625818
60.0,2,2.5568033404387416,-15.537727016623057,-15.161472377642149
0.0,2,0.2895432183867104,-0.2,-0.1
5.0,2,0.3364242537975284,1.4932167316224938,1.5793803514077474
10.0,2,0.3823929465807721,3.141609032484755,3.3001390135842534
15.0,2,0.33508012852868324,4.845106971457429,4.908589605000018
20.0,2,0.18014922927147936,6.479791899703239,6.610973459399544
25.0,2,0.19229724789246846,8.09852105097801,8.315335983757127
30.0,2,0.3073553221448253,9.798260672898461,9.861998912828662
35.0,2,0.1036003155159223,11.363146376667151,11.630478295102982
40.0,2,0.23209531011812534,12.998102181194634,13.28609797476556
45.0,2,1.2498146884508157,14.707608755131055,14.78522289682369
50.0,2,1.2926042427969957,16.216484277484927,16.68210961872373
55.0,2,0.7150015992508301,17.94222958962,18.230100278841473
60.0,2,3.4662535060786195,19.665112875983915,19.729797612776537
0.0,2,0.008551034005233866,-0.2,-0.1
5.0,2,0.001883010801555414,-1.1377152930334242,-1.0423694420598464
10.0,2,0.01698728082812205,-2.057699281248221,-2.0065324376574107
15.0,2,0.04346184165877845,-3.0042467391649668,-2.931706582934151
20.0,2,0.08226633621688736,-3.9340399512826276,-3.885799178500567
25.0,2,0.14402749665291043,-4.8614201001125865,-4.854533280639767
30.0,2,0.18847504803808635,-5.830830202990141,-5.766726769322853
35.0,2,0.17964637991451915,-6.761950019752658,-6.752101817652215
40.0,2,0.19011929035725184,-7.721591197129123,-7.719840617997339
45.0,2,0.21569057914702341,-8.720744051143646,-8.623946585849005
50.0,2,0.11439376842678976,-9.65548572259584,-9.658616784379209
55.0,2,0.06973024192996496,-10.661653823595818,-10.606157883272521
60.0,2,0.3118926023533628,-11.675244134030889,-11.507113825298692
0.0,2,0.0038382773958166422,-0.2,-0.1
5.0,2,0.20945901094405323,-0.1488044561798568,0.03334783938515994
10.0,2,0.4402194413239734,-0.019212546455029796,-0.005852947976813444
15.0,2,0.0924631737416432,0.004619950875542658,0.18060249190371294
20.0,2,0.3981821494530693,0.07013747406737914,0.29220291489459055
25.0,2,1.776235588028523,0.23409801626020732,0.17754863003519247
30.0,2,1.1013449310030299,0.20218245194732665,0.5124719833249305
35.0,2,0.3427763255913748,0.3265781584433182,0.5325491860936479
40.0,2,5.403740930308356,0.5286700173297066,0.3461737964302189
45.0,2,6.958277632819515,0.4082369996519139,0.9446773159757752
50.0,2,0.17238568330184179,0.66157012736923,0.7139367505420845
55.0,2,12.419170170788341,0.8714403259799924,0.5203962688562371
60.0,2,32.76017969956895,0.6070000068459714,1.5336930429613982
0.0,2,0.039856712625861254,-0.2,-0.1
5.0,2,0.03774483253431905,-0.6203053486692607,-0.488410008581011
10.0,2,0.029714393132385823,-1.010999671358457,-0.9244859381569767
15.0,2,0.01272275951693551,-1.4475250663881516,-1.3121554352219071
20.0,2,0.014429986428697777,-1.8650933666646994,-1.7139979053056709
25.0,2,0.035697379244592986,-2.262554111961021,-2.1610685065903534
30.0,2,0.05411323746083801,-2.7178729719041663,-2.52805398223783
35.0,2,0.09858034028795111,-3.112737208558243,-2.9497242044187795
40.0,2,0.15139012515972736,-3.519378753650216,-3.3938238754429357
45.0,2,0.1479969559234543,-3.969890620712093,-3.7357999009778373
50.0,2,0.24316975735836496,-4.329870064923917,-4.1780307644300265
55.0,2,0.4419574543254118,-4.7458559500843505,-4.609288365214289
60.0,2,0.2722548306316026,-5.16534212318196,-4.921905505270342
0.0,2,0.17569478623521761,-0.2,-0.1
5.0,2,0.18180683970251227,1.1196159061272892,1.2662393752773506
10.0,2,0.14219457542596528,2.475696268242881,2.5583812968045323
15.0,2,0.08160494430376168,3.773085944584177,3.9127520981519415
20.0,2,0.08414958313504839,5.080559242781414,5.26472527608868
25.0,2,0.08385138237807291,6.422416487249649,6.52653851667204
30.0,2,0.05492401425173146,7.683886705608058,7.909876958305332
35.0,2,0.2533860663635043,9.005713533514411,9.240755609709288
40.0,2,0.5120112165163613,10.342006050078162,10.480792855821813
45.0,2,0.3845529741459075,11.59603260007712,11.918577426249021
50.0,2,0.714680908428455,12.96147663378816,13.222458031198046
55.0,2,1.7725516048239212,14.309569364909944,14.446091178471871
60.0,2,1.2115673969898508,15.584690432710696,15.979721407654477
0.0,2,0.03727974474959478,-0.2,-0.1
5.0,2,0.07129588170422074,-0.7736730776644654,-0.668352182564647
10.0,2,0.14737904586646045,-1.3388141745734854,-1.2118771973818385
15.0,2,0.05838417918972749,-1.9243212596257073,-1.7996267532043038
20.0,2,0.044293893800039924,-2.489133888421297,-2.3814639311822003
25.0,2,0.4142240506153342,-3.081404409354134,-2.8883703735909108
30.0,2,0.4447300307828516,-3.6584596028693164,-3.526603015422941
35.0,2,0.10490853154019186,-4.204842856487638,-4.0939156747324725
40.0,2,1.0751765287939046,-4.839339595049233,-4.534219435184813
45.0,2,2.0394180443207026,-5.345570300127488,-5.296811887973656
50.0,2,0.5455825575150798,-5.902709064468465,-5.755274037547443
55.0,2,2.0868339190134715,-6.57588486384195,-6.14311355675766
60.0,2,7.686344603622036,-6.929234502005973,-7.13716126369318
0.0,2,0.21053394470885772,-0.2,-0.1
5.0,2,0.34793983140915047,-0.950533702140544,-0.9272030457737761
10.0,2,0.6608439777579876,-1.8393278995242344,-1.550814114416891
15.0,2,0.28284283671473376,-2.5372117827294494,-2.5016353659845674
20.0,2,0.17123606294366295,-3.3679643669276484,-3.264380255573478
25.0,2,1.6787504585796074,-4.284907235953244,-3.8505599943163857
30.0,2,1.8208023918454315,-4.906377640078772,-4.974230655392452
35.0,2,0.33390429105986297,-5.8548524888977305,-5.559620299721606
40.0,2,4.395633494920969,-6.715115689651869,-6.164512596034843
45.0,2,8.716483217740771,-7.24301284018913,-7.4985562916041495
50.0,2,2.368826396132254,-8.337177141254186,-7.7394331876962985
55.0,2,8.397015098433165,-9.029506086646832,-8.492000725707923
60.0,2,32.780910844453054,-9.482530043012444,-10.057374649259254
0.0,2,0.20752976014907687,-0.2,-0.1
5.0,2,0.35678249673276263,-0.5368736262575373,-0.4638593999581178
10.0,2,0.5836580846443614,-0.9021128235957916,-0.765949027002169
15.0,2,0.5131265601976494,-1.2415331135211323,-1.1928758553468046
20.0,2,0.4115290328027684,-1.6140956399866788,-1.5540358239508072
25.0,2,0.8976805359924497,-2.0336914238933703,-1.8347128799957815
30.0,2,0.8783747774187379,-2.380553783650573,-2.3598048434809002
35.0,2,0.04779577891049752,-2.808026000885339,-2.670362625170025
40.0,2,1.5223162097530663,-3.2789832357846893,-2.930905403598109
45.0,2,3.659009027811499,-3.5814440259602973,-3.6178684947155317
50.0,2,1.0684954217346463,-4.087532016427188,-3.7527455472081006
55.0,2,2.8892660493208187,-4.5560548321370735,-4.043630927337511
60.0,2,14.352813479088486,-4.732817423781003,-4.958366801798178
0.0,2,0.06977971030583478,-0.2,-0.1
5.0,2,0.3049464964451388,-0.39547762692789357,-0.35583898068977554
10.0,2,0.6685997208486831,-0.656290807484174,-0.4581546780837905
15.0,2,0.25705994766228735,-0.8367463678687427,-0.7885874273206839
20.0,2,0.38588925781551886,-1.056467054652507,-1.0302605536018743
25.0,2,2.1294542533257044,-1.3702952230339982,-1.0601241661909193
30.0,2,1.6484453112908337,-1.5073621787033313,-1.55106870363233
35.0,2,0.10859286010538444,-1.781211592563564,-1.6960064448974812
40.0,2,5.94936176085646,-2.145893825094666,-1.6472344390953857
45.0,2,9.668343517303047,-2.1705729595996006,-2.4252522565461967
50.0,2,0.820538364199495,-2.5633950132357897,-2.2762939145942815
55.0,2,12.39770604293952,-2.9297461600079333,-2.2240104819286475
60.0,2,42.07928393060632,-2.7463168990233036,-3.4518202861345837
0.0,2,0.00012830820037580348,-0.2,-0.1
5.0,2,0.08120455017533385,-0.4357943432587056,-0.33747003894891286
10.0,2,0.19674175162191204,-0.6690769615161537,-0.5259655827400888
15.0,2,0.10259866514359556,-0.9106953573754272,-0.7725338879573214
20.0,2,0.1980095705877602,-1.1220957749638159,-1.0218046162539867
25.0,2,0.7050766074637639,-1.3718236572439406,-1.1537580872187079
30.0,2,0.5661760910322957,-1.582495449268427,-1.456931924385775
35.0,2,0.23226998838068844,-1.7591952767027472,-1.6858796282660884
40.0,2,1.7676718318173292,-2.0452747140432175,-1.7239677715736654
45.0,2,2.4573370758594315,-2.161975301044538,-2.17680033396245
50.0,2,0.30273724188022433,-2.348017473700113,-2.283095014426401
55.0,2,3.870832410919214,-2.683234416560036,-2.2391325027674815
60.0,2,10.671216743776055,-2.627878944883983,-2.9854687002386298
0.0,2,0.0013885763418848755,-0.2,-0.1
5.0,2,0.02683013179034476,-1.2623360265347818,-1.1238296236334897
10.0,2,0.06362802699688333,-2.2639435680615403,-2.2177549943601265
15.0,2,0.036358682366490216,-3.356386552252602,-3.2124338766851537
20.0,2,0.00390974668345571,-4.387561458301243,-4.2700583685706786
25.0,2,0.08359634093148244,-5.399218175037156,-5.360326871217874
30.0,2,0.16867742142964495,-6.520665974305529,-6.320371657868933
35.0,2,0.09380889790158994,-7.49712696318227,-7.435611907932802
40.0,2,0.04603029103834619,-8.55680010109512,-8.482472237388748
45.0,2,0.25298463482913547,-9.669524922454519,-9.435811433296893
50.0,2,0.4434208301922693,-10.594098947823271,-10.610075280721498
55.0,2,0.3249797061338929,-11.735272125368002,-11.5758972691233
60.0,2,0.2302644581381516,-12.776094863868499,-12.573617804878905
0.0,2,0.032540885292653886,-0.2,-0.1
5.0,2,0.028794243657108656,-1.3058885364321975,-1.1999223101141787
10.0,2,0.02595689448657525,-2.4138113539081028,-2.2989385832448543
15.0,2,0.017688499660955696,-3.522183948743311,-3.4158617988915823
20.0,2,0.0032471173674837317,-4.638423372229624,-4.5150784613271
25.0,2,0.011369887927530787,-5.756028504116638,-5.615634210486112
30.0,2,0.03467216863043159,-6.8669244080348255,-6.745964159832223
35.0,2,0.025567279229924703,-7.989107395784256,-7.833113319743823
40.0,2,0.049514790388863104,-9.107718821385935,-8.935332561761763
45.0,2,0.160660692739338,-10.205595024582976,-10.082783217765707
50.0,2,0.15417497897827476,-11.331053042805523,-11.134443243720645
55.0,2,0.07725020324514294,-12.434759578180056,-12.250390911787477
60.0,2,0.36769578719254686,-13.505033890088894,-13.415671798440407
0.0,2,0.2250219779590968,-0.2,-0.1
5.0,2,0.310035850715451,0.31840288547514844,0.378051704259228
10.0,2,0.4791416285301129,0.7667167287508388,0.9645302154209614
15.0,2,0.30960898877287835,1.3045845946244796,1.3565541116779214
20.0,2,0.17117625593079705,1.7682716997057166,1.8630318699099635
25.0,2,0.8130571539578462,2.1772090740027306,2.470689098819705
30.0,2,0.8842046388114654,2.7401743260393308,2.7451282160116444
35.0,2,0.0314774052018333,3.126873073134236,3.3511105541181037
40.0,2,1.9587444913954886,3.5374865374407767,3.9545220374136996
45.0,2,4.531981710950225,4.15973571944913,4.0707406857076425
50.0,2,1.3644956771677133,4.451008826026088,4.905864740388396
55.0,2,3.5849352107250376,4.940760268265835,5.424890514822129
60.0,2,17.025212812909682,5.6537150540185195,5.352038327001279
0.0,2,0.2018503638601401,-0.2,-0.1
5.0,2,0.23345319843196277,-0.603909009437203,-0.5190961022270707
10.0,2,0.2705822920631356,-1.0511108950846066,-0.8947153231693389
15.0,2,0.2297160458794706,-1.4437631894801726,-1.376558157032537
20.0,2,0.11507514447692116,-1.8987010164934617,-1.773607415415407
25.0,2,0.15552373732833427,-2.3704624841304622,-2.160890019585096
30.0,2,0.25161184455019986,-2.7620392174528505,-2.7002720980649957
35.0,2,0.07288358924495729,-3.279102533469498,-3.035373666889031
40.0,2,0.2228971951936138,-3.7339983067062286,-3.4636148010534655
45.0,2,1.044958728705534,-4.113924621557346,-4.049861441971266
50.0,2,0.9528723878848336,-4.683114791919147,-4.2661348796070175
55.0,2,0.5649615427008164,-5.055901493233017,-4.788901063612668
60.0,2,2.975270644749223,-5.423875638928388,-5.382932674699359
0.0,2,0.001075491366439616,-0.2,-0.1
5.0,2,0.01726468669812952,-1.0955996380592197,-0.9542181438746822
10.0,2,0.052095400965178076,-1.9443365216754658,-1.8657845066048646
15.0,2,0.06059813917150321,-2.860882605924491,-2.696498204562188
20.0,2,0.07645126156039908,-3.728907948825913,-3.5737685856268664
25.0,2,0.1539375003651825,-4.574438812919006,-4.482160232038347
30.0,2,0.20848940386291667,-5.501215754570737,-5.2767343040994055
35.0,2,0.16367793879884046,-6.311831683007963,-6.192258166490093
40.0,2,0.15099378664907065,-7.172342733467064,-7.065311987257653
45.0,2,0.23143006917727954,-8.078106743657612,-7.836710190398251
50.0,2,0.257736591958478,-8.828973434219355,-8.797217382486961
55.0,2,0.2627896772507058,-9.73245452728326,-9.606797555694357
60.0,2,0.32729732627370656,-10.58164433503927,-10.3883058293564
0.0,2,0.0010266071321821748,-0.2,-0.1
5.0,2,0.07060000652625639,0.38498014861040186,0.5131297379967414
10.0,2,0.17509687077176764,0.9740745254912005,1.0787428480111407
15.0,2,0.1270698836397155,1.5657475192510675,1.7063702964285312
20.0,2,0.21412579828956899,2.146066898045603,2.3309574361893866
25.0,2,0.6032266116216729,2.770872601092018,2.8585430739134248
30.0,2,0.49242292275669536,3.36461146172023,3.5513572657554713
35.0,2,0.21125292315557745,3.9590202782531514,4.167336632535968
40.0,2,1.3595527984007927,4.651803761535762,4.637629129472475
45.0,2,1.8928191591012795,5.208475770813452,5.476913217442788
50.0,2,0.18990803877343743,5.8564625509702335,5.99619733110301
55.0,2,2.843369928027765,6.615389619296868,6.421313537631129
60.0,2,8.22636386361745,7.055388030402137,7.515879244323011
0.0,2,0.01160800569832924,-0.2,-0.1
5.0,2,0.02085489872542905,0.1890158331179266,0.27653478683722477
10.0,2,0.08443393604512323,0.5212422453048551,0.7203316532466896
15.0,2,0.12787802933731576,0.9387739611320415,1.0577571077044339
20.0,2,0.19320669373091412,1.300950883821434,1.468815251377439
25.0,2,0.37696367160541033,1.6502043971358862,1.9173909669844067
30.0,2,0.5076950458250902,2.1166478680854826,2.219463892971293
35.0,2,0.4216171153520841,2.4538912635399566,2.7053350992300014
40.0,2,0.43886000319221014,2.8761063699112666,3.130285589437487
45.0,2,0.6277820478571879,3.381508991697509,3.419254377333713
50.0,2,0.4631911648938931,3.698833741124768,4.0053250846106945
55.0,2,0.37158867619066,4.231088074156387,4.359951151619558
60.0,2,1.0230391286334821,4.719275953116374,4.669778196506584
0.0,2,0.01849555342394988,-0.2,-0.1
5.0,2,0.025780690116192974,-0.014768749854635815,0.08392099662595488
10.0,2,0.0959627946104972,0.14250702319426484,0.32573274846784483
15.0,2,0.10965895217979442,0.33864459963116833,0.4786888719827063
20.0,2,0.2129606128399929,0.5194991431833463,0.6750292851486603
25.0,2,0.5427849492771686,0.6759971634552802,0.9473380911095473
30.0,2,0.5803735718117068,0.914628869760048,1.0509999992897232
35.0,2,0.38903024317533746,1.1024051534892194,1.301809451081681
40.0,2,1.080082999145648,1.2827408502456825,1.6097014225315467
45.0,2,1.5429837739354604,1.5979163213504917,1.6289028212597436
50.0,2,0.2764304661387076,1.7751893479661387,2.006906695794745
55.0,2,1.4839344400352457,1.9974463644429874,2.3157688740240285
60.0,2,5.4225954918317525,2.403031804522341,2.1960225470929875
0.0,2,0.0007265775711613818,-0.2,-0.1
5.0,2,0.10135264583954308,-0.5702498220323178,-0.5324240981787509
10.0,2,0.2572144134147884,-1.0525130459035534,-0.8089466151287872
15.0,2,0.15551367423959234,-1.3700938750070673,-1.30807351642713
20.0,2,0.1744972287221817,-1.7870791011505371,-1.6823813317511687
25.0,2,0.693664783380256,-2.2579409785556437,-1.9342474757837287
30.0,2,0.7637256989428679,-2.4980484455833456,-2.5301605055383325
35.0,2,0.37029715552510856,-2.990238953642526,-2.7766436243490245
40.0,2,1.3635662608254566,-3.379604235181131,-3.055510879029597
45.0,2,2.2659789713218212,-3.567666887710466,-3.7455772149338653
50.0,2,1.0068256967581874,-4.150641259983695,-3.7959760593273586
55.0,2,3.211380078343905,-4.397381378810356,-4.184580612830426
60.0,2,8.09696328038792,-4.607358964302187,-4.952050309108668
0.0,2,0.04706434561462329,-0.2,-0.1
5.0,2,0.09282022868196392,0.08474568212772521,0.22866921002182758
10.0,2,0.17257644102913633,0.4638114594306415,0.4600092968511939
15.0,2,0.10254095476072943,0.7055028857143917,0.856204634629319
20.0,2,0.0015662988723268141,1.0550227483015744,1.130260843587319
25.0,2,0.19872947616908082,1.427001898139598,1.3781318820195698
30.0,2,0.44915840272385293,1.629398664624616,1.8340076704240296
35.0,2,0.24529913957263516,2.069485793022423,2.0044628458844653
40.0,2,0.1391866096121765,2.357149898673406,2.333810422244175
45.0,2,0.8368525066448318,2.5622525303802752,2.795386055676531
50.0,2,1.236436557372592,3.0760341191185816,2.8428613099046562
55.0,2,0.6447183980762774,3.204023072225387,3.3267218765906343
60.0,2,0.9917455504212135,3.5014883413779696,3.693786627406899
0.0,2,0.1969276594219752,-0.2,-0.1
5.0,2,0.13927773180784458,0.9241220594566073,1.0225957709875322
10.0,2,0.12013961228159575,2.0043728345449523,2.193457919189483
15.0,2,0.0639620079550856,3.142485436978447,3.2537467262492537
20.0,2,0.0036958102987990887,4.224095925264653,4.400987150990026
25.0,2,0.19208356168446483,5.29211132092914,5.569634731832899
30.0,2,0.4325417434194736,6.452544241074909,6.575779382638926
35.0,2,0.3375827407098623,7.4964726321627335,7.796441770295155
40.0,2,0.6464644695513339,8.604955286336097,8.940691835055707
45.0,2,1.5510237188939373,9.809305205279472,9.900431379010117
50.0,2,1.146271368620925,10.824268333178665,11.258837109776726
55.0,2,0.661876735421256,12.03323428632722,12.322192152625172
60.0,2,3.526063233791544,13.275081377876699,13.260691464979622
0.0,2,0.01328635972705662,-0.2,-0.1
5.0,2,0.09215835037752373,0.16145325228082544,0.2289356605342851
10.0,2,0.19377501827431523,0.4475869594348192,0.6066150120229808
15.0,2,0.10962881586914412,0.8475433007349773,0.8922853019022923
20.0,2,0.0414454175431987,1.1481555815384117,1.2714441117485487
25.0,2,0.2828160355687901,1.4544613732879836,1.6053425806814563
30.0,2,0.4580665044506009,1.872123567154508,1.881298156435404
35.0,2,0.264357319661251,2.0875150254477304,2.3292216070595435
40.0,2,0.3293500800203323,2.486346177446047,2.547821663863204
45.0,2,0.8479514280853875,2.849863206517056,2.9113316541284284
50.0,2,1.160487886760858,3.0180852377750425,3.3787565919543296
55.0,2,1.4411628600577164,3.571008727842865,3.4340687963900014
60.0,2,1.6918525901651829,3.7589797120927972,4.045524578846506
0.0,2,0.0022991299168349058,-0.2,-0.1
5.0,2,0.02705065480734501,-1.6485417372120916,-1.579237445202337
10.0,2,0.05307818492476739,-3.123111923830697,-2.9981376350653486
15.0,2,0.010987899632584137,-4.562676138530124,-4.493253569131165
20.0,2,0.05684723597692257,-6.014263948526716,-5.9662232036476395
25.0,2,0.22720749645913013,-7.501506779376565,-7.357513926977687
30.0,2,0.1381217471338675,-8.92295750456995,-8.904359385769995
35.0,2,0.06320825906300445,-10.39495749901915,-10.348650019873038
40.0,2,0.6965477730058968,-11.900104834274401,-11.712503657118345
45.0,2,0.8420813896687507,-13.292834838779997,-13.354158215531458
50.0,2,0.020759466095892895,-14.811623407922886,-14.714914786674232
55.0,2,1.6143062145233014,-16.326881434713222,-16.071558521932914
60.0,2,4.000102043796855,-17.669234656285145,-17.865090104689447
0.0,2,0.010873303814939422,-0.2,-0.1
5.0,2,0.07272028371757637,-0.5695528429383678,-0.4456772272299424
10.0,2,0.1491933062977004,-0.895899045349868,-0.8076432478023936
15.0,2,0.1311169386051203,-1.2863667387442779,-1.126679931554168
20.0,2,0.14055091985411705,-1.6104172899278852,-1.5017491759189248
25.0,2,0.28867818645384097,-1.9427805655259465,-1.8233420263554363
30.0,2,0.31375807992749694,-2.3260680612494764,-2.14269327614312
35.0,2,0.19891691734429093,-2.5816401811548064,-2.549565290558094
40.0,2,0.37255352982819884,-2.960633646980636,-2.77976158583319
45.0,2,0.5580354120457858,-3.282109846626893,-3.17229724239751
50.0,2,0.47689380052636565,-3.5000591542301596,-3.565413092397324
55.0,2,1.1372957865658861,-3.9689428047083215,-3.678187805101734
60.0,2,1.8268766891189756,-4.152132518565876,-4.268136794539984
0.0,2,0.0035624510978289406,-0.2,-0.1
5.0,2,0.1405619532904789,-0.6894420294663999,-0.6247197024945178
10.0,2,0.348714165444028,-1.2498490500456805,-1.124428047497391
15.0,2,0.1727856746239949,-1.6978020721593752,-1.6709861761566018
20.0,2,0.11319328155304637,-2.245817382117087,-2.143436324687271
25.0,2,0.7871689833820195,-2.770834638809775,-2.7070881536761977
30.0,2,0.986052133954939,-3.2120653214133736,-3.2265984526010265
35.0,2,0.4222451468449243,-3.849762416696511,-3.6528065072415283
40.0,2,1.5014556771371437,-4.2696084844453,-4.363988782386843
45.0,2,2.9182269746188467,-4.813069971060865,-4.721108852165335
50.0,2,1.7115801646140545,-5.488030517800059,-5.212453646962043
