0.0,2,0.10314684970523173,-0.2,-0.1
5.0,2,0.05865879425671601,-1.9566086721708005,-1.6972662293291312
10.0,2,0.0008340447472698992,-3.603378692837361,-3.4043711101625207
15.0,2,0.12724412368985463,-5.225785090269586,-5.135839614230221
20.0,2,0.27851978795946575,-7.027804453173141,-6.687695152826613
25.0,2,0.14260597721346055,-8.576701581031678,-8.492672926468012
30.0,2,0.006349510287394427,-10.295775277591686,-10.12747413140797
35.0,2,0.3733947186698556,-12.070398701112262,-11.70672560938732
40.0,2,0.7486735223558024,-13.538553039441199,-13.592446172558315
45.0,2,0.3427752525550015,-15.420654600290126,-15.064219513209315
50.0,2,0.033838968552170744,-17.04080905729039,-16.797939957709154
55.0,2,1.0879171125852392,-18.544224432244977,-18.648399484254494
60.0,2,2.003286933691626,-20.568833254418536,-19.977665563580885
0.0,2,0.0039050070877152915,-0.2,-0.1
5.0,2,0.010044312530648507,-0.6919052991780413,-0.5812332867355746
10.0,2,0.05708865062169875,-1.1305110255758897,-1.1157661462513457
15.0,2,0.06232412382326999,-1.6861760091312659,-1.5332397486095912
20.0,2,0.007833713184927166,-2.1249227843254284,-2.067631559329036
25.0,2,0.03254605073393906,-2.5984958825678257,-2.5671970470002603
30.0,2,0.15944545753870185,-3.1670487565058525,-2.9717827589758508
35.0,2,0.16050615165513746,-3.540489674578904,-3.57148042681641
40.0,2,0.014800939589313002,-4.100922111846849,-3.98418657546208
45.0,2,0.10354194296000564,-4.6157926786731815,-4.442454594549364
50.0,2,0.4431954393006028,-4.962707167157451,-5.068678691978702
55.0,2,0.4108413687064668,-5.634071511459672,-5.370452933590097
60.0,2,0.02564010629286529,-6.007348952317361,-5.970314078646013
0.0,2,0.007991521749859407,-0.2,-0.1
5.0,2,0.03430662874422267,0.3879606499628192,0.46085719749719234
10.0,2,0.1665209898346817,0.8784656518058258,1.1191700431141796
15.0,2,0.1667300797057544,1.5683303743063324,1.5781231680736676
20.0,2,0.015028074863573233,2.067656579172984,2.227614810667033
25.0,2,0.10902263835216038,2.612706893961064,2.8313823433389604
30.0,2,0.46271875669647466,3.330010799019031,3.2628962857409762
35.0,2,0.4265957243416946,3.715851696872213,4.025873235347761
40.0,2,0.025849257772648675,4.405366291189592,4.485176488490389
45.0,2,0.34113406769063365,5.039637431283465,4.999723195856514
50.0,2,1.2797779174366364,5.3714607118436755,5.816717762756319
55.0,2,1.084400261122185,6.253124234882421,6.083872087177563
60.0,2,0.03854527241302762,6.65249949443858,6.8333146750814
0.0,2,0.030042476096924862,-0.2,-0.1
5.0,2,0.039609476756127075,-0.7998453650284088,-0.8051615527568258
10.0,2,0.008571365468906907,-1.49358771091591,-1.416426124654565
15.0,2,0.01187003771349305,-2.148405959304103,-2.066614794051628
20.0,2,0.08490889175262124,-2.7442926501463916,-2.7757350209945866
25.0,2,0.10336612715888382,-3.4834728811392934,-3.3415617077869184
30.0,2,0.018206798117745514,-4.071426174390126,-4.058615332321317
35.0,2,0.03966562585499947,-4.714846176122419,-4.720202248374273
40.0,2,0.23874602862209637,-5.464616239138307,-5.275439103143617
45.0,2,0.2682874988979327,-5.974767618243643,-6.070294641823446
50.0,2,0.037160967774123935,-6.727784406568129,-6.6222847712841775
55.0,2,0.12948054151257005,-7.403914034703778,-7.251162060933735
60.0,2,0.6679733428801174,-7.889946114701116,-8.070136898721632
0.0,2,0.010712409366713336,-0.2,-0.1
5.0,2,0.05062230051607234,0.6564508558414709,0.8493632078911209
10.0,2,0.04989268557890255,1.622765667057366,1.6888624604078128
15.0,2,0.004197817789378852,2.4849211062566194,2.632521084941138
20.0,2,0.033935183735930324,3.370938966355696,3.552317288574683
25.0,2,0.14053866444187071,4.3529146665833744,4.3761556520795954
30.0,2,0.12749948110430073,5.152307550014051,5.382576832381525
35.0,2,0.007062676858915894,6.117597016948655,6.223101429179471
40.0,2,0.1058939342024833,7.054639451629912,7.091873058230801
45.0,2,0.3883529991773396,7.823395142308577,8.128931431284693
50.0,2,0.3236795069948875,8.894891723190044,8.863248914135802
55.0,2,0.010138029520401978,9.703100728539976,9.860853972518491
60.0,2,0.32613388408481325,10.539484067108505,10.830284697682545
0.0,2,0.11673988037897609,-0.2,-0.1
5.0,2,0.0006704020138540225,0.45128347399082824,0.655246359095324
10.0,2,0.15817683775558652,1.1019647631129668,1.411094903059349
15.0,2,0.4395706360656047,1.9552375398498314,1.9643519594086272
20.0,2,0.29067986661129136,2.488492973058573,2.837626359286039
25.0,2,5.759792115746519e-06,3.268344244390228,3.4643049210405623
30.0,2,0.473996998583844,4.068634739096431,4.070544259420581
35.0,2,1.1951658501842044,4.519927696424577,5.025781135178643
40.0,2,0.717504328119575,5.497591435700476,5.45464722898893
45.0,2,0.0039031966772999174,6.089899885081789,6.268868612693798
50.0,2,1.407927054960039,6.6165243532226,7.148773977639076
55.0,2,3.2350452726677084,7.741958065204214,7.429870098743607
60.0,2,1.754138211214013,8.003555319640494,8.57480267739342
0.0,2,0.03678651139336712,-0.2,-0.1
5.0,2,0.0006319485091425084,0.7918481275484893,0.9532070884386263
10.0,2,0.04262852569721346,1.7887320583306372,2.001378373643598
15.0,2,0.12902837244609672,2.891257762379798,2.9439078855815524
20.0,2,0.09221628857142687,3.8200404703521333,4.060180393596363
25.0,2,0.0003848771423069634,4.888288137058747,5.036987942876871
30.0,2,0.12877691343098208,5.958791061717542,6.011540234205176
35.0,2,0.35214015450873454,6.846647498243167,7.168739013666653
40.0,2,0.22930375610857395,8.020817082901788,8.039624644995172
45.0,2,1.3802219038210698e-05,8.976149523690008,9.129347420194026
50.0,2,0.3853219075262468,9.910365411448996,10.240186748422154
55.0,2,0.9567505616468247,11.159008698231656,11.036598677626692
60.0,2,0.5651594511803681,11.936890491437822,12.303772100407679
0.0,2,0.023094724125738132,-0.2,-0.1
5.0,2,0.0030745553611741944,-0.08444322223148248,-0.011743430218942637
10.0,2,0.08004987150349212,0.06531754404414368,0.0423091510550062
15.0,2,0.14198254695167986,0.07392337661445329,0.23751666603427476
20.0,2,0.054456615188130324,0.2621204302019258,0.2531329599963828
25.0,2,0.013068035253891634,0.34719175354406623,0.37187498420382437
30.0,2,0.23102324942271052,0.3649577709115877,0.5579223143858812
35.0,2,0.37735620312173984,0.6217126322323133,0.504980800614729
40.0,2,0.12640326804878016,0.5864652504237874,0.7440415299728245
45.0,2,0.05098592559005136,0.706718762861717,0.8276013650844678
50.0,2,0.6626782063571155,0.9556825931793244,0.7824508823164334
55.0,2,0.9981299453928982,0.8011760805544609,1.1407707424908777
60.0,2,0.28804612680107955,1.1202725571990386,1.0254876133958692
0.0,2,0.05412963015876581,-0.2,-0.1
5.0,2,0.11289501474568736,-1.4204641806195204,-1.1596238939050056
10.0,2,0.05442675049772817,-2.4799978955876907,-2.3801782534613745
15.0,2,0.003846444770572794,-3.644263974902349,-3.496000248671264
20.0,2,0.158212688674922,-4.849330624239467,-4.571021673858679
25.0,2,0.3027115356320064,-5.855314024089991,-5.845126348532712
30.0,2,0.1299341249097491,-7.124144272911605,-6.85638417423563
35.0,2,0.018410504749343574,-8.232399837134135,-8.028216684537636
40.0,2,0.4592646719194209,-9.257415136552876,-9.283289459643461
45.0,2,0.8079442884377854,-10.620416716421087,-10.200375954299794
50.0,2,0.30593710257309586,-11.555120759201401,-11.54575998604401
55.0,2,0.07746484104822836,-12.734026076917889,-12.646942742852064
60.0,2,1.3246171179041393,-14.076195906155856,-13.584860988138585
0.0,2,0.009174298175788666,-0.2,-0.1
5.0,2,0.005308047931561375,-1.2973167977865747,-1.1908322876661954
10.0,2,0.05681062903238472,-2.435402537061272,-2.2408956338442625
15.0,2,0.0805780470121849,-3.455625075610974,-3.408822180747331
20.0,2,0.020573034549291914,-4.610128363839494,-4.442467977971603
25.0,2,0.018869890050809246,-5.703345141745529,-5.537400285518362
30.0,2,0.16134958029094643,-6.7211863395733555,-6.707708173143277
35.0,2,0.2112848147528211,-7.9370728540580116,-7.679970744111393
40.0,2,0.04497332604680893,-8.936150933524935,-8.86904175009721
45.0,2,0.0647245032715746,-10.024237561040877,-9.969104208033999
50.0,2,0.45581737714263726,-11.249770692443034,-10.931720162084552
55.0,2,0.5511244957745141,-12.143377622532093,-12.226262317448223
60.0,2,0.09524159341908414,-13.38608459136849,-13.171704434064598
0.0,2,0.030471440938815333,-0.2,-0.1
5.0,2,0.07972090222526378,0.4098658107578598,0.3806322572968943
10.0,2,0.04970326768531459,0.8836558782205453,0.9973402578889714
15.0,2,9.074746854816704e-05,1.4590865136504048,1.5124076905138766
20.0,2,0.0908093064586531,2.0482994835640866,2.013692788654953
25.0,2,0.21615985703078855,2.4851807583983145,2.667309581875458
30.0,2,0.12197788034261882,3.1455726942449087,3.097415714083625
35.0,2,0.0019323081416910035,3.6476464541303293,3.6858400222529504
40.0,2,0.2683779126844791,4.113415262729943,4.310569281708082
45.0,2,0.5834807697268238,4.839953912451574,4.67452870004119
50.0,2,0.29629935104626576,5.200196519695619,5.4047841608518645
55.0,2,0.014135030346245438,5.805612283486549,5.889866465115643
60.0,2,0.7871062971351367,6.493142649527971,6.292834167128942
0.0,2,0.019774017244481006,-0.2,-0.1
5.0,2,0.05451382981308123,0.013727263968381578,0.13999256211321492
10.0,2,0.3027886214500864,0.3514253573742261,0.25601429478898036
15.0,2,0.3266236800182398,0.4196427074592558,0.6415167707855733
20.0,2,0.039363690652568555,0.7553847398375387,0.7594945644889262
25.0,2,0.17612346176771598,1.0135366465593099,0.9550624838487853
30.0,2,0.8450649457589589,1.0510411701431486,1.3712777863465733
35.0,2,0.8404248983209206,1.5375536703564525,1.3384851122148949
40.0,2,0.07357419997375185,1.596406064956014,1.7333525436969681
45.0,2,0.558934147854496,1.7558966140836263,2.02758182065098
50.0,2,2.347301575864904,2.305156147149564,1.9320421136666865
55.0,2,2.1491879405056213,2.1080204822302986,2.5828976046675747
60.0,2,0.12538877294668205,2.592283338345074,2.552354574634434
0.0,2,1.4047008063706508e-05,-0.2,-0.1
5.0,2,5.8362263883255004e-05,1.7277619355969802,1.826661228847502
10.0,2,0.000285917643337325,3.6515018187845247,3.757344510104448
15.0,2,0.00028781775354450365,5.583503949299684,5.679765544033764
20.0,2,2.654012293329489e-05,7.507587729090974,7.610104928686949
25.0,2,0.0001856733369289251,9.433600837485766,9.53851498473663
30.0,2,0.0007947378895538954,11.366726278466583,11.459812708200296
35.0,2,0.0007367155567496584,13.286112507854776,13.394849643256585
40.0,2,4.597584053741135e-05,15.21812153428305,15.317263781272786
45.0,2,0.0005815277403162707,17.147784562036804,17.24202391796352
50.0,2,0.0021987386992747752,19.064954436510067,19.17927720793476
55.0,2,0.0018735464740758537,21.004918716856906,21.09373609203244
60.0,2,6.938391840822907e-05,22.924830951170705,23.028247022163136
0.0,2,0.013052362558836926,-0.2,-0.1
5.0,2,0.01568582998770438,1.2054232940116674,1.2376852870448807
10.0,2,0.0026645515715967875,2.5519654671533005,2.634251694959804
15.0,2,0.006253404818606929,3.91963644349206,4.009689299677597
20.0,2,0.03667061651323807,5.32945570540923,5.342978618817
25.0,2,0.04067603909005786,6.645406123679464,6.770136781603326
30.0,2,0.005397576345453501,8.0558726723331,8.102778814006248
35.0,2,0.020343985332784816,9.437208249862048,9.464551817533879
40.0,2,0.1025175158207722,10.743310486845605,10.901558161606877
45.0,2,0.10487728396192744,12.205944541782742,12.182032687726306
50.0,2,0.010336904338605213,13.517321472450183,13.613764338115438
55.0,2,0.06494199499741704,14.867214731082736,15.006979660539432
60.0,2,0.28522547003439364,16.35033664576587,16.266966326912847
0.0,2,0.05924511262320534,-0.2,-0.1
5.0,2,0.02243513318030671,-1.7412473874037113,-1.5300373633762516
10.0,2,0.005679313625806114,-3.2163648460182133,-3.026204655541702
15.0,2,0.09712847091507507,-4.64727494607274,-4.566579306267161
20.0,2,0.15738639840053584,-6.233096527001946,-5.952042476117948
25.0,2,0.05198862517736315,-7.63038878249367,-7.526034971406214
30.0,2,0.022009335435908012,-9.127296034515375,-9.000412470164529
35.0,2,0.27844645392203937,-10.708544294535258,-10.39044896092467
40.0,2,0.4160981554580294,-12.028336617904014,-12.041941388335905
45.0,2,0.11823631653029892,-13.653832239534317,-13.387730517485544
50.0,2,0.08053771710862942,-15.130980367203868,-14.881867140595864
55.0,2,0.7936702593152828,-16.450498835751564,-16.533633422828053
60.0,2,1.0946606866673976,-18.210094469263826,-17.745322540095792
0.0,2,0.010082378777380975,-0.2,-0.1
5.0,2,0.11635051747818316,-0.19510108072958143,-0.21997980552283275
10.0,2,0.16907175583074388,-0.35903072799354696,-0.17113104451128577
15.0,2,0.0454122699711577,-0.3282839526319998,-0.3169587061252521
20.0,2,0.03630321382015752,-0.38901592585795725,-0.37130761915171123
25.0,2,0.3309982061827793,-0.5548651108460022,-0.3205393204160814
30.0,2,0.44400919964900315,-0.4368076638466784,-0.5536776536678197
35.0,2,0.10009636238498426,-0.6333257367872832,-0.4722404669796297
40.0,2,0.12575879677698817,-0.696274808010301,-0.5243722820090229
45.0,2,0.9365655242900235,-0.5668013434887794,-0.7689266327829606
50.0,2,1.1600282277572767,-0.9135214798690109,-0.5372873826551456
55.0,2,0.21419150836955383,-0.7532936323486799,-0.8125961164278942
60.0,2,0.4226544529665631,-0.7843443684857335,-0.8966262665432543
0.0,2,0.01062529214357716,-0.2,-0.1
5.0,2,0.00037199366006141177,-0.11138229113750205,0.012317642959739321
10.0,2,0.0265348595752952,-0.03667909424428928,0.13854979788876332
15.0,2,0.054367825801074465,0.11980053691423005,0.18300551855248
20.0,2,0.025615331276279605,0.1646589319851635,0.3390824753037811
25.0,2,0.002113023396135522,0.28125999423606074,0.4234167648751215
30.0,2,0.07744592313685465,0.42758477675833456,0.47802733417508564
35.0,2,0.14564354503029045,0.43472513215258374,0.6718223306030718
40.0,2,0.06098936556169707,0.624089280773976,0.6833935338039112
45.0,2,0.009796532518715708,0.7036290260640137,0.804789140336107
50.0,2,0.22451074046707198,0.7230901138385019,0.9862634043838467
55.0,2,0.38835781349942816,0.9786983263847092,0.9315905436598684
60.0,2,0.1431643899530039,0.937524832611211,1.1736993892556051
0.0,2,0.0268223416369454,-0.2,-0.1
5.0,2,0.013286449043541667,-0.6459207758192402,-0.5596410282676741
10.0,2,0.15429808304203513,-1.026849049601963,-1.0842745585718618
15.0,2,0.2246583731374555,-1.602212477471194,-1.4144729347895402
20.0,2,0.06058822889455892,-1.953151877216064,-1.9690953391315713
25.0,2,0.047892188098249,-2.4097941372373843,-2.4180148831971326
30.0,2,0.439012588718072,-2.9872270880288863,-2.7461437364925487
35.0,2,0.5900622558419782,-3.23767145651595,-3.401261172092382
40.0,2,0.13363375521922932,-3.8507838160990846,-3.6937106165961318
45.0,2,0.16604369163339394,-4.3094938199368045,-4.14056241684532
50.0,2,1.242356225107442,-4.54701799160678,-4.8086000492622265
55.0,2,1.541809758033048,-5.333030978569361,-4.928148866386546
60.0,2,0.2861896947853325,-5.534553743438033,-5.63218790560478
0.0,2,0.02002749473137201,-0.2,-0.1
5.0,2,0.003039907532388322,-1.0184557274137003,-0.8628336083498706
10.0,2,0.008913054231798829,-1.8146545234469997,-1.6479241480801514
15.0,2,0.04852560419841606,-2.5607947033568137,-2.483073303933909
20.0,2,0.051794829303051265,-3.414777761552718,-3.210379581501571
25.0,2,0.006008681774488989,-4.162274708428311,-4.0441719703895584
30.0,2,0.0287240515433185,-4.939913416015628,-4.84782259856584
35.0,2,0.13534662716077053,-5.806554607706532,-5.562470742638452
40.0,2,0.13316684100967988,-6.493563558919935,-6.456751127188577
45.0,2,0.011118522577495989,-7.350727844364227,-7.1808761775078915
50.0,2,0.09096233194254333,-8.169113049034653,-7.943780308601002
55.0,2,0.3757150664934871,-8.830420019522773,-8.863762673876392
60.0,2,0.34025890831751854,-9.790243261008273,-9.485228768154466
0.0,2,0.0064343008318470075,-0.2,-0.1
5.0,2,0.0044947949241683485,1.3290119298534782,1.4706625912235414
10.0,2,1.0000417889440826e-05,2.888777758093019,3.010571284061016
15.0,2,0.006573529897594836,4.449633858571132,4.549389704659932
20.0,2,0.01754067004949821,5.969275042856389,6.129423041451761
25.0,2,0.011152927036806363,7.552777461252178,7.645595144133025
30.0,2,8.03301459011764e-06,9.088080401822333,9.209966724639775
35.0,2,0.01962510359035354,10.617705172802054,10.780016474737007
40.0,2,0.047604108150813,12.218209927056032,12.279186241560051
45.0,2,0.027424100823166004,13.71377166600293,13.883299023690155
50.0,2,0.0003215259508294028,15.284492772656757,15.412252438113416
55.0,2,0.05809496136986733,16.870952522946858,16.925467208900212
60.0,2,0.12861542172300378,18.335985210430216,18.560109042494
0.0,2,0.0019040098240979259,-0.2,-0.1
5.0,2,0.02242014631556207,-1.3587892717230448,-1.2887984941640864
10.0,2,0.08592022922851193,-2.595212325058664,-2.399963206715603
15.0,2,0.07391792562195028,-3.689103136213098,-3.65366016144832
20.0,2,0.00292994416661503,-4.909001437889215,-4.781349625659307
25.0,2,0.0693727235441211,-6.112388880002579,-5.925549949433091
30.0,2,0.23673955676404335,-7.180124394433171,-7.20540220088966
35.0,2,0.1868323869706864,-8.483856221573609,-8.249258139636407
40.0,2,0.0035612091428982064,-9.588082536822808,-9.49261959027433
45.0,2,0.21207151276076752,-10.7051895979171,-10.723100295067269
50.0,2,0.6493398706464516,-12.058069375432261,-11.717808283439268
55.0,2,0.4687489232305294,-13.021079155300644,-13.102386269457865
60.0,2,0.002442419316305257,-14.298686672752883,-14.172366517892806
0.0,2,0.0011752945611658435,-0.2,-0.1
5.0,2,0.06764528232570857,0.30960435962978283,0.3457372030768231
10.0,2,0.20779969432872963,0.6860262768239652,0.9246568485892377
15.0,2,0.15043040588417297,1.2830148370728554,1.283009851046949
20.0,2,0.0008306592096286209,1.7017589105578155,1.8196073402685935
25.0,2,0.20464251226822971,2.119530231504475,2.357177582028555
30.0,2,0.5674795979546894,2.7677108643824337,2.664338511857211
35.0,2,0.3745013693622531,3.0523022377011206,3.3350887012451436
40.0,2,3.031594999010418e-06,3.6167641988302166,3.7259683028227077
45.0,2,0.6131155072713756,4.204924060437297,4.093150003922246
50.0,2,1.5427937417119695,4.39620112225578,4.857214504810426
55.0,2,0.9242246236358662,5.185487993765672,5.023269196007173
60.0,2,0.0052718114970158585,5.537469303331996,5.626629449147432
0.0,2,0.034273292502499934,-0.2,-0.1
5.0,2,0.05544224086202769,0.21007222756965763,0.429033676219738
10.0,2,0.01825951403059893,0.7320344534345333,0.8461773541442482
15.0,2,0.0078094133701834805,1.194974983384516,1.3223427279836408
20.0,2,0.09824212948399695,1.6077038598490854,1.848719755308459
25.0,2,0.14656336719668006,2.1757245364644153,2.219804982482499
30.0,2,0.04150948567178597,2.562323295697986,2.772312127038305
35.0,2,0.028547758059495696,3.0367945924617,3.236946734063979
40.0,2,0.2799919802398416,3.6050742884480345,3.6077729418670095
45.0,2,0.3855350610684747,3.9119845657296013,4.23996856837481
50.0,2,0.0922640519451479,4.512304850695128,4.5787541871986654
55.0,2,0.10004363752014732,4.98363218422167,5.046532757461453
60.0,2,0.7936240221671739,5.282467987253293,5.68680285821919
0.0,2,0.0013057257473501848,-0.2,-0.1
5.0,2,0.0015055383305352986,-1.7066165079872502,-1.627811636209888
10.0,2,0.00022624847234289127,-3.2314451054635014,-3.1374111829307787
15.0,2,0.0006762165550359985,-4.750209524172035,-4.653074908419345
20.0,2,0.0036589844220028685,-6.255191539350631,-6.182521037437935
25.0,2,0.0038926976922580617,-7.789783612959147,-7.682357108026561
30.0,2,0.00044619281723365,-9.295186913866024,-9.211381951316868
35.0,2,0.0021775669810773658,-10.808788924521227,-10.73220808485889
40.0,2,0.010203572895755502,-12.346887698663375,-12.228537454913923
45.0,2,0.010005849655804856,-13.835670141246199,-13.774183156528226
50.0,2,0.0008229869247753694,-15.371087545021853,-15.273193896949643
55.0,2,0.0068913388844144404,-16.89598452177174,-16.782725064396875
60.0,2,0.02831917661813443,-18.377659815216532,-18.33547791514904
0.0,2,0.017402503389644323,-0.2,-0.1
5.0,2,0.034887387595060056,-1.5748248486646903,-1.5649668793563176
10.0,2,0.01596963024513028,-3.039007186552496,-2.9405762694895294
15.0,2,0.001578517535679279,-4.44665024194036,-4.37272494212269
20.0,2,0.05070303661776302,-5.829083035773709,-5.830083876310313
25.0,2,0.09335025952243772,-7.3240320755002,-7.174926564604834
30.0,2,0.037894427986650776,-8.673189308172288,-8.665561059953724
35.0,2,0.0070677687630505675,-10.108725651389825,-10.069816444757178
40.0,2,0.14674461224893062,-11.594685457844593,-11.423648366323402
45.0,2,0.24862527893495323,-12.889890680881315,-12.968234871307633
50.0,2,0.08860511223312474,-14.422398884879149,-14.275518395330774
55.0,2,0.02852923840116104,-15.82408532035175,-15.71362368787928
60.0,2,0.42205841347775624,-17.128218437395432,-17.2492822988565
0.0,2,0.0013263100101472628,-0.2,-0.1
5.0,2,0.0039670855440685215,-1.2410573486955718,-1.1485714230632078
10.0,2,0.021460613479742055,-2.315496569769058,-2.163760973748503
15.0,2,0.02282845307560059,-3.318226040145541,-3.25066027513078
20.0,2,0.002615431189009486,-4.391640372850297,-4.266874714184811
25.0,2,0.012774511276116753,-5.445206350236478,-5.3029375085574
30.0,2,0.05984536629494967,-6.439440326059334,-6.398332304493329
35.0,2,0.05867804181223046,-7.55310833459543,-7.374293067716071
40.0,2,0.004823458490274201,-8.553843574254373,-8.463186599815932
45.0,2,0.040426422743862704,-9.580045197368468,-9.526613748460669
50.0,2,0.16609464927135165,-10.710930083467996,-10.485357634119945
55.0,2,0.14988968572822434,-11.643356492396041,-11.642559996950725
60.0,2,0.008053055051411892,-12.755613974813112,-12.619931286292433
0.0,2,0.06456895724552332,-0.2,-0.1
5.0,2,0.12509914619932636,-1.6929263042884513,-1.4210151253733063
10.0,2,0.054651560097831724,-3.016816171412575,-2.9110666879109592
15.0,2,0.007052358507389454,-4.4449715804983025,-4.296852708486984
20.0,2,0.18761688407295068,-5.925074951156722,-5.630690767490337
25.0,2,0.3341207016913163,-7.189043304552727,-7.18066384375609
30.0,2,0.12895776186755248,-8.728545437225218,-8.455103140745358
35.0,2,0.030130086371457934,-10.109278715484038,-9.888311292148398
40.0,2,0.5416261656858612,-11.387622074103033,-11.423909363191154
45.0,2,0.8882184644667961,-13.031955239643263,-12.593517627312762
50.0,2,0.2995792808444764,-14.228237579198309,-14.211176717419425
55.0,2,0.11795899227050075,-15.664042238122981,-15.589313488156547
60.0,2,1.5540749343831326,-17.295883799541816,-16.77141335639944
0.0,2,0.019843851640786316,-0.2,-0.1
5.0,2,0.017484060587686687,-2.431839647823629,-2.4090827235272876
10.0,2,0.0008120327173340623,-4.725030568039595,-4.656814174662289
15.0,2,0.015540186676538602,-7.009091410778372,-6.9136757032744365
20.0,2,0.05474716692860934,-9.228833041815415,-9.234856443588308
25.0,2,0.044279965314187,-11.562143176130986,-11.442468680623753
30.0,2,0.001073441736876759,-13.798211893827354,-13.747322334278328
35.0,2,0.04766122738675938,-16.042432192121165,-16.04402440733541
40.0,2,0.1503545304261994,-18.398604658223324,-18.228774312584104
45.0,2,0.11133341004179853,-20.56704131300543,-20.601260029152872
50.0,2,0.0009274724244288746,-22.888996990989057,-22.820226722520246
55.0,2,0.1445604861410763,-25.208921240052806,-25.041224844807438
60.0,2,0.4110653673488812,-27.33494103007703,-27.456127426134273
0.0,2,0.010761047549654845,-0.2,-0.1
5.0,2,0.031627455679391445,-0.27219635272657805,-0.09255447308293922
10.0,2,0.022023083731367715,-0.25843405772438055,-0.1710675938946523
15.0,2,4.4004190675185975e-05,-0.3127347772681348,-0.18151770016041507
20.0,2,0.03241678662381339,-0.3696345000266607,-0.18936880321140726
25.0,2,0.0862067345679889,-0.33502477433800254,-0.28872935470958466
30.0,2,0.05462936081576627,-0.441977195235382,-0.24652775962172452
35.0,2,4.767819041825593e-05,-0.44227480698176713,-0.3109809736848571
40.0,2,0.09674957960289154,-0.429685174642024,-0.38832143183411943
45.0,2,0.23392229176788784,-0.5744482923310932,-0.3083091399545699
50.0,2,0.13428437539095528,-0.4866009205697741,-0.4609073375254157
55.0,2,0.0016625443077239233,-0.5650335945464083,-0.4472254893583093
60.0,2,0.2863207875238744,-0.6788484503036164,-0.3981614594106313
0.0,2,0.11390828672309918,-0.2,-0.1
5.0,2,0.002753139363476327,0.1632512308175083,0.34387063892127046
10.0,2,0.2667135650434409,0.48635563941396687,0.8278881000635885
15.0,2,0.5630725866074039,1.0690726575897946,1.0522929516265427
20.0,2,0.2756868437221157,1.2922590639259877,1.6362284150291195
25.0,2,0.017452034874426536,1.751391908994721,1.984217439699162
30.0,2,0.7803360642889363,2.2985623385153833,2.2441688799172375
35.0,2,1.5107532561324701,2.403371598052039,2.9464814901193415
40.0,2,0.6593207517192105,3.0955894612440553,3.0613854966661145
45.0,2,0.08555244848034255,3.425683107063469,3.5384137205854964
50.0,2,2.2672780729714144,3.57493424140173,4.196284455986036
55.0,2,4.0348302185391285,4.475511626688378,4.102828940438202
60.0,2,1.5555626287173263,4.418617262236523,4.966845174628841
0.0,2,2.0894603963651036e-08,-0.2,-0.1
5.0,2,0.0017977108526913545,-0.004178183411282722,0.08387033432499083
10.0,2,0.00453229921270059,0.17015089003931372,0.28923341178810386
15.0,2,0.0027205625742356557,0.3768941822349125,0.46218227050621796
20.0,2,1.4842825055978959e-05,0.5599087048105209,0.6588598988443229
25.0,2,0.005339734075216172,0.7388757836522192,0.8595849709163382
30.0,2,0.012267843127349869,0.9547198815826291,1.0234330238996483
35.0,2,0.00665108152763885,1.1173685854292075,1.2404764709667755
40.0,2,0.0001711488407467259,1.3168980323815942,1.4206391749281049
45.0,2,0.01573320661988683,1.5263330115308444,1.5908963466925712
50.0,2,0.033056912219138854,1.6727277034942671,1.8241938056428595
55.0,2,0.01608744906162281,1.9062237503333337,1.9703899097175068
60.0,2,0.0010638866399943388,2.082745242365786,2.1735605685987807
0.0,2,5.502216481757626e-06,-0.2,-0.1
5.0,2,0.008426421982623916,0.09694733154542784,0.17032017215391948
10.0,2,0.020260798608219423,0.3474692560471947,0.48706575135150015
15.0,2,0.011560512083721238,0.6664385838746244,0.7353639272234168
20.0,2,0.00015667239564243592,0.9366368914713118,1.0324331233260766
25.0,2,0.024925147345895272,1.1961733089942894,1.3401642095024462
30.0,2,0.054716767484852415,1.5352149802599682,1.568390041936117
35.0,2,0.028114682854942716,1.7620552602875221,1.9088172656079172
40.0,2,0.0012145859658173135,2.064473081063757,2.1736669485310354
45.0,2,0.073159935217831,2.3912872763564845,2.4141202569376574
50.0,2,0.14710288885752626,2.582428508707364,2.7902465282861093
55.0,2,0.06760444722415362,2.957073761735486,2.982868778957338
60.0,2,0.006523014216484196,3.2153586727166767,3.291851371675484
0.0,2,0.07277278111582632,-0.2,-0.1
5.0,2,0.10380673494973629,-1.4885431011389871,-1.221112990665154
10.0,2,0.026825809374681892,-2.6246437068332127,-2.4946684767750735
15.0,2,0.02382512083940186,-3.8308056364996643,-3.6981626389127613
20.0,2,0.20676420244709948,-5.121768791979854,-4.816855575236731
25.0,2,0.2722921006713381,-6.1884947151250245,-6.159785743895694
30.0,2,0.05875893865594635,-7.501399590093094,-7.256536960731736
35.0,2,0.08190608852622258,-8.712420472452138,-8.455172170176914
40.0,2,0.5843320476649059,-9.768670032909046,-9.808578701524178
45.0,2,0.7105270601700321,-11.20081082180234,-10.786094004435075
50.0,2,0.12474882388930704,-12.23648115360796,-12.160079764433545
55.0,2,0.2735996475259398,-13.417286018640171,-13.38893099120551
60.0,2,1.6428986737253626,-14.87735466951295,-14.338518432136791
0.0,2,0.009422595995306404,-0.2,-0.1
5.0,2,0.011071893151718049,0.5514805258602358,0.6491745073498484
10.0,2,0.08482864744078536,1.2457377778876386,1.455572288532527
15.0,2,0.10632361533135673,2.083368459611638,2.1185966400185965
20.0,2,0.020260944920359503,2.7674522376503377,2.9351678951899536
25.0,2,0.03736323512670265,3.510573661104697,3.6927015049456613
30.0,2,0.23896411537309042,4.357369674048602,4.346560525211828
35.0,2,0.27651912885274316,4.964198295049019,5.240386937421491
40.0,2,0.04201370147296746,5.817879834272156,5.887360431408441
45.0,2,0.12294911569799534,6.588807997056825,6.617087301833877
50.0,2,0.6697877375762292,7.173807356023275,7.532742976077501
55.0,2,0.7151465255509323,8.159469763408541,8.047735601902323
60.0,2,0.08306291951005786,8.749443882492415,8.95841651602849
0.0,2,0.0075309059718601775,-0.2,-0.1
5.0,2,0.0061556804647417045,0.5074816814416128,0.6051276811132029
10.0,2,0.05553632412583953,1.2582095833508682,1.2670091417587659
15.0,2,0.07420890121440196,1.8926616700838839,2.0451664175805604
20.0,2,0.01657789609749799,2.655700114525409,2.6947373356938376
25.0,2,0.02128904032281753,3.3644305205544205,3.3986162922196304
30.0,2,0.15710064325014392,3.9940470844702247,4.181609090858634
35.0,2,0.19383005080306287,4.818667782665243,4.76959775521844
40.0,2,0.03541671910099463,5.43609555553777,5.564779344900746
45.0,2,0.07145531017063392,6.131211267842508,6.282272995150822
50.0,2,0.4421101235822621,6.969352456247867,6.856741169300269
55.0,2,0.503554219610881,7.481269358870239,7.757433629232694
60.0,2,0.07282971433635707,8.32609418725418,8.325218163403596
0.0,2,0.009907346782883677,-0.2,-0.1
5.0,2,0.0014440302347042524,-1.2606814377363478,-1.178086237025835
10.0,2,0.03533523719842191,-2.298107288421885,-2.279428061102473
15.0,2,0.06192921068492942,-3.4292685698680936,-3.2870344544184245
20.0,2,0.023311724938742097,-4.441866418147126,-4.413204280901541
25.0,2,0.006048706293331573,-5.521843895622832,-5.471994478187982
30.0,2,0.10188561895888358,-6.647367584514878,-6.485238464058091
35.0,2,0.16448109708302336,-7.614255168293592,-7.657118555041567
40.0,2,0.053977275583045874,-8.77385066950907,-8.63629072858831
45.0,2,0.023369180142658014,-9.831997125461982,-9.716911947397577
50.0,2,0.292005556737285,-10.803341286541425,-10.884335461080314
55.0,2,0.434758356952541,-12.042393623827603,-11.78405079855635
60.0,2,0.12264421217639798,-12.969002979757992,-12.996209117388196
0.0,2,0.0010896073503985312,-0.2,-0.1
5.0,2,0.00617383605752774,0.6456049512869317,0.7327173472910095
10.0,2,0.027822531699528287,1.4500648867260084,1.6065797104298767
15.0,2,0.02664349554605812,2.3358992170912916,2.3990676786425356
20.0,2,0.001961280916683903,3.1457133553107326,3.2675758390010343
25.0,2,0.01945005755852464,3.9714144283650605,4.120197064524657
30.0,2,0.07711498396767338,4.869570813198963,4.900362978268699
35.0,2,0.06793318858267128,5.632599782461857,5.815656307583739
40.0,2,0.003151730370172506,6.5165604220339866,6.610017966589559
45.0,2,0.06040374655882296,7.382539509956006,7.422361177245511
50.0,2,0.21275044459821932,8.121712857729213,8.361510128050236
55.0,2,0.1720445510102419,9.084763544792407,9.076781739565037
60.0,2,0.004164112657860941,9.85613967440811,9.983727908527294
0.0,2,0.006386967455188969,-0.2,-0.1
5.0,2,2.564294910761068e-05,-0.8673285453398735,-0.7913651955618981
10.0,2,0.008948859600148412,-1.5340133217658034,-1.4833741600377321
15.0,2,0.024427378570440778,-2.248841540231095,-2.1272396824742117
20.0,2,0.015879341215552924,-2.8882643325622293,-2.846510631044854
25.0,2,1.3191758929078637e-06,-3.5852697388368013,-3.508198965672033
30.0,2,0.026772118282682035,-4.287918666931609,-4.164243778478984
35.0,2,0.06636287530702037,-4.907694364297377,-4.9031618220150035
40.0,2,0.03913092424278942,-5.6514480994385305,-5.518101827775616
45.0,2,0.0003079227936039419,-6.305301274316516,-6.222942393799437
50.0,2,0.07940227045946406,-6.942316233689407,-6.944621175328342
55.0,2,0.17948384896366734,-7.721427304651323,-7.524203845268216
60.0,2,0.09549042797138417,-8.297158905538764,-8.307165985282493
0.0,2,0.014284402914413968,-0.2,-0.1
5.0,2,0.004182830631625323,-0.4997952276007363,-0.4153070483412778
10.0,2,0.06546985346986868,-0.7620143746690579,-0.7681901772149671
15.0,2,0.10375568905709692,-1.1513045214428643,-0.9940023063831758
20.0,2,0.03294223197319765,-1.3876342734909863,-1.3727748302770684
25.0,2,0.015927207395137113,-1.703005575467563,-1.6725058042425245
30.0,2,0.1873880993133321,-2.089623486103773,-1.9009901695483395
35.0,2,0.27394354964555684,-2.261936260479216,-2.343779671114921
40.0,2,0.07449306905481703,-2.6821055170409602,-2.538712690495198
45.0,2,0.0575405428344063,-2.9849815357186227,-2.8509389477595595
50.0,2,0.5333097215710256,-3.1553318007765516,-3.2956909586436454
55.0,2,0.7196928518977952,-3.686134610016548,-3.3799904253456514
60.0,2,0.1645194911219781,-3.8163494267735167,-3.864877884530697
0.0,2,0.0012374431025621194,-0.2,-0.1
5.0,2,0.0055939484681145945,-1.363143930789758,-1.2519390053449515
10.0,2,0.026764207742107915,-2.486971904579045,-2.4431939676903673
15.0,2,0.0265726774916139,-3.690702857722171,-3.5545459506819412
20.0,2,0.0023093368056987733,-4.818394967044026,-4.741936777494753
25.0,2,0.017746619492478473,-5.96389286811183,-5.911521812561723
30.0,2,0.07433465044257685,-7.178831643826742,-7.011665972981494
35.0,2,0.06794451204946428,-8.260952325180062,-8.244628227762869
40.0,2,0.003926471787848793,-9.46421860529626,-9.356444883781375
45.0,2,0.05544780827701413,-10.646199383251806,-10.489547041960414
50.0,2,0.2054951939476213,-11.706331325828101,-11.744498035518841
55.0,2,0.17259382665133435,-12.986733998485503,-12.779178298996202
60.0,2,0.00574013166111098,-14.074808194922568,-14.006187038693893
0.0,2,0.04985533117551734,-0.2,-0.1
5.0,2,0.014252925636951607,-0.023353057167606977,0.10603358130803915
10.0,2,0.22632738550928247,0.08382390568659887,0.3815371425942633
15.0,2,0.3600101708046716,0.42729780342260426,0.42074376899867727
20.0,2,0.1150687648650326,0.48581140156220143,0.7449106949994996
25.0,2,0.05442501117116619,0.6921318884296487,0.921270732272465
30.0,2,0.6479670304421512,1.0303036769072544,0.9657794679352742
35.0,2,0.9507381096053747,0.9699108141060307,1.4088528548769137
40.0,2,0.2604609174973397,1.3713200163621106,1.3901241767612516
45.0,2,0.19702876607311406,1.5532593654242266,1.5908653518395364
50.0,2,1.8445909387131014,1.4897531944767928,2.037052046927373
55.0,2,2.498314366817078,2.0966972888406095,1.8127884767039617
60.0,2,0.57591368393733,1.9571829290853406,2.334983360599633
0.0,2,0.006824790512291099,-0.2,-0.1
5.0,2,0.12265096087118135,-0.604086905524252,-0.6265091177914033
10.0,2,0.20112372069682072,-1.1823358613487105,-0.978856185282595
15.0,2,0.06782772288935127,-1.547379459821281,-1.5444086101256618
20.0,2,0.026717495832318288,-2.0263928945282372,-1.995991198734323
25.0,2,0.35191781314990367,-2.598701828170778,-2.3542782884074276
30.0,2,0.5321077966922171,-2.8769441022301074,-3.0066320376637248
35.0,2,0.1547125398741543,-3.5010289297711448,-3.3131432334383577
40.0,2,0.09847977389697155,-3.955081075930932,-3.789687110594195
45.0,2,1.0039134026715648,-4.2343011573872955,-4.441063052453472
50.0,2,1.4008783301892955,-5.0086814617840805,-4.597278771372348
55.0,2,0.3452813124337925,-5.223494888331048,-5.313061368141024
60.0,2,0.3472856606943127,-5.688552052152318,-5.778600227635418
0.0,2,0.08653914868089636,-0.2,-0.1
5.0,2,0.10592541114137942,0.8444425642207097,1.119702434425173
10.0,2,0.018939691897002578,2.0420049454576628,2.186285051834108
15.0,2,0.03999352415047366,3.1828967996800097,3.30953819625765
20.0,2,0.2434138950386609,4.216914271745993,4.539665722837537
25.0,2,0.27503395502732775,5.492926379954247,5.527798613275174
30.0,2,0.038776020732994784,6.522984148883824,6.761885842991468
35.0,2,0.13074135314969756,7.631769435617546,7.917245554903627
40.0,2,0.6812608879824043,8.931704422773866,8.881455566393148
45.0,2,0.710087949210833,9.827878680837957,10.249426306974865
50.0,2,0.0753502778222837,11.11794248279838,11.223507503660263
55.0,2,0.41905705224821826,12.30274338472031,12.30285160038418
60.0,2,1.897489031717127,13.148460277634749,13.72127970611563
0.0,2,0.03400445060866338,-0.2,-0.1
5.0,2,0.05011527908095595,-0.006193281368842123,0.20928217134197546
10.0,2,0.013852883733302838,0.2936554232319862,0.4125223567142755
15.0,2,0.010216798728752727,0.5428494321453529,0.666417237774029
20.0,2,0.09683138323580168,0.7360921316751967,0.9762634282173015
25.0,2,0.13172778901848123,1.0829716326199952,1.1324728172456238
30.0,2,0.03067401790182416,1.2584196179781106,1.4601137218606257
35.0,2,0.03560864487561861,1.5080460308747465,1.7135761989371032
40.0,2,0.2742418844432711,1.8603367336373087,1.8643743861476538
45.0,2,0.34447263762353186,1.954818761203845,2.272981248554214
50.0,2,0.0660135642582375,2.3257014710666732,2.405187428664477
55.0,2,0.12025571402685425,2.58995234304154,2.644025446662709
60.0,2,0.7726519260126264,2.668144572476535,3.0689221072007733
0.0,2,0.047134443019586005,-0.2,-0.1
5.0,2,0.054367533438265815,0.3931757605061684,0.6205322390289397
10.0,2,0.00817958266298828,1.0957950562138286,1.2316209428563956
15.0,2,0.024393692060031145,1.7619466270844426,1.8791773715208973
20.0,2,0.13208604446535244,2.3453150865045895,2.6095169116358656
25.0,2,0.1405756300873544,3.1065904587318043,3.1619495389437904
30.0,2,0.01613544587707497,3.6924566592078967,3.889791338002825
35.0,2,0.07855996168780695,4.327636404186702,4.568319592559139
40.0,2,0.36834801437864967,5.109959757949903,5.099704238331091
45.0,2,0.36134787914054267,5.595971244897196,5.927400750918966
50.0,2,0.029772288669199905,6.362238516665895,6.474841478685419
55.0,2,0.248636969762903,7.06520841192084,7.0855795829656465
60.0,2,1.0223418725353173,7.50855232017414,7.955943674247511
0.0,2,0.0031043687345207547,-0.2,-0.1
5.0,2,0.08655120696701772,-0.033554886606898426,0.16541537827882072
10.0,2,0.15547151608255766,0.27974320356226495,0.2839777797815759
15.0,2,0.060808633553827054,0.40503751598706733,0.5905439590286969
20.0,2,0.013414426659198652,0.6394619134670322,0.7879800532206558
25.0,2,0.2500256280072794,0.94248597733412,0.9168164810255086
30.0,2,0.41350377818900147,0.9967619649809643,1.2944009850506006
35.0,2,0.14150754693581333,1.3568313295840104,1.3661921121194935
40.0,2,0.052913428649356636,1.5520934526148005,1.602790480760634
45.0,2,0.717835092510303,1.6156732030805436,1.9710712219668256
50.0,2,1.0945483220187628,2.099378865292513,1.9192260514267945
55.0,2,0.32343686884382294,2.08692468874008,2.3635407196511777
60.0,2,0.19609292976785223,2.3206586515388024,2.561667248524406
0.0,2,0.021009621274144234,-0.2,-0.1
5.0,2,0.007441006570084449,0.16528620721263804,0.19989064444985177
10.0,2,0.0024527513100322923,0.49267937669794076,0.5376743266270362
15.0,2,0.03578946026569066,0.7915096360421935,0.9040209189452688
20.0,2,0.055679321857146115,1.1842227415877364,1.1764846650622016
25.0,2,0.017088529772570943,1.4649536862717876,1.5609305720406381
30.0,2,0.009214295849110592,1.8024539557677632,1.888607154207137
35.0,2,0.10230177987271066,2.193850701516156,2.1623872601212155
40.0,2,0.14684379609161002,2.4270130514952974,2.594401761804557
45.0,2,0.038450208988948194,2.841525352787529,2.8450663121748296
50.0,2,0.03295915187571378,3.1720574141308893,3.1797111024939335
55.0,2,0.2907870074490011,3.4027102796555906,3.6142350886317174
60.0,2,0.385334851464159,3.8993475011163605,3.7827747188334246
0.0,2,0.04184065641914765,-0.2,-0.1
5.0,2,0.17523260069529167,-0.056660886223332756,0.21959476169148198
10.0,2,0.16015448473903823,0.2906019981872148,0.3352657527490843
15.0,2,0.009250600795583222,0.45187117849826774,0.6369304479061797
20.0,2,0.13072559742774303,0.6458077299606927,0.9059277719119107
25.0,2,0.4844211775064453,1.0268367561343623,0.9878326212063904
30.0,2,0.4068242435083599,1.069671437928582,1.4079318148803193
35.0,2,0.013520630541163297,1.407785068929439,1.5327520593476216
40.0,2,0.40305080346264377,1.7125909407743085,1.690880062970918
45.0,2,1.33302643470993,1.6909941956397803,2.175410683573605
50.0,2,1.0261862532030719,2.2290026930447975,2.1003360616367095
55.0,2,0.014774097604758755,2.3000190041066193,2.4922536260430452
60.0,2,1.2282312503116046,2.3919444708385753,2.8632620347792117
0.0,2,0.008163222963649013,-0.2,-0.1
5.0,2,0.037403854812185056,0.835648935120237,0.8553919426268517
10.0,2,0.03618591317952165,1.7769163636496788,1.9051653918444833
15.0,2,0.0027963568233430264,2.8068172595716603,2.866305373669569
20.0,2,0.025766807357419774,3.8175602700901483,3.8466032408981774
25.0,2,0.10373123902679418,4.744831643388591,4.910372745346803
30.0,2,0.0923378013746132,5.828874030777973,5.817371235704524
35.0,2,0.004571507894072135,6.771858658444601,6.865427485784987
40.0,2,0.0801543274425091,7.736902445878524,7.891424576098173
45.0,2,0.28634394389045076,8.848137592731241,8.771230306992539
50.0,2,0.23405171534156863,9.69956380224965,9.910844975221176
55.0,2,0.006234134247745432,10.774668465880655,10.826781189337309
60.0,2,0.24618546395639654,11.829191912274293,11.763298620690733
0.0,2,0.06583707413329129,-0.2,-0.1
5.0,2,0.09559433053556746,0.7826923298061198,1.042716446393195
10.0,2,0.02563496626708063,1.9117647083060743,2.03905284409255
15.0,2,0.020584824236072812,2.972116536818475,3.104109791779476
20.0,2,0.1872856007785609,3.953328397418597,4.24830670737867
25.0,2,0.25103337362541733,5.148091676338552,5.178952204658014
30.0,2,0.0564891625551449,6.106327147399067,6.346125509796807
35.0,2,0.07128471077060447,7.164885417862148,7.412976015533032
40.0,2,0.5299006392862996,8.368294822318179,8.334975387276344
45.0,2,0.655821510865286,9.213525575557284,9.615153410236587
50.0,2,0.12083924863812692,10.439917755609173,10.514170006384125
55.0,2,0.23951277191590586,11.522673007683215,11.556823530509215
60.0,2,1.4915330751471323,12.343450173682049,12.861455140709605
0.0,2,0.02542003997001463,-0.2,-0.1
5.0,2,0.08108823716269882,-1.3576337390038749,-1.3832715094283536
10.0,2,0.06060441251850811,-2.6531725613580073,-2.5286379355064392
15.0,2,0.0005843258853456204,-3.8353915728482963,-3.787324172448364
20.0,2,0.07718551309644857,-5.019972673563503,-5.043648320165394
25.0,2,0.22179658224717766,-6.346318166264308,-6.15820807589684
30.0,2,0.15131644793882043,-7.44515592029487,-7.500275570298511
35.0,2,0.00012623673734255708,-8.722209566019643,-8.664127173005925
40.0,2,0.23201999915025648,-10.009193730220666,-9.818048257237148
45.0,2,0.6039512622268434,-11.051621254210112,-11.216525981679922
50.0,2,0.374622984810833,-12.468537492742882,-12.240514991579394
55.0,2,0.0008237144907774459,-13.606489974755851,-13.543467757998679
60.0,2,0.6911374560555228,-14.70531355764559,-14.885549423541146
0.0,2,0.011675280364392571,-0.2,-0.1
5.0,2,0.036332363653081116,0.41633919584074,0.4929881848248693
10.0,2,0.19409343110819458,0.9317418467361857,1.1869129145950388
15.0,2,0.20507468666889495,1.6627530861437083,1.6652290558531342
20.0,2,0.02291419357494225,2.1819663053126357,2.3553432173498248
25.0,2,0.11681218133365004,2.7597028572346174,2.986934046093481
30.0,2,0.5410348013689897,3.516723826336608,3.4392404576571054
35.0,2,0.5268556382903369,3.914714502388145,4.250577162271213
40.0,2,0.041973354092874005,4.651002190719946,4.723616854605081
45.0,2,0.36917408335956764,5.312619510902678,5.27132691508795
50.0,2,1.5009984282953452,5.658093297610938,6.135180509045346
55.0,2,1.345100718413727,6.600038038859749,6.402563148462195
60.0,2,0.06934132611402875,7.003443273934758,7.208485294052799
0.0,2,0.001433882713454108,-0.2,-0.1
5.0,2,0.00228176320237099,0.4499822646950309,0.5257611848890148
10.0,2,0.0007298540164135821,1.0772779891485553,1.174208910019545
15.0,2,0.0003443584752293269,1.7163459847720226,1.8108843639801344
20.0,2,0.004105275341745738,2.3659032601977286,2.4370705381384803
25.0,2,0.006025977560320329,2.983735636386957,3.094981611533309
30.0,2,0.0016522204263044733,3.6383339274890427,3.7161267700152534
35.0,2,0.0012469315680996966,4.27545108503345,4.354753062054922
40.0,2,0.011686963735906343,4.893040416366841,5.01290718030558
45.0,2,0.015835247030797188,5.563996881044732,5.617694165211734
50.0,2,0.003653757866035334,6.175523999180695,6.281910496659808
55.0,2,0.004338271321679472,6.812629328733421,6.920548616691075
60.0,2,0.03309051636117665,7.485541524103649,7.52337987090488
0.0,2,0.00801869599896557,-0.2,-0.1
5.0,2,0.016600633598346206,-1.213140769349058,-1.1020261045750155
10.0,2,0.10175807565007997,-2.157390227010652,-2.1729435208375025
15.0,2,0.11537669411894459,-3.2581232255561763,-3.0873773962160453
20.0,2,0.016448621684879,-4.199532268106361,-4.161135227589945
25.0,2,0.054319290067517415,-5.192292935179899,-5.183541434440515
30.0,2,0.28485855114098624,-6.308316345940436,-6.082684897604026
35.0,2,0.29795653755044665,-7.163224769952305,-7.242943347516298
40.0,2,0.03204707202682543,-8.27332043449219,-8.14801455690051
45.0,2,0.1742429239105564,-9.314619740069885,-9.121882125246916
50.0,2,0.7935694043854972,-10.137188789688826,-10.314479949552165
55.0,2,0.7648976649154655,-11.394438819272928,-11.072396793892166
60.0,2,0.05808720334405214,-12.24425299414573,-12.237749492943443
0.0,2,0.012887382119039581,-0.2,-0.1
5.0,2,0.0036434884298880287,-1.0453908087346917,-0.9604270923464827
10.0,2,0.05824656555020917,-1.8556322900544089,-1.856003512107935
15.0,2,0.09280949097491328,-2.7857558521269867,-2.631697851116537
20.0,2,0.029755960498536627,-3.5711862159504926,-3.5520853883742016
25.0,2,0.013931106028377226,-4.431798254039322,-4.397291251366585
30.0,2,0.16677829733922825,-5.35915354099289,-5.175753865494165
35.0,2,0.2451226118287285,-6.084290619066748,-6.156434688501461
40.0,2,0.06738347362746143,-7.043927701372931,-6.902615507276411
45.0,2,0.050481923163760885,-7.891900842559344,-7.760460267171115
50.0,2,0.47482934323780335,-8.615584551612246,-8.742594459199376
55.0,2,0.6441927562447113,-9.67945100582816,-9.384545906064647
60.0,2,0.1490748068591162,-10.36424980746167,-10.405565005512335
0.0,2,0.01945498950445558,-0.2,-0.1
5.0,2,0.05146305667628427,-0.9401441463576656,-0.736528721491697
10.0,2,0.032440902949297655,-1.5709265731389845,-1.482419162559741
15.0,2,3.705324760430282e-05,-2.2838740630193253,-2.1461445405287525
20.0,2,0.05803645442550271,-3.007140822677403,-2.799550648720013
25.0,2,0.13961103832690022,-3.6085663139162927,-3.5747980253304834
30.0,2,0.07970132138350716,-4.389669476609344,-4.17036773048678
35.0,2,0.0010719784515778779,-5.042710938236413,-4.893999136709103
40.0,2,0.17167744235601168,-5.667820592173114,-5.645562350621785
45.0,2,0.3770453538573783,-6.501591914192309,-6.18846389645197
50.0,2,0.19384082966755453,-7.0408258642779264,-7.025902814215738
55.0,2,0.008334493115418168,-7.778515542892368,-7.664886003450701
60.0,2,0.5039242545978674,-8.58015447811447,-8.239919936077976
0.0,2,0.08379895819407193,-0.2,-0.1
5.0,2,0.07744588253087376,1.5460721168199993,1.8066621480620906
10.0,2,0.0047551877279839155,3.4215476557686695,3.5839208739954924
15.0,2,0.06157353310762445,5.27325498910441,5.38494780554184
20.0,2,0.23180087183280262,6.996441499095029,7.314495560433266
25.0,2,0.19690510007724712,8.95365123637261,9.010020088037658
30.0,2,0.007129155312579322,10.705323253327046,10.911082335965332
35.0,2,0.19016004511168869,12.481961105274793,12.78717874889969
40.0,2,0.6382561024989926,14.482981174651973,14.4388929444045
45.0,2,0.49715969452241054,16.0966499025312,16.477958481407377
50.0,2,0.008219206245597188,18.035553837169246,18.19178881165129
55.0,2,0.5803406171223789,19.95683464935552,19.923242264346808
60.0,2,1.7494597014366176,21.48841287785355,22.044398300730723
0.0,2,3.1468939484491116e-05,-0.2,-0.1
5.0,2,0.013484428072871207,-1.377473800500216,-1.3087315269934543
10.0,2,0.036509816441701946,-2.6140208066207933,-2.45838984836653
15.0,2,0.02354762028515332,-3.7583998873397992,-3.7002160951411893
20.0,2,5.580358298367454e-06,-4.972869912371432,-4.871951397603204
25.0,2,0.04031099698631461,-6.194700665097422,-6.036325972370911
30.0,2,0.09915106754084343,-7.314878188565878,-7.302353776396087
35.0,2,0.05798294317932917,-8.586565744507524,-8.416871547948112
40.0,2,0.0005303380868275475,-9.748871446324868,-9.64077117362447
45.0,2,0.11947524449605175,-10.889834745465112,-10.886013201977837
50.0,2,0.2680627757695101,-12.205040566324966,-11.95701270861173
55.0,2,0.14137388046429578,-13.271748603843047,-13.27650999858723
60.0,2,0.004820507282222323,-14.508206432112287,-14.426257497811685
0.0,2,0.067665860409311,-0.2,-0.1
5.0,2,0.004186531963456106,-0.3203930918678271,-0.16511906152151065
10.0,2,0.19049802628592732,-0.48402449100946043,-0.18699981576920963
15.0,2,0.36969710082264956,-0.4290676558682249,-0.4274688042997709
20.0,2,0.1618844368260756,-0.6647124585906816,-0.37733615496663814
25.0,2,0.020627961663186596,-0.7208793975858689,-0.5066813693607727
30.0,2,0.5535994004263793,-0.6881004055763468,-0.7249725147596179
35.0,2,0.9874939477097522,-1.026614259357046,-0.5719708143682494
40.0,2,0.38209640021676883,-0.8914179517725725,-0.8926792753420596
45.0,2,0.08831544312491767,-1.0295646727130552,-0.9400447077909148
50.0,2,1.5983681129183722,-1.3431424165439296,-0.8119791173493662
55.0,2,2.6253729329807567,-1.0279592432730638,-1.3126744440095546
60.0,2,0.8879324444911105,-1.4831219609639583,-1.0430238797079578
0.0,2,0.02491921651495046,-0.2,-0.1
5.0,2,0.006990343696275969,-2.358728781275475,-2.327025818782475
10.0,2,0.004942706101838677,-4.553487535962907,-4.518021664153028
15.0,2,0.047819602152356006,-6.787232965823841,-6.670030834350069
20.0,2,0.06553025559170451,-8.912982396567658,-8.930036003664208
25.0,2,0.015514381765848566,-11.159676960336895,-11.069096039952921
30.0,2,0.017283434463720864,-13.353531444521328,-13.26099615582647
35.0,2,0.1354988702276912,-15.475759133817414,-15.524523066588378
40.0,2,0.17144575514674606,-17.779250816143904,-17.606785984319842
45.0,2,0.03348477358590997,-19.887692702125403,-19.884098698396322
50.0,2,0.05852041703923434,-22.072237246011696,-22.08530875456803
55.0,2,0.3819352997444264,-24.386725468294664,-24.156575132343033
60.0,2,0.4461719884833125,-26.39773911711496,-26.53131608358067
0.0,2,0.0012792643283929225,-0.2,-0.1
5.0,2,0.0035866985560230004,0.29073089551418857,0.3975536973476827
10.0,2,0.019812153651017985,0.8132486381551177,0.8633205475686276
15.0,2,0.021309844012766192,1.2668405430120313,1.3980132355735824
20.0,2,0.0025417223452008247,1.7887572037439095,1.8643811677035724
25.0,2,0.011579864348117565,2.2909879929701202,2.3504349713392254
30.0,2,0.05528495113945921,2.736659915723312,2.8930476414478883
35.0,2,0.05481987440569,3.2971661585192074,3.3208259915138436
40.0,2,0.004737863191778289,3.748462227218073,3.857814515676824
45.0,2,0.03672742796410356,4.225236301603248,4.369325034153529
50.0,2,0.1535367064644996,4.801895359479799,4.780950569138815
55.0,2,0.14015689094880796,5.187678783267217,5.383451738213261
60.0,2,0.00804123072089874,5.747447411716939,5.811967702625442
0.0,2,0.012147843763617779,-0.2,-0.1
5.0,2,0.10775377533456346,-0.8781467142087015,-0.6541269846255775
10.0,2,0.14307731119824796,-1.3943673505652225,-1.370180047103332
15.0,2,0.03148974451933699,-2.0890933368139897,-1.9077277596888478
20.0,2,0.04190234127263175,-2.709083510069187,-2.52001128526792
25.0,2,0.30468589948738567,-3.218209051116156,-3.243159443055248
30.0,2,0.3735548081588715,-3.998843673392568,-3.694798519613118
35.0,2,0.06709419685504914,-4.491913285883317,-4.434002605956635
40.0,2,0.14034772795079947,-5.091701169444719,-5.0664884212294785
45.0,2,0.8570979741726202,-5.891746024837932,-5.498717264670524
50.0,2,0.9700407460820138,-6.237668760012518,-6.3850682283302405
55.0,2,0.13749108645764574,-7.045531160204092,-6.80947952697292
60.0,2,0.4590095753307123,-7.705042582901034,-7.382241803110252
0.0,2,0.07341927390931778,-0.2,-0.1
5.0,2,0.05135757201273277,-0.23553374499854351,0.005203698334939667
10.0,2,0.00011933881551656204,-0.1671046453883226,0.0064445520611181705
15.0,2,0.07490560901854768,-0.09510913409351336,0.004118994102708431
20.0,2,0.2001628371850763,-0.16225090635218975,0.1409307196977834
25.0,2,0.1274495840234499,-0.013657095045932497,0.06200686172792569
30.0,2,8.419847806183804e-05,-0.028011979703642078,0.1460316997220321
35.0,2,0.22365788594490688,-0.061356351091476385,0.24904602444626558
40.0,2,0.5432631260068459,0.1445968650799867,0.11276276161120283
45.0,2,0.3134313508362997,-0.003979389683077974,0.33100896971066246
50.0,2,0.0035900921034005898,0.10155665168045983,0.2951428816835189
55.0,2,0.6621592317631984,0.2599442615813973,0.2064252251189793
60.0,2,1.4678695981396237,0.008360212391861186,0.5276792276449099
0.0,2,0.0248665828835703,-0.2,-0.1
5.0,2,0.054402800952677216,-0.1430718254803764,-0.0644413457775254
10.0,2,0.32696151274218455,-0.21067961246765493,0.09565326995185196
15.0,2,0.3671483354778453,0.0021204213011892007,-0.02465993507489434
20.0,2,0.0507326997348888,-0.06918091045712621,0.13912822542551842
25.0,2,0.17755259233964635,-0.05067456484122821,0.21310870855171443
30.0,2,0.9147451984204689,0.19041820801581325,0.06450276443676417
35.0,2,0.9474843562492569,-0.03625489597305741,0.3836626971677225
40.0,2,0.09811512631501813,0.19194426495291644,0.24795036498383788
45.0,2,0.5683085527661861,0.30050204160323424,0.23187941707560725
50.0,2,2.5468636246825422,0.014440337652680714,0.6104279497682403
55.0,2,2.4305303755300796,0.5068547579330405,0.21050035822996596
60.0,2,0.17593919074160652,0.27330070083070757,0.5365412440743832
0.0,2,0.0038590715743389327,-0.2,-0.1
5.0,2,0.008451863324516692,0.3542272297156628,0.49780068885718964
10.0,2,0.004330508082465504,0.952549080311069,1.051506756834632
15.0,2,0.0001916666752020731,1.5212144716003972,1.6348692841181567
20.0,2,0.011324894280174457,2.0802206941254746,2.2278909801659332
25.0,2,0.022719652373026762,2.6926009971818465,2.767538595682412
30.0,2,0.010409850988911822,3.232869425478347,3.3792980859588075
35.0,2,0.0010230157723123807,3.818789110661497,3.9454063193484785
40.0,2,0.03299751312620747,4.425015875092964,4.49120747348984
45.0,2,0.06079464653892962,4.940470680950334,5.127780586205333
50.0,2,0.02470440277034214,5.573582388123679,5.646696797604811
55.0,2,0.004585463002891577,6.136944751014009,6.235362353287368
60.0,2,0.09550643385811663,6.659677196212611,6.864657826661635
0.0,2,0.08385398398658492,-0.2,-0.1
5.0,2,0.18925189070896695,-0.6843668759718485,-0.3794172273908177
10.0,2,0.10050382776337463,-0.9599023893553,-0.8676658173700232
15.0,2,0.0032036910173002114,-1.3786237059115725,-1.212728604176404
20.0,2,0.24669879632175645,-1.8387626359894518,-1.5163737774611836
25.0,2,0.5095051290247556,-2.0494663837528675,-2.0694541330604466
30.0,2,0.24255091452199565,-2.6019537252990497,-2.2807508948769395
35.0,2,0.018685090109649086,-2.933527893426533,-2.712960830112118
40.0,2,0.7204899981681915,-3.1760477505244467,-3.2342250763768745
45.0,2,1.3654623382327074,-3.843235724473868,-3.3308212057901194
50.0,2,0.5782025951591065,-3.952336398323733,-3.9855046353029038
55.0,2,0.08783769497723054,-4.399851083674455,-4.301774053314866
60.0,2,2.0899086664273185,-5.028102799168265,-4.437306441183698
0.0,2,0.07090403452363575,-0.2,-0.1
5.0,2,0.012720169247274518,-0.40765159814789326,-0.2642368293133854
10.0,2,0.27091139360243155,-0.6831544523770091,-0.36062240254554856
15.0,2,0.4615143213941003,-0.6994156736860723,-0.716249608697757
20.0,2,0.16596200826225316,-1.0390471143049218,-0.7485065955401755
25.0,2,0.05163273506444117,-1.1995134259849147,-0.9599287113214469
30.0,2,0.7794948835891893,-1.2284631828029586,-1.3028673819646823
35.0,2,1.22375438153676,-1.695712066813338,-1.207506925415575
40.0,2,0.38192959018571826,-1.6378120842301842,-1.6372953354600277
45.0,2,0.1952347753394107,-1.8486677729173844,-1.7983280742341239
50.0,2,2.229573228104221,-2.308266461082389,-1.7106178135303995
55.0,2,3.229206352622089,-2.0289096902095345,-2.3618630118645525
60.0,2,0.8614978818036972,-2.6002509101406464,-2.1624102193947135
0.0,2,0.031022854097252688,-0.2,-0.1
5.0,2,0.14943198631883195,0.0986435156634645,0.03948865829546107
10.0,2,0.1489510692433316,0.20846073779147847,0.36780361012636953
15.0,2,0.01316954071600177,0.4983365564586044,0.5160599654181606
20.0,2,0.09849749270632505,0.745557440987198,0.7069712548484862
25.0,2,0.415125558742821,0.8291212942169162,1.0615395755776813
30.0,2,0.38097445412397635,1.2265951826652917,1.1021978610882157
35.0,2,0.02251514548225774,1.3371512429041634,1.4297739748082527
40.0,2,0.3079588962710367,1.49895724156029,1.7061001501110298
45.0,2,1.147854754663795,1.9480197483094581,1.6951698173207623
50.0,2,0.968074396130681,1.8764242819352104,2.2048974576539213
55.0,2,0.033227490626495694,2.2604147963833205,2.259039117164723
60.0,2,0.9500781259379433,2.591548174940382,2.3660379125665663
0.0,2,0.03104417808317241,-0.2,-0.1
5.0,2,0.07994547077084585,-1.4893589957635498,-1.5191667969503635
10.0,2,0.049051138479749,-2.9149295405026647,-2.8021220449251705
15.0,2,0.00015276754923760873,-4.239619110077177,-4.18595826806457
20.0,2,0.09238485840443567,-5.549149202081156,-5.584953968774529
25.0,2,0.21660920696999997,-7.012216276087416,-6.83041268748214
30.0,2,0.120184161721786,-8.251632470619352,-8.299522285664098
35.0,2,0.002367738788793313,-9.64804125863586,-9.611639290361513
40.0,2,0.2726791587799292,-11.083034015272151,-10.885172326439157
45.0,2,0.5842611206990475,-12.255350324722762,-12.421381809702417
50.0,2,0.2914198449477564,-13.794055366538972,-13.591202560600127
55.0,2,0.01604606062844025,-15.089888598691424,-15.00389512116151
60.0,2,0.7987600572595889,-16.2998441787457,-16.502465333821114
0.0,2,0.05685189073938075,-0.2,-0.1
5.0,2,0.12408334904135102,-0.12899650060976883,0.1380761469764897
10.0,2,0.06331068077328034,0.11094355049521877,0.2072157422382224
15.0,2,0.0029033975258181454,0.2375197111975601,0.3897192279025984
20.0,2,0.16679059676061467,0.32668281315888803,0.6096357723079866
25.0,2,0.3334926163485929,0.6206482884627733,0.6247499433708167
30.0,2,0.15211760223292642,0.6383614274866252,0.916116450713687
35.0,2,0.015358471005567548,0.8305325215017008,1.0330250030653447
40.0,2,0.48585055958114637,1.1011734955728392,1.071463675360942
45.0,2,0.8922207885899548,1.0235554252524488,1.4581613920480643
50.0,2,0.3608095614609245,1.3966264084091133,1.394170055258156
55.0,2,0.06849787859503027,1.5032310015933499,1.5966451084406899
60.0,2,1.405871474407281,1.4530753609900355,1.9558803954107766
0.0,2,0.039872250895087724,-0.2,-0.1
5.0,2,0.03375693326835652,1.0085567516516023,1.2170017508340487
10.0,2,0.001192492804170299,2.302203064931416,2.448913940039877
15.0,2,0.03284551456308632,3.585728945970565,3.690946561486342
20.0,2,0.10976736770979117,4.776023401995844,5.026210607946705
25.0,2,0.08520783390185448,6.126938619822003,6.200853892606184
30.0,2,0.001354315285239585,7.343231987891367,7.5101190270224425
35.0,2,0.10019600206231816,8.566450524212378,8.812458993187118
40.0,2,0.3008192422870957,9.951560299486038,9.95290772039912
45.0,2,0.2134690045638969,11.071433698683416,11.35859282368736
50.0,2,0.0007477577424491743,12.403420632958184,12.552164391898266
55.0,2,0.30244663490692225,13.740107579424272,13.741035947917885
60.0,2,0.8206989813525045,14.796994891519635,15.209707138308175
0.0,2,0.018778819838953683,-0.2,-0.1
5.0,2,0.004899846896742233,2.0082828627772535,2.166841130367674
10.0,2,0.004240306903396016,4.246535174811152,4.403712811478731
15.0,2,0.037244907090143095,6.5205990183662825,6.604772961068528
20.0,2,0.04927249482007095,8.69947631649205,8.901019656087673
25.0,2,0.010749524332424328,10.983092743237302,11.092527222487341
30.0,2,0.014604270323932562,13.22308269224331,13.327661266626237
35.0,2,0.10528858951469808,15.397665493357385,15.628202458657174
40.0,2,0.12861209103764212,17.731833452458567,17.769158492700914
45.0,2,0.02286731775960267,19.897292517936346,20.078823420368
50.0,2,0.0488564131423019,22.124981121312327,22.326258810136906
55.0,2,0.2961132069404429,24.470758416991284,24.455605507602943
60.0,2,0.33389233290908993,26.549646072752196,26.851841844987096
0.0,2,0.01671258614891488,-0.2,-0.1
5.0,2,0.010208829425239194,-2.2428953638611944,-2.0777521843137827
10.0,2,3.6069418767936055e-05,-4.239779446446095,-4.101515649903857
15.0,2,0.019389249036802843,-6.229561617809558,-6.13238102671538
20.0,2,0.04527294563765782,-8.289668493103985,-8.092921699595959
25.0,2,0.025002307529029082,-10.247539711147567,-10.15569802972729
30.0,2,0.000521269950927535,-12.276996358295962,-12.14688893075376
35.0,2,0.05720817035243905,-14.324374455611679,-14.120158381613003
40.0,2,0.1220900807501588,-16.251458156028793,-16.213722229370845
45.0,2,0.060594830824575036,-18.346008824739624,-18.13981910883517
50.0,2,0.0034662390022915054,-20.329846443668295,-20.176629038081494
55.0,2,0.167525141121267,-22.273960539306866,-22.253162490617786
60.0,2,0.3277577605289724,-24.423131754483723,-24.12463882361586
0.0,2,0.02032622260784741,-0.2,-0.1
5.0,2,4.380520787975761e-05,-0.08891332821381331,-0.03111024001185565
10.0,2,0.029784681897191145,0.024545719201215243,0.03540714434744633
15.0,2,0.07939513552639281,0.050278602235851184,0.18965069308713908
20.0,2,0.05043082788800001,0.21187403921046638,0.20803168788684706
25.0,2,3.8567998688537086e-05,0.2709818019910099,0.32890035688062486
30.0,2,0.08891308197845647,0.3179223072241113,0.46193628342184373
35.0,2,0.2154624722200509,0.5157248364614734,0.44411018595880286
40.0,2,0.12399269470159723,0.490270047207513,0.6495414069870867
45.0,2,0.0014780641842389072,0.6246193655866842,0.6951685203822318
50.0,2,0.2631813036297296,0.7925954620454171,0.7071688556978226
55.0,2,0.5821027659083297,0.7021344698799886,0.9776062796375764
60.0,2,0.3018142752118172,0.9777145779816854,0.8820026033101941
0.0,2,6.057969417285385e-05,-0.2,-0.1
5.0,2,0.022045826229812864,-0.7467867205095421,-0.6865812967940911
10.0,2,0.06007391828287776,-1.369131089511303,-1.1976049450959678
15.0,2,0.03898687491993335,-1.8732289700499622,-1.8268750818609518
20.0,2,4.250128544460003e-06,-2.4675452068575856,-2.365926862356978
25.0,2,0.06594358485361176,-3.070837040684729,-2.8960030458334822
30.0,2,0.16319252701389117,-3.5440746567858072,-3.5561334470360375
35.0,2,0.09605841733909122,-4.211719919262338,-4.021856201863182
40.0,2,0.0007810303339113911,-4.738525084788645,-4.628419053640521
45.0,2,0.19555093165171564,-5.238718664691882,-5.261593491040913
50.0,2,0.44133292408220626,-5.961891108704978,-5.671789064331464
55.0,2,0.23436722180928313,-6.366160635822839,-6.400887554517236
60.0,2,0.0074727705326676636,-6.989083632345254,-6.911332575298505
0.0,2,0.009300819544167244,-0.2,-0.1
5.0,2,0.010219927868876804,0.43126659470257184,0.4753954248012157
10.0,2,0.0013136045162069924,1.015175171381955,1.0981488676256212
15.0,2,0.005244146830310389,1.6133905747941182,1.706595483717249
20.0,2,0.025986842037061315,2.249760559233575,2.2768875187815847
25.0,2,0.026332419793400806,2.8073450101316952,2.92596508738726
30.0,2,0.002495914220049305,3.4406901283977485,3.4992819886250075
35.0,2,0.01670656488313671,4.055235109539748,4.091399026986827
40.0,2,0.0722607344082158,4.602270881238621,4.751025274791767
45.0,2,0.06743615775895001,5.2803428367438885,5.279615338790309
50.0,2,0.0043603210925139075,5.837610442251782,5.92900975278624
55.0,2,0.05238657622623182,6.4179112086442975,6.555371005897543
60.0,2,0.1999929375649032,7.1168553361499765,7.063088897895658
0.0,2,0.08716801125591754,-0.2,-0.1
5.0,2,0.06484321375564349,-1.365818997706346,-1.1102878632294602
10.0,2,0.0005815342418842959,-2.414450047366447,-2.237763674505168
15.0,2,0.08339495897965402,-3.465073935426222,-3.363246647381207
20.0,2,0.23837004997157302,-4.66301365576353,-4.341413787979685
25.0,2,0.16183102149906706,-5.625129414116479,-5.55540489056256
30.0,2,0.0001018126708759984,-6.771501121742219,-6.5851400438726335
35.0,2,0.2505605165894073,-7.9289174814464545,-7.603830545104253
40.0,2,0.6489282601748146,-8.83225750323078,-8.876597384255701
45.0,2,0.4004682934484736,-10.123729500213305,-9.761232248208831
50.0,2,0.0010442926877661319,-11.126857974445356,-10.934210634912468
55.0,2,0.7460272146045988,-12.08819162069582,-12.148983849597686
60.0,2,1.7587135435820946,-13.485942780533685,-12.927339550695544
0.0,2,0.027345859318063315,-0.2,-0.1
5.0,2,0.010667784434202078,0.919126206375205,0.943140284850884
10.0,2,0.002380222237342363,1.9925523492920512,2.0319806331601162
15.0,2,0.04404608376392274,3.0371056727548953,3.149693800923374
20.0,2,0.07272412251609088,4.186056920653019,4.163009044251368
25.0,2,0.02481657928567592,5.206773988170953,5.30455846795957
30.0,2,0.009374737199352933,6.29649286229676,6.3771060850598404
35.0,2,0.12644295126012708,7.441606742104935,7.3942586964777695
40.0,2,0.1924824734391166,8.41040668203209,8.587725247776733
45.0,2,0.05669946216930127,9.587260227917797,9.573138193117162
50.0,2,0.03470492885586382,10.66106446740917,10.661600444851986
55.0,2,0.3608741510418329,11.630896191407512,11.854035212079754
60.0,2,0.5069598941359761,12.897678792107957,12.749519102605488
0.0,2,0.029270171623369506,-0.2,-0.1
5.0,2,0.09931809796582464,-1.4673377236578682,-1.50486518873694
10.0,2,0.07803064483674711,-2.8875123940099323,-2.7568934307796975
15.0,2,0.001418363046888396,-4.1787831643806035,-4.137825572803835
20.0,2,0.08942669158262878,-5.47791965214693,-5.510891997432318
25.0,2,0.272351253168453,-6.930116132977184,-6.730898428996872
30.0,2,0.1956961923730413,-8.129852264778428,-8.20336520959044
35.0,2,0.0009229132024849108,-9.532811389822866,-9.472608996940796
40.0,2,0.27031060493716574,-10.938143485944417,-10.739479813214075
45.0,2,0.7434891101562086,-12.078776277610633,-12.27104993394264
50.0,2,0.4868571820018031,-13.63549641633345,-13.386532707614641
55.0,2,5.335685274914817e-06,-14.873247577061692,-14.820984459281132
60.0,2,0.8092489968075063,-16.081802160074286,-16.28463278866341
0.0,2,0.05553200987121019,-0.2,-0.1
5.0,2,0.04891020404578486,1.7273714367972142,1.956576483088213
10.0,2,0.002266276224903597,3.757354074380839,3.9105417653900263
15.0,2,0.04350924343888075,5.7720945070090295,5.879749252647252
20.0,2,0.15320408942509312,7.679215422099277,7.956576257442412
25.0,2,0.12386573633342622,9.776316161131021,9.843423438296153
30.0,2,0.0029923323207898074,11.710781429348982,11.892906089963589
35.0,2,0.13343451726767222,13.658832082301476,13.928803356896472
40.0,2,0.4207427317322233,15.794197927441486,15.777385431641969
45.0,2,0.3114262020917044,17.615518371866855,17.94001290710211
50.0,2,0.002577739512662885,19.69359349699798,19.84588570185635
55.0,2,0.4046994944450911,21.768353894788454,21.75507322395144
60.0,2,1.1502770553824904,23.518685474161362,23.988689564463805
0.0,2,0.0076493822836786705,-0.2,-0.1
5.0,2,0.023794421282555454,-0.5042631795589176,-0.4726305486612971
10.0,2,0.017411009421510942,-0.8831855695898303,-0.7706018868505983
15.0,2,0.00011816171704656535,-1.2014344933801413,-1.1292466912805035
20.0,2,0.023169347344151197,-1.519892214580848,-1.4876826983000087
25.0,2,0.0650147424427849,-1.915925104418587,-1.7685435366824838
30.0,2,0.04338795360888893,-2.188854616557943,-2.1725077527633414
35.0,2,5.892527870848633e-06,-2.5571025249877577,-2.4811535725537217
40.0,2,0.06949245770104784,-2.932486776115712,-2.7826630496459894
45.0,2,0.17684801744175066,-3.174180610070483,-3.217862943911427
50.0,2,0.1071918558270065,-3.6184014123326187,-3.4505358698695114
55.0,2,0.00046450008737684736,-3.9135946381559483,-3.8322363722663977
60.0,2,0.20658485207791288,-4.184715273701436,-4.238009464941121
0.0,2,0.016819868973794717,-0.2,-0.1
5.0,2,0.0003367344792888361,-1.0476021198951766,-0.9161100980098923
10.0,2,0.03825256132003542,-1.9097129162993494,-1.7177115195107853
15.0,2,0.08187056655773356,-2.6734445263184394,-2.617692127396761
20.0,2,0.04077873243903789,-3.574323842409007,-3.3805250292112508
25.0,2,0.0022697024113863384,-4.38435919428972,-4.234201895235591
30.0,2,0.11204301443174852,-5.162140066856033,-5.120133240574336
35.0,2,0.21981868739212448,-6.107639057927284,-5.838346467408111
40.0,2,0.09771505075958499,-6.828982533695908,-6.780715209544556
45.0,2,0.011456868677440288,-7.689908835343747,-7.583501125801817
50.0,2,0.3258834600996803,-8.617634311370288,-8.319487867680303
55.0,2,0.5875010317204418,-9.260360825345689,-9.34047357160987
60.0,2,0.2310577216490659,-10.268593519914099,-9.995953094946499
0.0,2,0.025419984454455716,-0.2,-0.1
5.0,2,0.11373200517084753,-0.9578751824936482,-0.9983569973816441
10.0,2,0.10842624010109611,-1.8802518817221618,-1.7322124780284243
15.0,2,0.0078095363502032515,-2.649302920693995,-2.6193936189318916
20.0,2,0.08001676217350791,-3.4499124491630058,-3.475016270338147
25.0,2,0.31514836271391855,-4.397423958501057,-4.183736940875401
30.0,2,0.27635758845725755,-5.071804002669025,-5.165589076582778
35.0,2,0.012451217313886506,-5.990045414560412,-5.9035798445667025
40.0,2,0.2483195432255919,-6.872853624167436,-6.677003814834973
45.0,2,0.8692382833293193,-7.49864578782932,-7.707443831048319
50.0,2,0.6996257205474135,-8.576903138158116,-8.285418660594793
55.0,2,0.016209289007462296,-9.268724109230268,-9.249829869397932
60.0,2,0.7610862477487864,-9.991469004061448,-10.183317154442017
0.0,2,0.019976326309922694,-0.2,-0.1
5.0,2,0.015499249157336564,0.8386874345813765,0.863498334468112
10.0,2,0.00024496571808299957,1.819960489212819,1.884411048886161
15.0,2,0.01824445919479175,2.8041647404599552,2.9023925666884955
20.0,2,0.05474408112829506,3.857448693239521,3.8512943829584265
25.0,2,0.038828198621134895,4.797585684842961,4.913343160404475
30.0,2,0.0001342488248101224,5.828184056587446,5.8849305577094695
35.0,2,0.0550687809745243,6.86082533099144,6.854475052355023
40.0,2,0.14934981859198282,7.774077815352761,7.9434083370431985
45.0,2,0.09648130112032531,8.87375162909356,8.845920292351947
50.0,2,1.9193003990942512e-05,9.83153656932514,9.890321121169919
55.0,2,0.1646503360569716,10.774625163918651,10.9494182956259
60.0,2,0.40562557657054055,11.923172255634423,11.803056972959684
0.0,2,0.0015599827143491826,-0.2,-0.1
5.0,2,0.00745220034573653,1.4833880446848156,1.5966334306947674
10.0,2,0.03512108394175099,3.2121103794760844,3.247932571283092
15.0,2,0.03455932552139705,4.849327451928144,4.990736974210594
20.0,2,0.0028869171702453067,6.573227190920724,6.646858710597578
25.0,2,0.023599890816851044,8.277364864246834,8.3227425126511
30.0,2,0.0974948944657324,9.901492443069262,10.078636409208304
35.0,2,0.08830442325851443,11.677685684225729,11.682464643431466
40.0,2,0.004845670453511282,13.315827105757677,13.424344697279132
45.0,2,0.07362272975772195,14.977309728197511,15.14288355021885
50.0,2,0.26938504079706993,16.779094001199535,16.72112075259647
55.0,2,0.22414613499497338,18.328749148005222,18.55148708117059
60.0,2,0.006926920852745517,20.09748475171588,20.162772952839525
0.0,2,4.87781884854527e-08,-0.2,-0.1
5.0,2,7.881838539142132e-05,0.8834349546751258,0.9860084923663747
10.0,2,0.00018972612959146175,1.9713601664620521,2.067526727620965
15.0,2,0.00010838779966496049,3.0526616064222925,3.155668734702246
20.0,2,1.4427273627425187e-06,4.138685793803947,4.239087994362103
25.0,2,0.00023316548247142958,5.225736853348718,5.321480381858824
30.0,2,0.0005124064511834985,6.3050978372003375,6.411562845048731
35.0,2,0.00026362850842642083,7.395317038408963,7.490787090881594
40.0,2,1.126174813997354e-05,8.47821714340673,8.577330432925313
45.0,2,0.0006844453209248869,9.55876442545481,9.666226597918794
50.0,2,0.0013776507509884021,10.652435097782138,10.741999372632952
55.0,2,0.0006340116378429124,11.72834679326694,11.83553112418964
60.0,2,6.065695586543533e-05,12.815528022285504,12.917793342212489
0.0,2,0.09718390881878744,-0.2,-0.1
5.0,2,0.09240569294370618,1.1989957923921921,1.4731495133193893
10.0,2,0.006569700535720847,2.7395208627036913,2.9047697487194784
15.0,2,0.06863154407341113,4.251179826377822,4.365256090756894
20.0,2,0.26925390349423545,5.626820354586653,5.961760868259712
25.0,2,0.23547495581215158,7.254901889073788,7.305824639484092
30.0,2,0.010424740689951615,8.657909401976108,8.874962432293415
35.0,2,0.21289724024278503,10.093168474852146,10.41184866512893
40.0,2,0.7425439522224745,11.766358239960534,11.710804205732133
45.0,2,0.5959937539953086,13.02138852961675,13.42791922178758
50.0,2,0.013449442822566904,14.6330402426392,14.788412814476736
55.0,2,0.6522755464645619,16.21692896251806,16.176669400309606
60.0,2,2.0384669328661333,17.386870482234954,17.978873186304337
0.0,2,0.0007152867794751782,-0.2,-0.1
5.0,2,0.01409691503312975,0.9781652492011658,1.1041827013610086
10.0,2,0.04943633343904494,2.21757426730764,2.247121633816702
15.0,2,0.039845588216447465,3.3490745925657355,3.497969259120789
20.0,2,0.0009353323123955854,4.572803311558372,4.656588490690325
25.0,2,0.04321442707035393,5.789050953470417,5.822688799340454
30.0,2,0.13574450356397205,6.898721537052532,7.095366166320518
35.0,2,0.1001537912940391,8.186755854457132,8.189679799478151
40.0,2,0.0007859024690117329,9.32920949509774,9.429574109399775
45.0,2,0.13101801275671562,10.473158615371617,10.667972939688113
50.0,2,0.37105507861339637,11.801667860939252,11.721811644682653
55.0,2,0.24977036561841034,12.836017825012327,13.069809631171983
60.0,2,8.47133533297531e-05,14.099171635890404,14.189003770856187
0.0,2,0.023017117356282216,-0.2,-0.1
5.0,2,0.0007290114469341462,-0.6270483935304905,-0.5775963869514742
10.0,2,0.023119273400302426,-1.061686040180333,-1.047603520783589
15.0,2,0.07586195103792698,-1.5744633330827977,-1.4394710083630855
20.0,2,0.058028603471625924,-1.953766800885139,-1.9648123210427153
25.0,2,0.0007716319156167558,-2.4440848007703533,-2.3791391016394834
30.0,2,0.0703965542194158,-2.9300011590959754,-2.797867523795829
35.0,2,0.20774490118168265,-3.2803426431138774,-3.3521708202599036
40.0,2,0.14518748792659442,-3.8510099842724324,-3.6861482595833266
45.0,2,0.0003276519134087931,-4.2468860317707895,-4.194916992566926
50.0,2,0.2121461342877433,-4.636630591383066,-4.7098172134366285
55.0,2,0.566349420474111,-5.260519027758808,-4.990573557542869
60.0,2,0.36026827984745274,-5.521528667840793,-5.634208697942878
0.0,2,0.0026295470313323546,-0.2,-0.1
5.0,2,0.0028946030813104826,-2.1773723704411707,-2.107093659364465
10.0,2,0.00037434368724079055,-4.179950283871045,-4.088981775740241
15.0,2,0.0014780817751643663,-6.174884144844122,-6.0785139445727765
20.0,2,0.0073478520916078465,-8.149557514495445,-8.088306604727103
25.0,2,0.00745914950626347,-10.16612716224022,-10.05620298678804
30.0,2,0.0007123615054933794,-12.14237157794072,-12.064424600893062
35.0,2,0.00471060726718685,-14.12867284905278,-14.062589359586706
40.0,2,0.020434088600511664,-16.150828037269736,-16.024900201175324
45.0,2,0.0191052200956047,-18.103297682031553,-18.056896586219082
50.0,2,0.0012473270120514964,-20.120072839033945,-20.024587459022303
55.0,2,0.014775853990302311,-22.12450181299581,-22.004624514866286
60.0,2,0.05656042087403501,-24.065910775725516,-24.04768158194235
0.0,2,0.01841847188039666,-0.2,-0.1
5.0,2,0.004433530483788848,-1.4443358252987637,-1.3247829342707655
10.0,2,0.07822799243058243,-2.7278662298041687,-2.5103712893348864
15.0,2,0.12771998320429517,-3.872330023082044,-3.835026255626565
20.0,2,0.04274840095028068,-5.186670308115983,-4.989804730162149
25.0,2,0.017290962951246557,-6.410586067990497,-6.2350077298571644
30.0,2,0.22438546820219554,-7.559558863823707,-7.555153693593548
35.0,2,0.337817860098157,-8.943305674524286,-8.640525642462507
40.0,2,0.09740353135851322,-10.051531038009404,-10.001419038546906
45.0,2,0.06356195130612709,-11.294572931793832,-11.227495904332061
50.0,2,0.6399099007361161,-12.67791587164325,-12.313271724052141
55.0,2,0.8891344569046867,-13.66599438078091,-13.7943119744841
60.0,2,0.21710188043934547,-15.0997996496399,-14.82962546519469
0.0,2,0.00610113667041026,-0.2,-0.1
5.0,2,0.009520638517669381,-2.0808021570544004,-2.0304929639456404
10.0,2,0.0029384476378300807,-4.007914822037964,-3.9146754199621348
15.0,2,0.0015564920009777463,-5.911475703594954,-5.822409659405193
20.0,2,0.01744344722117086,-7.792865818196989,-7.752314665803215
25.0,2,0.02511354248028796,-9.739602812429906,-9.616872792570287
30.0,2,0.006617200695385949,-11.6113348861028,-11.556435839897418
35.0,2,0.00557636382428461,-13.517925885896794,-13.461139961103413
40.0,2,0.04959219119207371,-15.46562764603729,-15.324733321962944
45.0,2,0.06591337697759221,-17.30347370021905,-17.298182388781154
50.0,2,0.01454030196229401,-19.2624822510091,-19.15046895899126
55.0,2,0.019242632106939907,-21.170694436922826,-21.053551894077465
60.0,2,0.1402364757987865,-23.003764638846864,-23.031776813153538
0.0,2,0.0002463238355894447,-0.2,-0.1
5.0,2,0.021532858046293648,-0.10539198956406069,0.040551705726976486
10.0,2,0.045029814346636145,0.06295008584819398,0.1073693464776382
15.0,2,0.021783083864351942,0.1296474973737411,0.27583165111501146
20.0,2,0.0015031679066917678,0.26261685923675,0.378022005414924
25.0,2,0.06295093301730496,0.42116237657224764,0.45463620424234574
30.0,2,0.12075770760699882,0.45411536381282375,0.6568429331646897
35.0,2,0.05202362886520598,0.6530957969465992,0.6930222161938299
40.0,2,0.0072314364553148205,0.7504454663800965,0.8308322629232489
45.0,2,0.18277291433001952,0.7955387698547138,1.0208986756115528
50.0,2,0.3223508129576137,1.0538723279430111,0.9977248336861736
55.0,2,0.12254764125681908,1.0416517733765511,1.2451051044155543
60.0,2,0.030521081966036062,1.1840320177583135,1.3378845761967195
0.0,2,0.02202939053772996,-0.2,-0.1
5.0,2,0.019410018612386216,0.44970789564065483,0.46832192603466255
10.0,2,0.0009015762966867097,1.034773650922725,1.101285992427916
15.0,2,0.01725136564185671,1.6294600053457169,1.7246294596802352
20.0,2,0.06077690061648502,2.2919143937432085,2.280204892958083
25.0,2,0.04915769508966619,2.8347094527948173,2.9554396555818223
30.0,2,0.001191873120661669,3.4799620110824034,3.528216918969554
35.0,2,0.052909476689555965,4.116624384835732,4.109584366891531
40.0,2,0.16691439814664055,4.635331551040176,4.8089070223624075
45.0,2,0.12359769931151635,5.35184313005515,5.310425265022729
50.0,2,0.0010299354577207507,5.906600711971331,5.973697504781827
55.0,2,0.16047919265614424,6.463501013632117,6.634827024796358
60.0,2,0.45634001361677773,7.22470340219201,7.091654457911763
0.0,2,0.003520188993663335,-0.2,-0.1
5.0,2,0.04938598069055819,0.4771296739491632,0.6567670796858648
10.0,2,0.07601265429451227,1.2644964806069061,1.303297026663157
15.0,2,0.022865299010369534,1.9210697207181047,2.0806205401869993
20.0,2,0.013126967052315005,2.6431997454481664,2.792387269091973
25.0,2,0.14105938773293203,3.429466042426445,3.4400177257487403
30.0,2,0.2003377222183162,4.030000635623446,4.273379886186773
35.0,2,0.051294048760587636,4.842277318445711,4.8949999569995395
40.0,2,0.04669712524751201,5.557756791427476,5.613417237652826
45.0,2,0.4006630119947831,6.154627879924345,6.450442902790999
50.0,2,0.5253527548594722,7.063596999372982,6.97537053697737
55.0,2,0.11218264053890231,7.6306742365599085,7.842190053425437
60.0,2,0.16025667381410813,8.338375927519099,8.568385116101307
0.0,2,1.887123692940265e-05,-0.2,-0.1
5.0,2,0.013234534542554606,0.19601849340377597,0.32978582641123455
10.0,2,0.031181488750699763,0.6501625512422233,0.7014460883878041
15.0,2,0.017395572520816683,1.0194397461088562,1.1579732133361882
20.0,2,0.00032014094299358795,1.448463911400679,1.5547533678593848
25.0,2,0.03907879367144653,1.8918531290131897,1.9371684700618907
30.0,2,0.08412606046864564,2.235780063269868,2.4190458556202468
35.0,2,0.042204896424133324,2.7187541337785954,2.7618761049265474
40.0,2,0.0022207113469780784,3.1092673301920932,3.197167228328082
45.0,2,0.11451783686742945,3.467647418464549,3.6645914598706613
50.0,2,0.22594209724675213,3.995629582227715,3.962413615922516
55.0,2,0.10121466180229227,4.296317263564327,4.487530254400929
60.0,2,0.011358983481715997,4.7391390893135075,4.870512748466783
0.0,2,0.07562046527331792,-0.2,-0.1
5.0,2,0.05865561375055539,-0.5466983380013708,-0.30041747086240367
10.0,2,0.0009239657516283884,-0.7817067584160893,-0.6125248593114623
15.0,2,0.06908685144097138,-1.0223916967188005,-0.9189557298725215
20.0,2,0.20723089527630795,-1.3975000315887225,-1.0909632038663666
25.0,2,0.14693833214843147,-1.5524688367051234,-1.4831102076137228
30.0,2,0.0005041207877015594,-1.8834124155220031,-1.6992824376606444
35.0,2,0.2085238623374397,-2.2183742702756586,-1.9114363917707888
40.0,2,0.5653477663135072,-2.321018774192239,-2.3559076967180013
45.0,2,0.3651059958604912,-2.7863632892514505,-2.437678990522562
50.0,2,7.52136312671619e-05,-2.97569523917663,-2.795462849461179
55.0,2,0.6234478806902783,-3.1363621688787737,-3.1819117286228034
60.0,2,1.5354298170836989,-3.696823244036386,-3.168566462328937
0.0,2,0.00014335209705713397,-0.2,-0.1
5.0,2,0.012373719892433103,0.01099091828653189,0.1458400246421196
10.0,2,0.025844891839422107,0.27787309608693883,0.3357887897703664
15.0,2,0.012483157927942008,0.46775244737811955,0.6027403814078377
20.0,2,0.0008707761379444415,0.7077954607348009,0.8195283109798128
25.0,2,0.03617080215437987,0.9672805177668827,1.0168741968763895
30.0,2,0.06930460205069301,1.1315693375564058,1.3094163200155318
35.0,2,0.029807720170781225,1.4216313394160842,1.4761852610845212
40.0,2,0.00417945080748831,1.6347732404393858,1.719874302989888
45.0,2,0.10500936351478447,1.8082182088224539,2.003260277535489
50.0,2,0.18498997706182266,2.1432874579970154,2.1250219712895984
55.0,2,0.07020124936841576,2.273406630520915,2.4517337416943925
60.0,2,0.017615222278602953,2.5205226486184453,2.6614486665255077
0.0,2,0.02820385424747047,-0.2,-0.1
5.0,2,0.0180480120606717,-0.9191861450766189,-0.8286888518011157
10.0,2,0.18349334027765696,-1.5635452642320662,-1.632204729523425
15.0,2,0.2558172301585682,-2.4195908161245,-2.224034174508738
20.0,2,0.06292709693579357,-3.0365237520640287,-3.0549762354469783
25.0,2,0.06361796879300013,-3.760267038300985,-3.779107946087797
30.0,2,0.5205376228488698,-4.621907778494009,-4.365342202772542
35.0,2,0.6700390073864808,-5.128050443318762,-5.307074534825549
40.0,2,0.1367068796405436,-6.020038662023646,-5.862961312998433
45.0,2,0.2167706595587932,-6.757531033520027,-6.573343938379856
50.0,2,1.4688887530011459,-7.2442252168382835,-7.534524751939383
55.0,2,1.7457459219146245,-8.326417516719472,-7.900207448936019
60.0,2,0.2872327124632681,-8.787706176809545,-8.88679378572377
0.0,2,0.03697707755255833,-0.2,-0.1
5.0,2,0.12381398330386875,0.7337744953795508,0.9876879845276031
10.0,2,0.09625980699003829,1.8381450237549621,1.904779936059353
15.0,2,0.0015573337654926271,2.7994182859573034,2.9649691537641787
20.0,2,0.11282141296106321,3.768228570185832,4.017621349442817
25.0,2,0.3393409972435089,4.908843844443189,4.898468555092631
30.0,2,0.2411901305126035,5.7677393260563585,6.061035553386652
35.0,2,0.0008799746465574523,6.852119341380744,6.998118017969444
40.0,2,0.34061651250611996,7.941192248150569,7.9305075911068
45.0,2,0.9258671641691032,8.733308200999735,9.15985411816478
50.0,2,0.5994326198793364,9.989610591051914,9.925014208019718
55.0,2,9.14562601056514e-05,10.892201577789255,11.043885701189463
60.0,2,1.0186220053496078,11.758848309149736,12.198701449735989
0.0,2,0.09964963076271127,-0.2,-0.1
5.0,2,0.027754589801216655,-1.062222909082729,-0.8258162450376739
10.0,2,0.02003194551572489,-1.8526980663673236,-1.6233802418734953
15.0,2,0.19186496117620214,-2.564755739133033,-2.4993617232282452
20.0,2,0.2619906311514666,-3.4931078041177313,-3.159048812363974
25.0,2,0.06152952540506889,-4.179661057673376,-4.060534712928763
30.0,2,0.0699343702194693,-4.971361378765602,-4.856873545956933
35.0,2,0.5435281410517894,-5.907041976541444,-5.509232102301524
40.0,2,0.6852825562297309,-6.479728425317755,-6.524584807645671
45.0,2,0.13261449672827952,-7.442319527116907,-7.150032859966992
50.0,2,0.2364920008571434,-8.253612548821886,-7.926778992382433
55.0,2,1.5317106894686379,-8.803831970391856,-8.964598724932998
60.0,2,1.7829536656096003,-9.961713972303198,-9.394755877142074
0.0,2,0.012833916233391971,-0.2,-0.1
5.0,2,0.009827831357880935,0.2780896209533622,0.38209225730408375
10.0,2,0.091468056652771,0.7013896631643316,0.91897409335057
15.0,2,0.12362092372828891,1.2739750535430951,1.3065705812292707
20.0,2,0.028357904700603384,1.680527491661919,1.8602000213679062
25.0,2,0.03415476010324403,2.158297421990913,2.342611969296366
30.0,2,0.2589393681795726,2.73648824318158,2.7246030263631686
35.0,2,0.3231342850855633,3.0642245593230664,3.3570485884791337
40.0,2,0.060868875613966866,3.6595972668019447,3.7218577592577122
45.0,2,0.11508327043520794,4.152772943713159,4.188863960603967
50.0,2,0.7292329197579787,4.4641212486272615,4.837697533947338
55.0,2,0.8401332285140892,5.194604239157108,5.067396421674955
60.0,2,0.12593223639662313,5.494883984978514,5.727298554111061
0.0,2,0.0025440553051595278,-0.2,-0.1
5.0,2,0.006974050426457851,1.877382582817127,1.939495968528735
10.0,2,0.00455218195544153,3.914469971628651,4.019287131063062
15.0,2,1.561209749086242e-07,5.982395047738411,6.068240606299106
20.0,2,0.007613979947677763,8.053230364056395,8.114283841326989
25.0,2,0.018950349544677354,10.079861375816092,10.204531380913155
30.0,2,0.011222269415932674,12.172750254908726,12.228521053166464
35.0,2,8.12990486161137e-05,14.217483168633478,14.300666690787557
40.0,2,0.0225900475260788,16.25339169485698,16.381636715909803
45.0,2,0.051262695771190095,18.36510616682423,18.386800795288398
50.0,2,0.02739760815024311,20.36811747801136,20.50066803544726
55.0,2,0.0008193347828203425,22.445917083359557,22.539746981444818
60.0,2,0.0664906025822514,24.544870995563425,24.557671620586785
0.0,2,0.07612407427032526,-0.2,-0.1
5.0,2,0.03354660889994697,1.6972248046884506,1.9270674993307442
10.0,2,0.004128083640267099,3.676186969835024,3.8723976382033385
15.0,2,0.11351050109525966,5.695066188247318,5.77781072381021
20.0,2,0.2033847596427568,7.545787133913832,7.851382082162905
25.0,2,0.07924141191051459,9.611521672526536,9.70993984756938
30.0,2,0.017777950338944866,11.55271419562345,11.693039628491668
35.0,2,0.32784184003095795,13.415029778126879,13.755016350007473
40.0,2,0.5408602949200676,15.562156024723743,15.532182407429795
45.0,2,0.18430990890035504,17.359582310277837,17.65904842589481
50.0,2,0.06996956442241432,19.345034092582967,19.597888947608986
55.0,2,0.9410791088766147,21.48178045486298,21.38543488934827
60.0,2,1.4314529709179111,23.137533595923895,23.653974052306534
0.0,2,0.012184521966261415,-0.2,-0.1
5.0,2,0.05976761799299379,-1.146379193028789,-1.1467481041804555
10.0,2,0.060208752545778454,-2.2122179352938445,-2.0740366591246553
15.0,2,0.005569034805374834,-3.1635266530766075,-3.115855238551117
20.0,2,0.03876961009688741,-4.142798141929289,-4.1297110469076905
25.0,2,0.16613734776926048,-5.224850928900124,-5.040785557146162
30.0,2,0.15412258662761233,-6.108251472331369,-6.150512310924174
35.0,2,0.009656481858758212,-7.174232061771381,-7.0776590186934385
40.0,2,0.12144195460813485,-8.206181855094325,-8.038836522579704
45.0,2,0.45965815880415284,-9.057581265596074,-9.180564409287157
50.0,2,0.39197368516906644,-10.238566701112603,-9.99270627097992
55.0,2,0.014596229543255922,-11.129503746384328,-11.09489652291738
60.0,2,0.3752696055344911,-12.056519529693613,-12.16100803681733
0.0,2,0.003102410427586845,-0.2,-0.1
5.0,2,2.33723584045349e-06,-0.2942549494981019,-0.17806840191666626
10.0,2,0.004774546318115071,-0.38997236582416156,-0.254674337005376
15.0,2,0.012404475791334362,-0.45061123802547715,-0.366358816218829
20.0,2,0.007679470056868692,-0.5649168904592662,-0.4243765151998107
25.0,2,1.804022346033195e-05,-0.6392861170790913,-0.5223306399947526
30.0,2,0.014219898019181889,-0.7079830200545263,-0.6259570884340871
35.0,2,0.03362329805521218,-0.8369407471330871,-0.6693227127702919
40.0,2,0.018833072269624638,-0.8777627065282538,-0.8008241047898873
45.0,2,0.00032924967872113923,-0.9807660256596449,-0.8701441370732551
50.0,2,0.04200130422094281,-1.0984770290869603,-0.9247564850607028
55.0,2,0.0907298465639013,-1.1130574153016153,-1.0824994502608167
60.0,2,0.04571195040703185,-1.2720535625144604,-1.0958266544627369
0.0,2,0.0016820953667732294,-0.2,-0.1
5.0,2,0.06689944896282984,0.8297417959861436,0.844984403796489
10.0,2,0.12737232355225436,1.7300541295510121,1.9193982700142498
15.0,2,0.054291908790694385,2.8008415228463392,2.8233370765015624
20.0,2,0.007975550119820103,3.7678823305102633,3.8310224686202856
25.0,2,0.19412330048141005,4.68030622631504,4.893324772598143
30.0,2,0.3398682783324958,5.81242490113752,5.7359322975583105
35.0,2,0.1277233823570215,6.666800122030933,6.856283276447556
40.0,2,0.03336638037358534,7.678872278686057,7.818937319575091
45.0,2,0.5596911654698967,8.797868929743014,8.674666868300822
50.0,2,0.9026201887671309,9.545071929283264,9.902190068543234
55.0,2,0.2956730596605903,10.74369329568724,10.6782949019219
60.0,2,0.12880316185095173,11.704912296248915,11.691802101142866
0.0,2,0.11454462731964195,-0.2,-0.1
5.0,2,0.1628995860079448,-1.906051221282196,-1.596167042234581
10.0,2,0.04182804271359524,-3.421158171060324,-3.2832783559732093
15.0,2,0.037790281334159896,-5.023698745259582,-4.882956045290756
20.0,2,0.3253806805935515,-6.7329695775965455,-6.375903476470547
25.0,2,0.4272141907448614,-8.160973632786723,-8.15011768479717
30.0,2,0.09152322705694683,-9.897301988370572,-9.616007592730046
35.0,2,0.1297591274897838,-11.506570125839028,-11.208957718778375
40.0,2,0.9193701746941344,-12.921136162973829,-12.996609945160326
45.0,2,1.114561797228048,-14.80714795322681,-14.312816418424237
50.0,2,0.19405151591133296,-16.196656671024453,-16.125525964143307
55.0,2,0.43302931322993204,-17.767001447727203,-17.757399450957532
60.0,2,2.584394612981982,-19.688522563951476,-19.03809659824999
0.0,2,0.03924695930992124,-0.2,-0.1
5.0,2,0.05202954761316882,0.10319372479231928,0.3237436411529027
10.0,2,0.011407677146018957,0.5140253521118249,0.639849379778622
15.0,2,0.015317187006360231,0.8798919608398756,1.0009201369958083
20.0,2,0.11096349243888343,1.178748838706036,1.429000625074888
25.0,2,0.135827442790791,1.6414471711061183,1.693239658620035
30.0,2,0.024289289040626008,1.9307547831135998,2.1308694125577947
35.0,2,0.051276411112408125,2.284240145075738,2.5043214165409
40.0,2,0.3121146295415966,2.7587408781496108,2.756758049412242
45.0,2,0.35267531013891634,2.9592162259340578,3.283220067573067
50.0,2,0.04972974887317409,3.438207263462678,3.531166395989662
55.0,2,0.1676278905985082,3.8280400229642066,3.8682710024333717
60.0,2,0.8735412898163055,4.001430178076231,4.421818213266598
0.0,2,0.022002396265094894,-0.2,-0.1
5.0,2,0.006872786151504461,1.742478176761307,1.7770752356051807
10.0,2,0.003503518945469212,3.648901536826332,3.6902052879066276
15.0,2,0.040068967452227267,5.521998793433994,5.636661443665454
20.0,2,0.05806091724873412,7.494160797997841,7.484052851468083
25.0,2,0.015504535758304119,9.352251457412223,9.445515604420164
30.0,2,0.012595508310113615,11.263765878290808,11.353554595908106
35.0,2,0.11396753331554303,13.237156808251793,13.1997170783136
40.0,2,0.15244989807975692,15.043973236461575,15.212454062470327
45.0,2,0.03414266064880796,17.03509913517126,17.040881576127237
50.0,2,0.043580512533307476,18.94826742723339,18.94726669643175
55.0,2,0.3224132487517504,20.748219997821728,20.966867538209854
60.0,2,0.39822005654274134,22.82754128699898,22.70709966139904
0.0,2,0.07721687318202754,-0.2,-0.1
5.0,2,0.05569634051164919,0.5666212553083749,0.8119684580731693
10.0,2,0.0002852770831550862,1.4416802816645549,1.6154991450985363
15.0,2,0.07633316423804037,2.317659049541379,2.4181100906032453
20.0,2,0.21083346073816517,3.0529454820611206,3.3614133714650354
25.0,2,0.13861149078962917,4.0098281929420505,4.083120373965641
30.0,2,3.0483962424421947e-09,4.796478889054719,4.975059391234572
35.0,2,0.22861245092902002,5.5681475301548815,5.8819804635159185
40.0,2,0.5730853584464315,6.582120157067285,6.546597549985097
45.0,2,0.34195116654159796,7.231657263214995,7.575650157218931
50.0,2,0.0021245541863198834,8.147131989099456,8.338765144716046
55.0,2,0.6787036285214936,9.109453186240705,9.055033660956367
60.0,2,1.5507847450731231,9.656127487501609,10.186949073076994
0.0,2,0.004692597105523595,-0.2,-0.1
5.0,2,0.01345720418231656,0.5335733351984426,0.6470091154847195
10.0,2,0.07379110620918318,1.328686602279906,1.3324782990864223
15.0,2,0.07906216673408367,1.9907965467355395,2.1509508053139554
20.0,2,0.009299359866215067,2.7844903348895493,2.837839467843107
25.0,2,0.04340731175707225,3.5406081693039315,3.562304084111869
30.0,2,0.2058632204317215,4.1872691601162195,4.396225543982767
35.0,2,0.20332991488306268,5.0554961841019175,5.008580970680226
40.0,2,0.017270769104094794,5.713432169968747,5.831227435496567
45.0,2,0.1375655052112589,6.419855817002595,6.605386239145851
50.0,2,0.5715916929122049,7.319519728912764,7.186304777918834
55.0,2,0.5196907409147535,7.850941139547135,8.135465817967575
60.0,2,0.029147901488597784,8.71732694910714,8.749662459090715
0.0,2,0.08361996384252117,-0.2,-0.1
5.0,2,0.008088074180103166,-0.9122680105373323,-0.7050409556827193
10.0,2,0.052393634505734414,-1.5905748065914211,-1.3440431258486774
15.0,2,0.2284069578444594,-2.149270417504225,-2.1026564811559423
20.0,2,0.2142277194845885,-2.940969418685599,-2.6282664461946417
25.0,2,0.01421631657483255,-3.517305415304022,-3.3692394157963035
30.0,2,0.164436430847486,-4.135474439532562,-4.068379357787856
35.0,2,0.6323293436999531,-4.9639334049691985,-4.557229358571321
40.0,2,0.5453164637074663,-5.405697471090803,-5.4327742586698
45.0,2,0.021980149006669288,-6.189752037854591,-5.966028658126076
50.0,2,0.5089883457937558,-6.928334640693793,-6.544755021506918
55.0,2,1.7425099856798214,-7.299412210907054,-7.490986417513676
60.0,2,1.3786022861636105,-8.310797099404917,-7.796910495235839
0.0,2,0.047036004164985525,-0.2,-0.1
5.0,2,0.003589863696841837,-0.814924492065723,-0.6366355167557173
10.0,2,0.03370993393184533,-1.4081965053677579,-1.1949235122751265
15.0,2,0.1351705446383985,-1.9060168384825162,-1.848663187981798
20.0,2,0.11999970446619494,-2.5827809126220926,-2.3234591226636385
25.0,2,0.00584329745149996,-3.09876072696057,-2.9590393171466087
30.0,2,0.10481794367426238,-3.639565175146976,-3.5697948777816735
35.0,2,0.3730753123783656,-4.34751120201868,-4.013408859731477
40.0,2,0.304099719945404,-4.758924053211967,-4.753556017359664
45.0,2,0.007905495409282037,-5.425265376388547,-5.238774703004523
50.0,2,0.321814163390976,-6.068697654483014,-5.746902433731513
55.0,2,1.0250094717512799,-6.421072336800145,-6.546087760235853
60.0,2,0.7651136465833822,-7.2637335695869645,-6.854986536270517
0.0,2,0.021342729456129944,-0.2,-0.1
5.0,2,0.03947617589134497,-0.28083868029651154,-0.27835652166961344
10.0,2,0.01613474792395172,-0.4564984546776114,-0.3618919492546381
15.0,2,0.002914304349914291,-0.575766875924853,-0.5018187299735241
20.0,2,0.061791975276206904,-0.6625754353394017,-0.6742053725251013
25.0,2,0.10516627172670454,-0.8731895714201704,-0.7227864384104618
30.0,2,0.03775906026637046,-0.9294445858422025,-0.9257266259545559
35.0,2,0.011817906531283494,-1.0711488040879935,-1.0432176096749008
40.0,2,0.17778186926341963,-1.2757495138661654,-1.0978121018628513
45.0,2,0.2788441333204911,-1.271039420472251,-1.3617173972228858
50.0,2,0.08687675132840736,-1.516999300423239,-1.3749527192380089
55.0,2,0.04465565774216249,-1.6347981500825055,-1.5163490715448453
60.0,2,0.5084718762614463,-1.6336671231632858,-1.7766753004301779
0.0,2,0.01732408172554697,-0.2,-0.1
5.0,2,0.0005122417326765519,1.108265063063318,1.239091586715086
10.0,2,0.041959891547742906,2.3997737211708934,2.594939578385924
15.0,2,0.08719729429913707,3.7941815356490154,3.847888413686196
20.0,2,0.041843186211715774,5.047170685408124,5.242255913705508
25.0,2,0.003053508316421938,6.391962866970856,6.544820381921168
30.0,2,0.12260636573805668,7.77297489132841,7.811165007341989
35.0,2,0.23376261603645807,8.9787584402901,9.252738108158617
40.0,2,0.09983966358670757,10.415498074817691,10.463355123409508
45.0,2,0.014516616145387486,11.711530047760178,11.814679800245417
50.0,2,0.3558079654139349,12.933811900652719,13.23975459713129
55.0,2,0.6237980550229989,14.453543398541921,14.367379749020367
60.0,2,0.23493376726899207,15.59697899723253,15.871300800108138
0.0,2,0.0029043491483194484,-0.2,-0.1
5.0,2,0.00863849977949467,-2.346443501396675,-2.2879748649007983
10.0,2,0.0060796023321526525,-4.537823762992137,-4.43101296960281
15.0,2,1.699267147714973e-05,-6.693423098275541,-6.60983200061693
20.0,2,0.008759067280785198,-8.847979641916519,-8.789693823273415
25.0,2,0.023558121991689912,-11.050130710573594,-10.921961120913737
30.0,2,0.01509581229741805,-13.178257879936671,-13.12825231784812
35.0,2,6.403790145248689e-06,-15.362484923564695,-15.278443640517473
40.0,2,0.026168825753334984,-17.55292940721008,-17.422417523169468
45.0,2,0.06395821139848666,-19.661495761197042,-19.64826953547985
50.0,2,0.037147757986059626,-21.89172755362267,-21.752456109351794
55.0,2,0.00038181281567260073,-24.03444291065814,-23.9441591186137
60.0,2,0.07751698835174133,-26.159514361927382,-26.153506033641705
0.0,2,0.003445984567239221,-0.2,-0.1
5.0,2,0.04247274533709214,0.14071811249923277,0.2824053550196651
10.0,2,0.1613660666308473,0.5882347739370152,0.558012161100778
15.0,2,0.13797527809200139,0.8404559935201718,1.0289144090365199
20.0,2,0.0052377987706315994,1.2647837601394205,1.327710109936177
25.0,2,0.1312983609136896,1.6673546492841036,1.6482626883103988
30.0,2,0.44447211875766307,1.8833883515825542,2.1553524535308544
35.0,2,0.34856196206290985,2.4227278720917766,2.3391364005405366
40.0,2,0.006210766449817437,2.6896504654289184,2.7953372747222986
45.0,2,0.40104955257275804,2.9727974065057525,3.2353138011643745
50.0,2,1.2187208868419734,3.5800422112513894,3.3511924639376476
55.0,2,0.8740305365059199,3.653266599105316,4.001091543602608
60.0,2,0.003949828218335032,4.1559305947017,4.221551015525126
0.0,2,0.09267207611251943,-0.2,-0.1
5.0,2,0.08350747531245899,-2.1913156514771557,-1.9234774968486323
10.0,2,0.004448103343134719,-4.0484127924902715,-3.88117350416133
15.0,2,0.07046113735305645,-5.927701721416588,-5.816677723560773
20.0,2,0.25598712102973875,-7.944190286648117,-7.614982306655021
25.0,2,0.21188132132065196,-9.714937431544865,-9.659028310084143
30.0,2,0.006274793125531137,-11.698633553191877,-11.490125336762882
35.0,2,0.21679349736481401,-13.660674956778086,-13.342877081502436
40.0,2,0.7038814827955161,-15.383575020595378,-15.434770166010885
45.0,2,0.5337948332802808,-17.512945012872812,-17.12019332205932
50.0,2,0.0063389723457672,-19.305757718302253,-19.14217376495559
55.0,2,0.6594250439785031,-21.109572731892932,-21.15315189969086
60.0,2,1.9267081524878091,-23.328111709496486,-22.749406070413226
0.0,2,0.0009666347073421068,-0.2,-0.1
5.0,2,0.015169033496459455,-0.06632137188312924,-0.009950816240357273
10.0,2,0.02405570646658816,0.006190393873829836,0.14126522987919818
15.0,2,0.007646862702754831,0.15235539404428639,0.2188280415852553
20.0,2,0.003682571701955354,0.2604345610881061,0.33447668641794537
25.0,2,0.04341894728517417,0.33424815550734294,0.48439090387521666
30.0,2,0.06351623799869904,0.5112219471602527,0.5311449240988133
35.0,2,0.017295078091260335,0.5688458085200597,0.6972488746155122
40.0,2,0.013309028091396691,0.682993102504057,0.806829392508029
45.0,2,0.12357668411096195,0.8608865712559691,0.8526637356326254
50.0,2,0.16687409763993916,0.8652650115043169,1.0720131072607921
55.0,2,0.03820471129819847,1.0625421156455521,1.0984638149960744
60.0,2,0.04623587792344687,1.1771729362131436,1.2075608063049996
0.0,2,0.052598519948822225,-0.2,-0.1
5.0,2,0.00864676200603907,0.00913759530391348,0.20030675043238128
10.0,2,0.021679857016181373,0.2561872571088571,0.4627014343637302
15.0,2,0.12428762553874613,0.5815897469828354,0.6467432902260511
20.0,2,0.13628776221213745,0.734245832343407,1.0035315506017795
25.0,2,0.01739401028324796,1.0598283181874357,1.1873934104940616
30.0,2,0.07032540551882935,1.3334023853647687,1.423263689053031
35.0,2,0.34722104591414793,1.4672879247428905,1.7988224954112144
40.0,2,0.35110244421078146,1.8891409561283912,1.8864138097620098
45.0,2,0.03299092908514644,2.0343785285895932,2.250620583037112
50.0,2,0.2239414698906342,2.247863578579811,2.546579878783181
55.0,2,0.9653884676764778,2.7084622079878793,2.5954255951114034
60.0,2,0.8990132881278142,2.690141467939383,3.1231906808962253
0.0,2,0.015652551460342244,-0.2,-0.1
5.0,2,0.061170268489687686,1.4139112650747871,1.408570344524906
10.0,2,0.05335247006657669,2.907509135608955,3.037454083590429
15.0,2,0.0023206551431551627,4.508228378786093,4.559216450012932
20.0,2,0.04853437542822407,6.093812325658759,6.096114112739935
25.0,2,0.1686697748636741,7.5658163329333,7.7465917150650325
30.0,2,0.13500641467162672,9.237100835640367,9.19778882195764
35.0,2,0.0029666119355517898,10.73867613943854,10.818695127759126
40.0,2,0.14864491061995105,12.253095396409831,12.426757480387497
45.0,2,0.46297362818641696,13.965086644544407,13.837247841852568
50.0,2,0.3391401391007841,15.347743523071522,15.57707257292502
55.0,2,0.002347611452125789,16.99819427058238,17.049103435013727
60.0,2,0.4502895301961049,18.647481749782695,18.522297565413055
0.0,2,0.013159062770935355,-0.2,-0.1
5.0,2,0.0007712819548787946,-0.7926422407291379,-0.6523414190077079
10.0,2,0.010674675182308387,-1.375817938752374,-1.214149380721315
15.0,2,0.03970358409911599,-1.9055190741992507,-1.8294319050112822
20.0,2,0.0334337626007012,-2.532048937404845,-2.3478857015425567
25.0,2,0.0011343038066923467,-3.073919021212494,-2.950999277471727
30.0,2,0.032924870054362614,-3.6255126371303747,-3.5443893212906654
35.0,2,0.10927169589960602,-4.270414295971727,-4.044471322186123
40.0,2,0.08435367752424172,-4.755083500162301,-4.704785777732392
45.0,2,0.0012559997352037625,-5.373661316043552,-5.231191621587951
50.0,2,0.10036802213998311,-5.985944737033638,-5.763891860334712
55.0,2,0.2993758725936218,-6.436253940202766,-6.458566316902446
60.0,2,0.21122508382060615,-7.151120987171286,-6.888682929670756
0.0,2,0.010935226639559089,-0.2,-0.1
5.0,2,0.03503941954606481,-1.668282024620434,-1.6508041654434245
10.0,2,0.026285695400067095,-3.2272259796902643,-3.1109464004374625
15.0,2,0.0002678901851659869,-4.711525929786002,-4.645732640405583
20.0,2,0.033218469226263474,-6.197608353915312,-6.17873640634015
25.0,2,0.09585952097224683,-7.776712545912211,-7.618718404407131
30.0,2,0.0656519132006919,-9.206234038032726,-9.208283102350352
35.0,2,6.676143805378645e-05,-10.753168523908954,-10.68043480653792
40.0,2,0.09989463990254098,-12.306253892056926,-12.146435628453842
45.0,2,0.26107382141855495,-13.698839408672743,-13.772936301901918
50.0,2,0.1625980329924938,-15.33766825280029,-15.153193647838304
55.0,2,0.0003089802322995625,-16.792671264105884,-16.717276826596613
60.0,2,0.29767219192793054,-18.222569915114203,-18.306464365652108
0.0,2,0.017273295302489385,-0.2,-0.1
5.0,2,0.014075116373234404,1.1294820061287376,1.1587525176186368
10.0,2,0.0003648423303054936,2.4041199693137676,2.472349078180978
15.0,2,0.014905738919947738,3.6836724981312945,3.7810310731108587
20.0,2,0.04745686945543379,5.025863834094018,5.027074260895509
25.0,2,0.03541193097117052,6.262560269580205,6.3786123491566835
30.0,2,0.00033320102956367365,7.585871760837325,7.643535381646963
35.0,2,0.04525125811498839,8.907491182396331,8.910150483835311
40.0,2,0.12979593469291756,10.120574649229537,10.28530154074956
45.0,2,0.08840331241542328,11.507690449875698,11.486420263850874
50.0,2,6.728097803167312e-05,12.75859932346454,12.823745914009372
55.0,2,0.13600225943014016,14.001722541303744,14.168857219917571
60.0,2,0.35340548509857067,15.432065906302016,15.326748378666746
0.0,2,0.0005595373585707723,-0.2,-0.1
5.0,2,0.051476524673684354,0.04132891802537452,0.07046580800203033
10.0,2,0.10816465561943583,0.16862876853239198,0.3549606835224168
15.0,2,0.05264410905243823,0.4534854924900044,0.48189868559220894
20.0,2,0.0034791658930548104,0.6352763710463852,0.7119025330632348
25.0,2,0.15054938256778794,0.7779596053312583,0.9810140248057699
30.0,2,0.29014048579765694,1.114905611011124,1.0558627451533058
35.0,2,0.12581562928347442,1.1944639378898545,1.3880991443019655
40.0,2,0.016894672779606396,1.4321422830678616,1.5622155251513603
45.0,2,0.4372668344315298,1.7499380294377003,1.6562145048089256
50.0,2,0.7746976064802265,1.7378441827736963,2.0801030775003295
55.0,2,0.29661057675296026,2.145237101866068,2.0845048844353546
60.0,2,0.07170734999694742,2.3119837469291253,2.32955296539969
0.0,2,0.09305840085966173,-0.2,-0.1
5.0,2,0.03657280056897186,-0.880355158568837,-0.639981758558728
10.0,2,0.007899500453075801,-1.4760475813486358,-1.2646262529065033
15.0,2,0.14922002274190352,-2.0190169658115593,-1.9419937855711342
20.0,2,0.2475491134056607,-2.7541783075372894,-2.427169360972974
25.0,2,0.08516136925231568,-3.252713373883606,-3.1489712117541906
30.0,2,0.031247329704596524,-3.8791530760792163,-3.742868426686123
35.0,2,0.4285141223198171,-4.606896286489703,-4.235462133403155
40.0,2,0.6553840283151384,-5.01000014585006,-5.052695191170339
45.0,2,0.19479183347282167,-5.797074021391075,-5.485958232756843
50.0,2,0.11603123092052596,-6.392998704039044,-6.110370467236394
55.0,2,1.223402575228982,-6.798571631349502,-6.925134457053443
60.0,2,1.726647247364478,-7.75099317918605,-7.1930498263444465
0.0,2,6.153708248299528e-05,-0.2,-0.1
5.0,2,0.0007745921860510043,0.1438401917329004,0.2381870317519163
10.0,2,0.0029313484034443043,0.4732610105891433,0.5907934363804934
15.0,2,0.0024994127992267433,0.8290016846012831,0.9170799858531695
20.0,2,9.299324176683598e-05,1.1615812903928642,1.2665276035464068
25.0,2,0.0023935367373915275,1.497039802725261,1.6130963146988135
30.0,2,0.008072991004994918,1.8576789665644802,1.934484374344416
35.0,2,0.006312686085499581,2.174749626095289,2.29944093829842
40.0,2,0.00010897350465661499,2.528475808823521,2.62774197905499
45.0,2,0.007308324399431364,2.880103051052593,2.95814196031072
50.0,2,0.02213245682049652,3.187987500949615,3.3322847338985158
55.0,2,0.015825231972398806,3.567830918470454,3.634468539862476
60.0,2,6.675864321224688e-05,3.889898456143048,3.9944282256746986
0.0,2,0.0015603960661426926,-0.2,-0.1
5.0,2,0.002854040254069228,-0.7120571947852036,-0.6159947526704348
10.0,2,0.018309684537592002,-1.25277454048932,-1.1033293544219487
15.0,2,0.02121786056789671,-1.7270643939136932,-1.6570914484532033
20.0,2,0.003238085878860294,-2.2697377664875154,-2.142470023335024
25.0,2,0.009395500125341573,-2.789424300620772,-2.650835436657383
30.0,2,0.05132443991041454,-3.257703383539551,-3.2106083011942497
35.0,2,0.054880276918801846,-3.8368983515100115,-3.659465280679425
40.0,2,0.006408214787175374,-4.306473227782014,-4.217942351863061
45.0,2,0.03029156883034784,-4.807206526511661,-4.745261000589055
50.0,2,0.14316832736328905,-5.399356576326529,-5.181162898229808
55.0,2,0.14111847620758527,-5.806746138185265,-5.801825283826711
60.0,2,0.01187838751856711,-6.3893113227414275,-6.247312046726158
0.0,2,0.030762937674474668,-0.2,-0.1
5.0,2,0.08462108082863977,0.6877322466759688,0.9196191710130127
10.0,2,0.055417007980071216,1.715838750842956,1.798864084535007
15.0,2,5.824404305183212e-07,2.6363306462195295,2.7857236068474123
20.0,2,0.09209806581091853,3.5469803486173483,3.782425322138565
25.0,2,0.22997371426639038,4.611393558362459,4.625363530082433
30.0,2,0.13666059256096122,5.444969714460635,5.6991387916732315
35.0,2,0.0009241160014126047,6.446626445063604,6.6048334787592005
40.0,2,0.27332625742182,7.4785372138116974,7.480274127700029
45.0,2,0.6222000973714779,8.24672428277199,8.619438476428664
50.0,2,0.33375625014683835,9.393654116678103,9.379860060211524
55.0,2,0.009614171422197093,10.279495017360732,10.4013705772178
60.0,2,0.8047108131226882,11.092441113934727,11.495775898332827
0.0,2,0.11272375943754921,-0.2,-0.1
5.0,2,0.021433986749344543,-1.0468130256221144,-0.8104412324933058
10.0,2,0.03971255710667225,-1.832918033821632,-1.581590482409203
15.0,2,0.2535443085813467,-2.5121525462986116,-2.459610228047646
20.0,2,0.29314762150520374,-3.43855974890364,-3.0904572835580275
25.0,2,0.04442719071225795,-4.110808507328936,-3.975462783248148
30.0,2,0.13064914839091885,-4.868126743369225,-4.775398805323272
35.0,2,0.7106178594517776,-5.817086808721082,-5.383692998086763
40.0,2,0.758107010963937,-6.353363703917662,-6.404670361005537
45.0,2,0.08778416847995571,-7.297026351143278,-7.018261971895298
50.0,2,0.4209920142495216,-8.125512292368022,-7.747030288785903
55.0,2,1.981980820769742,-8.613282731208177,-8.816514108061117
60.0,2,1.9490532984946327,-9.788443095460664,-9.198608001924024
0.0,2,0.10903377039295137,-0.2,-0.1
5.0,2,0.36194322757528413,-0.16381398559793356,0.19974445336198138
10.0,2,0.2794561322102753,0.16399320039979914,0.20786773512829507
15.0,2,0.0041698367659441585,0.2480658179617377,0.45972558533040253
20.0,2,0.3323854054419295,0.3436297546908258,0.7000921163653568
25.0,2,0.9916387595236853,0.7339573532346303,0.645694985585593
30.0,2,0.6997806717220832,0.6427906433220141,1.0727921632622537
35.0,2,0.0021115416300077467,0.9355574602084349,1.115955814139869
40.0,2,1.0027147424932517,1.2386373560881951,1.1488063860241562
45.0,2,2.7046628654091665,1.0324098305626865,1.6909643793137192
50.0,2,1.7380116169207653,1.6193955985093709,1.4399090791310958
55.0,2,0.0005844684785251969,1.6043388423241123,1.7908963030804164
60.0,2,2.9965272694263585,1.5240779446071189,2.2070876685614693
0.0,2,0.003435933704189204,-0.2,-0.1
5.0,2,0.03641462534748342,0.3615510126255561,0.5321041482922275
10.0,2,0.05148174508989753,1.0174534127289512,1.0698569091066221
15.0,2,0.013053267986534717,1.5660355515121913,1.7149299312411805
20.0,2,0.01219463831245483,2.1634035825928666,2.3112170610782927
25.0,2,0.10339946776698926,2.8213233805231863,2.8469524240657464
30.0,2,0.13496290460796972,3.32072142529146,3.541209540215242
35.0,2,0.028502056017842,3.9933789244036006,4.062207202020857
40.0,2,0.04177484971075144,4.595235935805668,4.654005351536597
45.0,2,0.292044756627412,5.086732802247057,5.3561636460129955
50.0,2,0.3519669513319915,5.843886900779661,5.792664708398158
55.0,2,0.06027207064667632,6.3220942449629165,6.5081125251327165
60.0,2,0.13914926980497694,6.900887284428333,7.122974646585083
0.0,2,0.01919878143922915,-0.2,-0.1
5.0,2,0.034392220110941785,-0.43897072655078617,-0.24732655862518435
10.0,2,0.013395123961851427,-0.589524854505797,-0.48306971584614117
15.0,2,0.003009647592575822,-0.7912828121686094,-0.6676090433593004
20.0,2,0.05544913056522099,-1.0254912569712515,-0.8196978837326458
25.0,2,0.09145795410877922,-1.1425698396289823,-1.088916586250906
30.0,2,0.03115473781781493,-1.403449017659298,-1.2143346933965744
35.0,2,0.011842927837368449,-1.5870260039735786,-1.4170549922582802
40.0,2,0.1591657572408623,-1.7083635617119182,-1.6820147196959303
45.0,2,0.2420515726391752,-2.027510600554591,-1.7491649660292372
50.0,2,0.07116306003183903,-2.1133555877818986,-2.049617263977923
55.0,2,0.04381346440028765,-2.3146285185324977,-2.2346416184033076
60.0,2,0.45423437593494553,-2.6326926342847203,-2.3028747878270854
0.0,2,0.07187222828042295,-0.2,-0.1
5.0,2,4.7744726486690795e-06,-1.1462044665492572,-0.9709952015723466
10.0,2,0.1208897765657733,-2.1042843985884994,-1.830114937654712
15.0,2,0.300021658294452,-2.8862506854010426,-2.865348318963788
20.0,2,0.17713323764394273,-3.931833270991271,-3.6369654014951607
25.0,2,0.0013606509934598323,-4.786129426467892,-4.599868914140076
30.0,2,0.3585795895327318,-5.604827399213692,-5.598370609515854
35.0,2,0.8114796232965186,-6.725507902350458,-6.294889774500721
40.0,2,0.43231139642660965,-7.413727223456878,-7.423870121515844
45.0,2,0.013353094996418756,-8.398970124077637,-8.25582688901673
50.0,2,1.055183581275195,-9.469183014943834,-9.002813666272075
55.0,2,2.184966735902959,-10.023467962474736,-10.265728386862643
60.0,2,1.0436793928007697,-11.285588600655183,-10.820807416803826
0.0,2,0.02440247268765461,-0.2,-0.1
5.0,2,0.013388382285230363,-1.2673663639524568,-1.090455466562006
10.0,2,0.0003014964133849916,-2.282369263079277,-2.1332743979496405
15.0,2,0.030999072822542013,-3.2839251602810466,-3.1895403312623265
20.0,2,0.06578875818078603,-4.374009117622322,-4.157278204435506
25.0,2,0.03242492591658874,-5.341180783560282,-5.247928369012003
30.0,2,0.0019548523207336454,-6.38930456978011,-6.2576264133066495
35.0,2,0.09073443988591387,-7.467067412424018,-7.237685401177226
40.0,2,0.1765628092752696,-8.393954789731769,-8.368619854383986
45.0,2,0.07760459171552675,-9.521686675389372,-9.298709799240859
50.0,2,0.00968826193996506,-10.525120952201648,-10.353097352943113
55.0,2,0.26373603122556577,-11.467484637262723,-11.468555498396517
60.0,2,0.4716840096633084,-12.66614995860216,-12.327712007571668
0.0,2,0.0017255160988709013,-0.2,-0.1
5.0,2,0.007238611504346521,-1.75373075943792,-1.6895441232229715
10.0,2,0.0066229514136871385,-3.3489094185968487,-3.237640346724918
15.0,2,0.000384871739936985,-4.906263350200308,-4.823561297782327
20.0,2,0.005392142764313808,-6.47029047519557,-6.402809055447926
25.0,2,0.02001195921429796,-8.072318636704109,-7.944055776600247
30.0,2,0.016825096325036964,-9.605606110482702,-9.554043185482545
35.0,2,0.0005639757976637702,-11.198946039714043,-11.10397813891209
40.0,2,0.016627646736342754,-12.785461015945655,-12.66073804534135
45.0,2,0.05507201882954414,-14.305674468018431,-14.283799475929445
50.0,2,0.04244416747259721,-15.939635467424461,-15.793113359184282
55.0,2,0.0006196737661071538,-17.47861686916492,-17.397406840104964
60.0,2,0.05067729604518641,-19.02193851133116,-18.997360080599567
0.0,2,0.06641576472308285,-0.2,-0.1
5.0,2,0.029696334749809067,-0.0015192737059491878,0.22011406902381592
10.0,2,0.003368631489063851,0.27394065205236867,0.46324893858336924
15.0,2,0.09807692453615179,0.5857353922246429,0.6700489937289645
20.0,2,0.17754760158617663,0.7411536653917489,1.0332255158797363
25.0,2,0.07026949580019555,1.0975294586863173,1.1954445179030455
30.0,2,0.014712560729153827,1.3364920780871585,1.4750766938200788
35.0,2,0.28348782728703253,1.5033379377490739,1.8268256294760368
40.0,2,0.47242575939227827,1.9351365943302021,1.9136217682127805
45.0,2,0.1637737540817242,2.0399987524943906,2.327354405366459
50.0,2,0.05844143824960893,2.322339778739747,2.563608174438978
55.0,2,0.8143597522018271,2.743446609598037,2.66109613889856
60.0,2,1.251076147688201,2.716940781917772,3.2061967618967273
0.0,2,0.04454382094668619,-0.2,-0.1
5.0,2,0.14802452406310623,0.32254036043037126,0.5910562453130515
10.0,2,0.11438815549953223,1.0315796194538447,1.0956135920330021
15.0,2,0.0017244492392858586,1.5846746233244107,1.7561151939058808
20.0,2,0.13580484476342164,2.1452294720065312,2.409156950967206
25.0,2,0.4055700063121507,2.894207273143839,2.8737757555733583
30.0,2,0.28645908268315606,3.3352509063964555,3.646328728064215
35.0,2,0.0008860057074857903,4.021950093715903,4.173226146488258
40.0,2,0.40972525623764744,4.715062375917042,4.693710470030592
45.0,2,1.106227584970992,5.082593932011991,5.5397755196790985
50.0,2,0.7115240087810646,5.9574270520344506,5.878539005400122
55.0,2,0.00022016159826329835,6.447032166552816,6.60253049662532
60.0,2,1.2245361399753012,6.8952369607910144,7.367922308130613
0.0,2,0.012067703119875137,-0.2,-0.1
5.0,2,0.0007897705006193173,-1.4586272720585114,-1.3355048118177746
10.0,2,0.03442967403450471,-2.7359087227473693,-2.5523554450052086
15.0,2,0.06642249808547508,-3.9202857923994165,-3.862110459229458
20.0,2,0.028845445480180067,-5.227818669998214,-5.048709665506957
25.0,2,0.0038432975671173044,-6.4596331067127215,-6.311027312668712
30.0,2,0.10000828503369924,-7.653208613620329,-7.611583889637392
35.0,2,0.1773632945952236,-9.004556795554132,-8.754367791579869
40.0,2,0.06801535146042097,-10.155181569254676,-10.097875101755633
45.0,2,0.016333277083234485,-11.421056060376223,-11.32613269451039
50.0,2,0.2886207275886859,-12.762172401337459,-12.479148437425446
55.0,2,0.4713870301534095,-13.836165482419839,-13.899287440219382
60.0,2,0.15787200109172558,-15.23651918004353,-14.993065826472002
0.0,2,0.08439782170004954,-0.2,-0.1
5.0,2,5.629028845064846e-06,0.20049845840649527,0.3819968917723709
10.0,2,0.14196360340072647,0.5881257829638005,0.8768649173939318
15.0,2,0.35231507344102386,1.1666005290900159,1.1808855214465932
20.0,2,0.2080028663386937,1.459407446990913,1.7705739537245553
25.0,2,0.0015984329208255266,1.959499545132073,2.152977205762252
30.0,2,0.42108738281722874,2.4981713839600714,2.4968007171131292
35.0,2,0.9529186251308349,2.7095969141875833,3.167870537064485
40.0,2,0.507650689230836,3.3896588181902993,3.370303983240648
45.0,2,0.015683729113368478,3.7478551894037833,3.8946029622060556
50.0,2,1.2391217311527822,4.01396762644542,4.510985875343318
55.0,2,2.565798827994878,4.839169978438918,4.568278873528718
60.0,2,1.2255592880632076,4.897326868147105,5.39261733399946
0.0,2,0.0005481221090245886,-0.2,-0.1
5.0,2,0.006866461394858698,1.0600298307446647,1.1900892573146258
10.0,2,0.01023103059527959,2.361112696285431,2.439125479833148
15.0,2,0.002890487629226017,3.6142644017024437,3.736092862475443
20.0,2,0.002002191780747141,4.890599198342825,5.009877153894326
25.0,2,0.019567851218088943,6.191769507875947,6.258825932420492
30.0,2,0.026910642115779024,7.423846891585449,7.576867636770242
35.0,2,0.0064222842326947865,8.733439238361136,8.817394378053892
40.0,2,0.007012551361189348,10.00900815699413,10.091944547480194
45.0,2,0.05545954764950087,11.238920419864993,11.412151372668605
50.0,2,0.07042221027545743,12.584813727071882,12.616377153521062
55.0,2,0.013880376415445234,13.805682468031721,13.945627500620663
60.0,2,0.0237744261390442,15.075597871142314,15.225831185569271
0.0,2,0.010993498204463513,-0.2,-0.1
5.0,2,0.07166480129850619,1.0034540010697732,1.2088278192215132
10.0,2,0.08367197585816513,2.338361502559635,2.386202138022935
15.0,2,0.013062478505838014,3.537431501043289,3.6994139598305984
20.0,2,0.036268733425373505,4.78280284720944,4.966324433955748
25.0,2,0.20097909569366845,6.129276710733723,6.132132390722705
30.0,2,0.21653416642011505,7.2562095205074595,7.5174814012403
35.0,2,0.025982165073454914,8.600954044230528,8.685018697808522
40.0,2,0.11714263820741252,9.8827022926771,9.915552269653242
45.0,2,0.5608795103412034,10.984527052740972,11.326009329880677
50.0,2,0.5571064256302461,12.452137369895881,12.370680833016996
55.0,2,0.04850762318570664,13.571574728219387,13.76352529498467
60.0,2,0.3716634340529713,14.772646502829527,15.074735340665736
0.0,2,0.08666729103243266,-0.2,-0.1
5.0,2,0.006463560761041692,-0.917724091808749,-0.7117176518811058
10.0,2,0.06285226053215778,-1.60653004703573,-1.352353440343973
15.0,2,0.25020313289019264,-2.1650566858772406,-2.123268545192296
20.0,2,0.22102377102096982,-2.9670036132941036,-2.6507633614652595
25.0,2,0.010435377066464014,-3.5507911153222897,-3.39641760312695
30.0,2,0.19527864253547741,-4.167464118455529,-4.109186343683588
35.0,2,0.6903826994083839,-5.012185547137231,-4.593906658691805
40.0,2,0.5598830762800141,-5.453581441103517,-5.481952508415348
45.0,2,0.013907542985541994,-6.240799171930263,-6.024176521278452
50.0,2,0.5991307593007272,-6.998307320690438,-6.596110116208164
55.0,2,1.8962931371186795,-7.358817424247679,-7.565041756340786
60.0,2,1.4080437955323435,-8.386095957620537,-7.867204966657751
0.0,2,0.00046241905556196745,-0.2,-0.1
5.0,2,0.0486551103948218,0.7416446624930716,0.9101160651033465
10.0,2,0.10346596512016261,1.7942093838907494,1.809312071302079
15.0,2,0.051122362395876725,2.6926242472404462,2.8626579355488024
20.0,2,0.0030249825797959515,3.69270218788624,3.8143407224994155
25.0,2,0.14243703081533993,4.729734298629039,4.729069339353018
30.0,2,0.2777089431256157,5.577714704139291,5.832849661439168
35.0,2,0.1223891174829398,6.67759649943771,6.684728593737125
40.0,2,0.015055578249121118,7.621354361800145,7.692731458971081
45.0,2,0.41408201512183546,8.488878640996717,8.776967907370882
50.0,2,0.7419715909754759,9.677579729454445,9.540027546509549
55.0,2,0.28910098536286727,10.455603293646359,10.713764709914043
60.0,2,0.06484183394700593,11.471511631802631,11.649617099354145
0.0,2,0.05308645672206716,-0.2,-0.1
5.0,2,0.014287950769528423,0.5233403479057274,0.7223175349198552
10.0,2,0.01135768676216926,1.298002077289934,1.4933136883612363
15.0,2,0.10383349150222192,2.131473131871441,2.2055005166053396
20.0,2,0.1394221779063906,2.805925865105333,3.0767056661970664
25.0,2,0.03150336160355781,3.656661661776584,3.7716277523513817
30.0,2,0.03936094008242576,4.432446882859583,4.541500414093952
35.0,2,0.29381796857037173,5.10056098891477,5.419044190864378
40.0,2,0.3642811467695405,6.035403206539989,6.0298598560647525
45.0,2,0.06744012777735182,6.686150240000907,6.924770705429484
50.0,2,0.1323298191325975,7.444260147556444,7.712318680699532
55.0,2,0.8271147434075686,8.397151023169158,8.305085687912468
60.0,2,0.9466895907585313,8.903762996003628,9.344131597903647
0.0,2,0.005820066813132747,-0.2,-0.1
5.0,2,0.0030511314871732127,1.3297340020783173,1.4669352887931795
10.0,2,0.00011009389025742932,2.884396473206126,3.008942108536876
15.0,2,0.00766318654576848,4.446594964189431,4.543412908425073
20.0,2,0.01566020074049399,5.964852065774871,6.12182509771113
25.0,2,0.007353038959449012,7.543011143969204,7.640335310388262
30.0,2,0.0006201836373485782,9.08274081234821,9.197274932880687
35.0,2,0.022361428119780386,10.606405793818896,10.77027924228137
40.0,2,0.04194561693053896,12.204852201863588,12.268502125108027
45.0,2,0.017500369210785224,13.70551437954225,13.864509238300814
50.0,2,0.00286265649726188,15.26499092945726,15.40170197925721
55.0,2,0.06481155828753389,16.856895365190226,16.906466834395662
60.0,2,0.11183206678863113,18.32193365754652,18.538097832910882
0.0,2,0.09609565711373642,-0.2,-0.1
5.0,2,0.28924238242047917,0.04028429868208888,0.3800799301901687
10.0,2,0.20571228895696772,0.5406669858167095,0.6000614719277905
15.0,2,0.0007625686293021184,0.8328014129182071,1.028291273698527
20.0,2,0.2901402797739072,1.1207126794615756,1.460744236027408
25.0,2,0.7892013017520312,1.6827054361766707,1.6191157081845642
30.0,2,0.5112892309611021,1.8161304351034986,2.206054938129988
35.0,2,7.148768382544314e-05,2.276239448161491,2.466310153944242
40.0,2,0.8677260010445147,2.7693538410449863,2.693559989932998
45.0,2,2.1437131556871973,2.7907383870884837,3.3925396727617643
50.0,2,1.2595342501016393,3.516697251013004,3.3869450377095025
55.0,2,0.010590663087859348,3.73271743473109,3.891289082863685
60.0,2,2.5727915847957403,3.8515069643358677,4.492863782131136
0.0,2,0.05189001205449679,-0.2,-0.1
5.0,2,0.005041383075475098,-0.2818409055956032,-0.09732849574493692
10.0,2,0.032422683108798436,-0.33684906179617324,-0.12148974088491254
15.0,2,0.14159179088761667,-0.29775401296252635,-0.23975419105910742
20.0,2,0.13294916014145655,-0.442119039271316,-0.17455856609086526
25.0,2,0.008872977104316913,-0.41681701632713775,-0.27902999037559306
30.0,2,0.10177813666989093,-0.4246059000917321,-0.3504105079515506
35.0,2,0.3920117077265287,-0.5978529085449635,-0.2563329008388736
40.0,2,0.33845193943337437,-0.4666183440707183,-0.4667368666536701
45.0,2,0.013748794903458686,-0.6050596103930356,-0.4074650016718972
50.0,2,0.3150934035867003,-0.7074462200335436,-0.38424779337193027
55.0,2,1.080332658130896,-0.5206545971550993,-0.6502088175909155
60.0,2,0.8557139357156897,-0.8380528681111508,-0.4119799479754034
0.0,2,0.03274503013079614,-0.2,-0.1
5.0,2,0.2617440031438974,-0.4344311745000619,-0.13854418081384967
10.0,2,0.3337947555606267,-0.4168602301359223,-0.42909048049189785
15.0,2,0.06651979053508766,-0.6715286500954758,-0.4473974158462483
20.0,2,0.11118892083881264,-0.8186986915759081,-0.5732027296797177
25.0,2,0.738161195342865,-0.7865254063255905,-0.8783513702439373
30.0,2,0.8691342685469519,-1.1763605040788805,-0.7614916278045525
35.0,2,0.13914017422898617,-1.1282524852559825,-1.082575001941374
40.0,2,0.3677336780320534,-1.2317330536524163,-1.252069788858864
45.0,2,2.071209221771178,-1.6575094455593264,-1.0992687522658802
50.0,2,2.2505721728441817,-1.3783087972634882,-1.6514447558756462
55.0,2,0.27829469577982036,-1.801560398891579,-1.5011685095614813
60.0,2,1.190174134837556,-2.0177269309829002,-1.5579773327840958
0.0,2,0.07446090819524356,-0.2,-0.1
5.0,2,0.02928401069331024,0.6236366440299554,0.8492190847869747
10.0,2,0.006305954849820351,1.5230350633799796,1.7226763942538845
15.0,2,0.11934888402869614,2.46954990928217,2.5490172771686366
20.0,2,0.19808208607816125,3.244179494233477,3.547243421034265
25.0,2,0.06819517679701838,4.230479997161295,4.333798646923387
30.0,2,0.024954038326444772,5.102316912556792,5.234817460344847
35.0,2,0.3427444920202752,5.88361039920904,6.226379702509531
40.0,2,0.5244342295851585,6.95524680497732,6.927599025558183
45.0,2,0.15600098165001708,7.683403254230101,7.972298305122325
50.0,2,0.09268898548039123,8.582632712409508,8.845924575759874
55.0,2,0.9785614561929331,9.65201332810071,9.549399688885554
60.0,2,1.3816895719402134,10.232309836945351,10.74195890885784
0.0,2,0.0006645354611965994,-0.2,-0.1
5.0,2,0.008424198715078516,0.8080429747206765,0.8893739843484106
10.0,2,0.03183844322823604,1.7685370370178797,1.9262968811203025
15.0,2,0.027121513033562684,2.8157699283651705,2.8764809488420964
20.0,2,0.0010022521485149956,3.786711106560144,3.9029567297162027
25.0,2,0.026027640146730258,4.767081128886184,4.920003666459295
30.0,2,0.08767928307122505,5.830481070956642,5.8540206834579065
35.0,2,0.06849450329540611,6.750301688280417,6.931617025203215
40.0,2,0.0011697582534461635,7.790859048651963,7.8884766239008215
45.0,2,0.07946185680104341,8.824595910500397,8.85215672112146
50.0,2,0.24036460629658696,9.714104514130991,9.960065076559957
55.0,2,0.171693736639816,10.840746904841527,10.83083964491849
60.0,2,0.0007073643790725821,11.777094823894908,11.891908684934307
0.0,2,0.08152564520243936,-0.2,-0.1
5.0,2,0.18417394032122444,-0.4288975610406526,-0.12675500104919546
10.0,2,0.0979173964248012,-0.45177894703029986,-0.3595261771493929
15.0,2,0.0030866467818087334,-0.6160014221701866,-0.45095626409935635
20.0,2,0.2398682458139682,-0.8209477467967394,-0.501662501562659
25.0,2,0.4958581193982513,-0.7799260646184559,-0.7983367458307961
30.0,2,0.23633799862737967,-1.0760887324222126,-0.7578266401169005
35.0,2,0.018060150989447743,-1.1541689191932478,-0.9353990154357253
40.0,2,0.7005938356475244,-1.1446180850683163,-1.2006024116505263
45.0,2,1.3289534237419953,-1.5538470213747289,-1.0470260374339824
50.0,2,0.5634704773335741,-1.4124849452254822,-1.4440406756730801
55.0,2,0.08504087991302903,-1.605227731598271,-1.5069504513901446
60.0,2,2.032338908415615,-1.9759054439983388,-1.3919253010799286
0.0,2,0.010868392493782804,-0.2,-0.1
5.0,2,0.0034809982972048652,-1.1359196620833967,-1.048718746557319
10.0,2,0.05165779785708965,-2.037752264966429,-2.0315245523150005
15.0,2,0.08073087467662733,-3.0523965159851505,-2.9015187099369757
20.0,2,0.02498561339329384,-3.9321791721042394,-3.906374462458614
25.0,2,0.013119198362562768,-4.880654350885741,-4.842537692317822
30.0,2,0.1477078449150362,-5.8935239820433,-5.714306469801001
35.0,2,0.21297127551834608,-6.716226755648168,-6.776242104836831
40.0,2,0.05628903896301217,-7.757362891162395,-7.619744377963298
45.0,2,0.04703856225622568,-8.696801433144843,-8.564944244621582
50.0,2,0.4199798991512132,-9.516799322298931,-9.62958476410824
