0.0,2,0.21509348151726201,-0.2,-0.1,0.0
5.0,2,0.23804536501760803,0.5668617707528095,0.6370534252107986,0.7663942643050401
10.0,2,0.28425761129097393,1.330365316858972,1.3766178075464053,1.5336357961319291
15.0,2,0.28090161114476514,2.084692770807298,2.1298547112939494,2.296380898704731
20.0,2,0.1879124539303046,2.8254902205395016,2.9050420410974236,3.0507055794377576
25.0,2,0.1421781829718565,3.5529417930890004,3.7014416320703227,3.797163876184034
30.0,2,0.32255824055684745,4.27361399283229,4.505627051692312,4.542615717087443
35.0,2,0.565885323672764,4.999441284966503,5.293529350127744,5.299195586786468
40.0,2,0.42571544231035097,5.743147654592104,6.039610968438309,6.079717059118977
45.0,2,0.023049672711831212,6.51115349767371,6.7310687159606815,6.890562928783692
50.0,2,0.4333289174030299,7.2969589660223,7.381083152422292,7.725052484242054
55.0,2,2.1214051735048356,8.079078186583624,8.032965073914921,8.561360802456825
60.0,2,3.195155988582076,8.826802184715534,8.74864294809034,9.36826839041809
0.0,2,0.09192530783187973,-0.2,-0.1,0.0
5.0,2,0.22745882619057609,0.17584883218666053,0.3442595986056739,0.3702269059444373
10.0,2,0.5509158030578195,0.5536393970688818,0.7824722935953609,0.7445589828093095
15.0,2,0.6416097373742775,0.9466276624973268,1.187758731761047,1.136619615951955
20.0,2,0.26295348657501894,1.3646019500886257,1.5401840081893472,1.556555388669118
25.0,2,0.19727035892491537,1.8065036002252148,1.8415257764599524,2.0036473069986864
30.0,2,1.4618594309497852,2.2560104013313356,2.1241176604945986,2.461883958594678
35.0,2,3.0813827845985626,2.684005372354125,2.4459226650599537,2.9024193197433235
40.0,2,2.4286322934682913,3.0596288573654755,2.868440509112573,3.294613327416129
45.0,2,0.15916840816065098,3.367386316795028,3.42250392139696,3.623127792438939
50.0,2,2.4576106209324915,3.6231079565839672,4.076371390483326,3.903874020300349
55.0,2,11.964361673034253,3.8789474659154894,4.725741569721476,4.188999668467394
60.0,2,17.65169005289471,4.209525431136835,5.2214779122238895,4.5530206974804255
0.0,2,0.06924706439249842,-0.2,-0.1,0.0
5.0,2,0.08725691881746767,1.7473043341352155,1.8289631237155117,1.9375055309463964
10.0,2,0.11119996975267571,3.693370250026541,3.759067490741388,3.875108236826289
15.0,2,0.12509239531352978,5.635475233921311,5.695386091153901,5.810457641316149
20.0,2,0.11945230397129311,7.5715469163180975,7.641681276450612,7.7418637624197775
25.0,2,0.12112992549935593,9.50156037668809,9.59761754678158,9.669687020515996
30.0,2,0.1655025994664365,11.42837688486196,11.557092517464525,11.597168530456234
35.0,2,0.2172658479481297,13.357283722937312,13.509166723338543,13.529960475304039
40.0,2,0.1827211152819658,15.293914571963832,15.44223320862805,15.474036129785052
45.0,2,0.08569655555215563,17.241027428893506,17.350472855375354,17.43245661490518
50.0,2,0.14769601879223734,19.195499555252837,19.239876297776153,19.402354034942054
55.0,2,0.4648177813845492,21.14739131544779,21.130128522012985,21.37398303930743
60.0,2,0.6472003767868217,23.082568698285883,23.04937634458534,23.33333082269406
0.0,2,0.08194669936016241,-0.2,-0.1,0.0
5.0,2,0.14683748219239512,-0.08122685770394615,0.06820343202717422,0.11735517953388215
10.0,2,0.3028673227898498,0.03843909605199857,0.23214991407926314,0.23807449758296065
15.0,2,0.3416563013104458,0.16830679905981913,0.3729166934160613,0.37177176909543824
20.0,2,0.14631432311692,0.3152523400779991,0.47646982831076445,0.5256048470396328
25.0,2,0.10521365616797493,0.4785254412958741,0.5440607662549082,0.6990725617346898
30.0,2,0.7234954123091958,0.6466416608749809,0.5984520032777146,0.8808968589898496
35.0,2,1.5190665836844597,0.7991217359295857,0.6804488221101552,1.0507517189598679
40.0,2,1.1914554613851318,0.9142733692727327,0.8333463112315215,1.1870343503523746
45.0,2,0.06735326618088744,0.9812360050624258,1.0788503538832575,1.2788994257679185
50.0,2,1.2137723931735094,1.0112171152802587,1.394615294359379,1.337485128930954
55.0,2,5.94119166743364,1.0410119028199094,1.7072141949706443,1.3994231946370488
60.0,2,8.785966850733114,1.1232487851295523,1.911656657345407,1.5170756038096826
0.0,2,0.00012084631973102334,-0.2,-0.1,0.0
5.0,2,0.011153093973374568,-1.6373072795945016,-1.5132682464153955,-1.4297438931729216
10.0,2,0.03854083588698594,-3.074120898084106,-2.9282563918432882,-2.85826154843825
15.0,2,0.04851673840943362,-4.506571841867145,-4.352609633888112,-4.2817767817932175
20.0,2,0.02215169852846218,-5.931765169343168,-5.791997985742075,-5.697514521646014
25.0,2,0.022854574458895896,-7.349879806279749,-7.245915835801256,-7.105801453833044
30.0,2,0.1329169558240606,-8.765426034311254,-8.705166647890243,-8.511323832895355
35.0,2,0.27326890705392376,-10.186545005713592,-10.153264213365667,-9.922426715200368
40.0,2,0.23101858114923107,-11.621867354658526,-11.57271638870744,-11.34797161009651
45.0,2,0.058639232308375686,-13.075649832421485,-12.954753531948697,-12.792471408275128
50.0,2,0.2556885530246665,-14.54323893222501,-14.308403766841732,-14.251551492761433
55.0,2,1.0348133961652755,-16.009652491136656,-15.663333149685547,-15.7105279701888
60.0,2,1.5027831336437716,-17.453524631157986,-17.061960051271036,-17.148348347764905
0.0,2,0.019519459808522224,-0.2,-0.1,0.0
5.0,2,0.04285123097377768,-1.3622606651804403,-1.234271058735404,-1.1449014003745854
10.0,2,0.08471268356130253,-2.5240168857718164,-2.3701815827381245,-2.2886677800709045
15.0,2,0.11421922999860397,-3.681460403356361,-3.5150192300876406,-3.4278197394272683
20.0,2,0.11362876040087272,-4.831699010419102,-4.674188847014088,-4.55984463972852
25.0,2,0.13963892282532514,-5.974759529582992,-5.8472084676244585,-5.685197624244731
30.0,2,0.2657189249885161,-7.114788316371675,-7.025311646022896,-6.808498783347995
35.0,2,0.4183565744178828,-8.259385811109398,-8.192783176686183,-7.937862882237482
40.0,2,0.40215280680232374,-9.416614803456884,-9.332948963319305,-9.081901227547247
45.0,2,0.2626647021254024,-10.590367714110378,-10.437449489865239,-10.245080914638258
50.0,2,0.4516977885362108,-11.776046024325723,-11.514890665864872,-11.423394552713642
55.0,2,1.1605810038737931,-12.959212291947024,-12.593551168477209,-12.603000906770287
60.0,2,1.5762753724133223,-14.119355071379763,-13.713865607585134,-13.763976812520061
0.0,2,0.00042429709587076805,-0.2,-0.1,0.0
5.0,2,0.0045724962802436665,0.35807264622094637,0.47753953939486266,0.5702459435587472
10.0,2,0.017639977996930033,0.9159480197763942,1.053943062444678,1.141825176128048
15.0,2,0.025551318299216072,1.4762063369221716,1.6241608136832089,1.7172072369183011
20.0,2,0.0206879994216056,2.040799155411881,2.184447673416684,2.2981856878696725
25.0,2,0.03127460080699326,2.60966348829795,2.7351376048849168,2.884489552689922
30.0,2,0.09362280723223435,3.1798920511697095,3.2823050434687557,3.472951680408849
35.0,2,0.17341792275751047,3.7461965070736993,3.836839350898567,4.057971046249584
40.0,2,0.1776580438011239,4.302982641776325,4.410294322370624,4.633588069249458
45.0,2,0.12874373988930382,4.847562560002084,5.0084624239204505,5.196698178648387
50.0,2,0.2437094875222973,5.38315048724168,5.625380458829427,5.750050345674292
55.0,2,0.6139771314519673,5.9197986497686275,6.241453599375864,6.303187171775388
60.0,2,0.8480764819122353,6.471790103087139,6.828663943230322,6.869843503776922
0.0,2,0.016901950304294457,-0.2,-0.1,0.0
5.0,2,0.038579264261727024,-0.33388345739906394,-0.25522760208480255,-0.15829035918993242
10.0,2,0.07274985554203717,-0.4674067993322618,-0.40967913632219305,-0.31771690169314576
15.0,2,0.11331263816605952,-0.6024924825590136,-0.5599048699053083,-0.4798069035570746
20.0,2,0.1565672362724288,-0.7406562761929819,-0.7033463299814339,-0.6456030685207836
25.0,2,0.2147831801134058,-0.882059339272786,-0.8402316630325831,-0.8147160910636448
30.0,2,0.30313585758498596,-1.0249395698910801,-0.9747106103990374,-0.984758331752711
35.0,2,0.40291640460041744,-1.165925568464822,-1.1142222230721082,-1.151662139179738
40.0,2,0.46712523959760266,-1.3014510583475487,-1.2666594587600795,-1.3111008322828575
45.0,2,0.5018367466235473,-1.4299453070844728,-1.435979431871616,-1.4606880291082014
50.0,2,0.6034075638430547,-1.553874955757317,-1.6181083935902507,-1.6020308373905354
55.0,2,0.8093749558940312,-1.6803778609391182,-1.7996601670033905,-1.7413775774694478
60.0,2,0.9321963817701459,-1.8194757771585524,-1.9614943645236242,-1.8878468824036398
0.0,2,0.06206003338278025,-0.2,-0.1,0.0
5.0,2,0.0614474423192919,0.8895529164346598,0.9716010222223461,1.0842271653065605
10.0,2,0.06684988712524127,1.9798935604680494,2.044500120505836,2.1663685269532422
15.0,2,0.05962327126741187,3.0682340900081515,3.124467428980939,3.243441792901624
20.0,2,0.030078899364962657,4.152509782280885,4.215782331691524,4.3132323018818735
25.0,2,0.015979341525262317,5.23295946976724,5.318063223488371,5.375882826562187
30.0,2,0.06639899777504228,6.313070049460152,6.424369113436602,6.434847460884583
35.0,2,0.13900712532482346,7.3990431049853145,7.522257205404899,7.496367417354639
40.0,2,0.11565050389529785,8.497419246147432,8.598525484277072,8.567104101283956
45.0,2,0.029570827568810142,9.611402872774319,9.646555153124162,9.65047190977349
50.0,2,0.16867586179975755,10.73743391462272,10.673160095339764,10.743217029672994
55.0,2,0.6571246059810983,11.864113143597105,11.70073046129336,11.834348538708639
60.0,2,0.9884560384516734,12.975175859272149,12.761281079341806,12.908116308948681
0.0,2,0.04533223585777619,-0.2,-0.1,0.0
5.0,2,0.043036964169363034,-0.18869461182062616,-0.09704388515817212,0.01640317676797083
10.0,2,0.043222295583284824,-0.17910990903593696,-0.09316248852823907,0.03360175714252959
15.0,2,0.03665252103661908,-0.17338254229609693,-0.08424279995181193,0.04961938161545479
20.0,2,0.01876268410094485,-0.17309781465504476,-0.06723443105903079,0.06299096487080871
25.0,2,0.009220338885018413,-0.17815574511324006,-0.04240939387245952,0.07388853793161534
30.0,2,0.03355424722601488,-0.1860904370788309,-0.014715297161490578,0.08479381297541197
35.0,2,0.07094194490507111,-0.19244308027861365,0.0069785077330536014,0.10011733106982497
40.0,2,0.06209041542539616,-0.19244852003034768,0.013261490474044712,0.12450446786974576
45.0,2,0.024632735306946922,-0.18364875275669354,-0.0005842945511070627,0.160215165410429
50.0,2,0.10553337972505754,-0.1683311699993347,-0.0297018421182507,0.2046798100093915
55.0,2,0.3684137443778961,-0.15429017884046456,-0.058131225848724,0.2497328823701724
60.0,2,0.5562493610052358,-0.1527043656898622,-0.06305195123179495,0.2837324743918184
0.0,2,0.06646754607949999,-0.2,-0.1,0.0
5.0,2,0.07501190322943652,1.1813725242930917,1.2890950702549475,1.3767906078487948
10.0,2,0.08500468243094533,2.562239375323367,2.6773399688691604,2.7549370606011263
15.0,2,0.08752660719327483,3.9443349801339327,4.060955561054015,4.1364840660025415
20.0,2,0.07745761027100939,5.328909846276646,5.437139075028368,5.52298388828231
25.0,2,0.07007434755477292,6.715696421480451,6.8061404421218095,6.914454148381903
30.0,2,0.0856526671430532,8.102291794613505,8.172505646832494,8.308751772934967
35.0,2,0.10552705735121638,9.484508693502445,9.544384067088998,9.701914656186435
40.0,2,0.07890409460253817,10.85793344903365,10.93042232937826,11.089709840762856
45.0,2,0.02045649083593099,12.220335483420241,12.334955398047395,12.470032940104009
50.0,2,0.05473543070679371,13.573915406658367,13.753520537361577,13.845146079948472
55.0,2,0.2367732503894699,14.92601199633452,15.171453374834737,15.222374855195957
60.0,2,0.351854795288803,16.287158030200946,16.567785879419475,16.612154519141676
0.0,2,0.17812038583050704,-0.2,-0.1,0.0
5.0,2,0.25941665997605096,0.3558919430026995,0.41527216953937546,0.5281179994836445
10.0,2,0.37499938767562424,0.9102424329835289,0.9328140210470363,1.055507770020845
15.0,2,0.46263697504760243,1.457643462525224,1.4627146161601587,1.577488257391699
20.0,2,0.48493872472498173,1.9939595858970358,2.0124564446115,2.0907124175942133
25.0,2,0.5470799655919477,2.519104450681596,2.5813722709807854,2.59593383846603
30.0,2,0.7866022835606671,3.038706674132164,3.157325794138484,3.0996602038834276
35.0,2,1.0599673039226771,3.563192736301768,3.7185608236271603,3.613221224250825
40.0,2,0.9911056417460266,4.103649536078436,4.241993676948199,4.148613683178779
45.0,2,0.6673125643897944,4.6654152735546734,4.716051408192589,4.7120723264838436
50.0,2,0.9565110685695034,5.242102493037458,5.152648071347897,5.298070555871488
55.0,2,2.229831559370203,5.813736308797249,5.590932774915729,5.887434148569566
60.0,2,2.9361795142485376,6.351970766377615,6.086883347017893,6.45253123091266
0.0,2,0.02833905808537334,-0.2,-0.1,0.0
5.0,2,0.04903126574372681,1.0320846706186284,1.156707220365648,1.245944357422508
10.0,2,0.08389532209154721,2.2649293527204337,2.411912285551057,2.4926308585421024
15.0,2,0.10658066463123508,3.502032699386021,3.6589379004929588,3.7432381453414147
20.0,2,0.10181826421804141,4.746048230822308,4.892831890891034,5.000064871913822
25.0,2,0.11692938884005769,5.9969482564943695,6.114035856562925,6.262697128976734
30.0,2,0.21346616205624014,7.250923103005013,7.330582027514943,7.526912359920804
35.0,2,0.32979339332771324,8.500990076877395,8.556869414117138,8.785294247853015
40.0,2,0.3022046793150154,9.73973396983249,9.808175607560077,10.029980409861778
45.0,2,0.16957028175516337,10.96355122534904,11.092159989594428,11.256915020717654
50.0,2,0.31212163902617246,12.176608244304902,12.40093742117201,12.469816818591104
55.0,2,0.8917252442320379,13.392076239061053,13.708597648363272,13.681424845050369
60.0,2,1.2273432095794907,14.628681604722352,14.978092579996684,14.910060796162405
0.0,2,0.008695149115071103,-0.2,-0.1,0.0
5.0,2,0.006606977007393198,-1.2046529018370278,-1.1046358097659528,-0.9994543421401406
10.0,2,0.004640082707204362,-2.210129816430791,-2.109052385307896,-1.9983039057475502
15.0,2,0.0025894416560142937,-3.216937087133522,-3.1122751990797455,-2.997016875016111
20.0,2,0.0005892826287857007,-4.225440878790415,-4.113581498795894,-3.9959498373862368
25.0,2,0.0001973660471530214,-5.235597451592451,-5.113035734384418,-4.99508208273884
30.0,2,0.0033399183283154468,-6.246790942869348,-6.111810181343628,-5.9938571982459035
35.0,2,0.00934650604024235,-7.257920932856172,-7.112006324198122,-6.99127411914768
40.0,2,0.015348715815887436,-8.267801419671663,-8.115853873229216,-7.986289137044259
45.0,2,0.02270646520406465,-9.275779631594895,-9.124470688053865,-8.97843716403955
50.0,2,0.03989252035161575,-10.282313567218171,-10.136705960577752,-9.968411009635483
55.0,2,0.07049417697201964,-11.289152569132161,-11.148778181081507,-10.958242840960729
60.0,2,0.09983634794699241,-12.298834785645385,-12.155280311979666,-11.950801547292528
0.0,2,0.1275027364411533,-0.2,-0.1,0.0
5.0,2,0.2410455251226636,0.7318155381380026,0.8867609908929235,0.9202906022875291
10.0,2,0.490942534376388,1.6652044432577684,1.8683677269334358,1.844162092445717
15.0,2,0.5704309024457505,2.611379569365435,2.821908806600897,2.783313017989024
20.0,2,0.30636688397399486,3.578590390836013,3.730392131640199,3.74648600279762
25.0,2,0.2658475369815673,4.5658341493011605,4.595332936983228,4.7331685703078845
30.0,2,1.1867632671133175,5.559092699729808,5.444291731045313,5.729818357135618
35.0,2,2.359473928646729,6.533438595900168,6.326674973322441,6.711956350006617
40.0,2,1.8745638266544793,7.462457720990182,7.294903744914076,7.653575584643451
45.0,2,0.20828752899756298,8.33283397033044,8.375259222408612,8.541710989127063
50.0,2,1.8547928945001995,9.15795555317038,9.54068560176154,9.390030158252616
55.0,2,8.734089323265497,9.98217872478733,10.702278584802137,10.24308113491358
60.0,2,12.836630266734925,10.869019867614488,11.732917281355082,11.164468426851988
0.0,2,0.015376112607545471,-0.2,-0.1,0.0
5.0,2,0.0327196103463067,-0.9663518897478542,-0.8412398856483024,-0.7772805996287986
10.0,2,0.08599630327329344,-1.7302345114501376,-1.5850757809306903,-1.5544344576690783
15.0,2,0.09899779705553999,-2.4858743672245502,-2.3430473207276883,-2.3256954371226266
20.0,2,0.029613962332997255,-3.229015099176232,-3.1237128033844273,-3.0867615975391667
25.0,2,0.023604072138082053,-3.960090556131623,-3.9263090604907753,-3.837962258502399
30.0,2,0.26998590498679614,-4.686125810985827,-4.736954872080847,-4.586153567083097
35.0,2,0.5903123403387494,-5.419681987059797,-5.5307660117222355,-5.343658626392735
40.0,2,0.501300441701282,-6.174115801068815,-6.281339898351232,-6.123523300779722
45.0,2,0.12414037143867858,-6.956238811007734,-6.975439664647094,-6.932172899569881
50.0,2,0.598320673254716,-7.759468917650305,-7.626692329445488,-7.76256250315387
55.0,2,2.409178103056181,-8.561686682946245,-8.27987573574643,-8.59203370658194
60.0,2,3.5218495674656958,-9.331185477776922,-8.99901602603584,-9.38826699648687
0.0,2,0.13004607951610422,-0.2,-0.1,0.0
5.0,2,0.1192753927432885,0.26786912657656414,0.3762738156088216,0.4743577272553768
10.0,2,0.10353062527354767,0.7339447532084789,0.8521095012642131,0.9509470844088427
15.0,2,0.08178028336550724,1.1990533195163626,1.3255595065309134,1.4308891822750216
20.0,2,0.05491542520137474,1.66379963081962,1.795179442757139,1.9150236041863071
25.0,2,0.030216830569317583,2.1280385255763905,2.261098110289259,2.4033667113381973
30.0,2,0.017249598115355962,2.5905612296479488,2.7256582501469078,2.894784536849776
35.0,2,0.016082451354486743,3.049280466202585,3.193059586716618,3.3871646331661873
40.0,2,0.018875568448160622,3.502037187700345,3.6677580979192737,3.878210069906532
45.0,2,0.03545772592196653,3.9478456165878355,4.151987777029298,4.366672631349837
50.0,2,0.10465915089718895,4.388054450234234,4.643448784689557,4.853503459483926
55.0,2,0.2460963524688778,4.826713049154837,5.134583940059661,5.342210374634023
60.0,2,0.4063408580832792,5.269570411352672,5.614587516359016,5.83785010557762
0.0,2,0.10683917396732705,-0.2,-0.1,0.0
5.0,2,0.16002853729783378,0.1698745759541164,0.23091824060749971,0.352498391470449
10.0,2,0.24926611289653244,0.5379215281381011,0.5644063310327662,0.7042545568932587
15.0,2,0.29690491726801305,0.8981700080231575,0.9118876220235693,1.0498159940494607
20.0,2,0.2581308544230738,1.2461087067171166,1.2818341705221534,1.385221954888981
25.0,2,0.2718378260327976,1.5818281478463578,1.6734904985156511,1.7111373937983059
30.0,2,0.5191966284644824,1.9119048527006834,2.073115266168017,2.0347271293236675
35.0,2,0.8215392366460618,2.248360301044219,2.456075003740604,2.3686031514396184
40.0,2,0.7021854766789368,2.603973021277539,2.7962331872220823,2.726123455756905
45.0,2,0.278032568969652,2.9850179252072713,3.0804863363228363,3.114116610758528
50.0,2,0.6656249757024999,3.384494310375514,3.3223241513165265,3.5260936186286593
55.0,2,2.342767213988087,3.780012654651676,3.566073251859143,3.940117381841982
60.0,2,3.320348969475228,4.139695045523665,3.8751145932594824,4.3246848576017305
0.0,2,0.16238068112443751,-0.2,-0.1,0.0
5.0,2,0.1781335181333178,-0.8588052663229625,-0.7559485024425923,-0.66595223661779
10.0,2,0.18974971687024306,-1.5187931538720691,-1.4124429491686035,-1.330175907726019
15.0,2,0.1922925409846839,-2.1789926696337334,-2.0719101407619167,-1.9912152057543657
20.0,2,0.18272654312146253,-2.838739621349355,-2.7361498987624864,-2.64793450142151
25.0,2,0.1669613073044685,-3.4983369867445773,-3.4050017278372597,-3.3001913123348534
30.0,2,0.1537080806524341,-4.1594472865314245,-4.075546388940378,-3.9492423568282042
35.0,2,0.13655485281214824,-4.824862889830682,-4.742550696112268,-4.597528451740472
40.0,2,0.09693742575806495,-5.49750105152137,-5.400462151392145,-5.247684840153279
45.0,2,0.044487267521028495,-6.17885200742932,-6.04649702395357,-5.9010050170672494
50.0,2,0.0353647204740507,-6.867530668269505,-6.6835210940062195,-6.55600829155772
55.0,2,0.09819093627418908,-7.558818015187726,-7.320951201568229,-7.207996842460851
60.0,2,0.15125816850495546,-8.245905125649292,-7.972252129674546,-7.850314809276297
0.0,2,1.0226113872811603e-05,-0.2,-0.1,0.0
5.0,2,0.13124118325267786,-0.9287913932232329,-0.902221832633343,-0.7307802259894453
10.0,2,0.46018843569093504,-1.6605628787396018,-1.6982936650855893,-1.4647303598668622
15.0,2,0.552626114197909,-2.4089956330227347,-2.4608778651411405,-2.215506857374181
20.0,2,0.16453230843836036,-3.1842429487616672,-3.169699648114604,-2.993231210507763
25.0,2,0.10546634447937674,-3.9854203919254725,-3.8265669756556777,-3.796979891648873
30.0,2,1.4275262830792033,-4.796108745016584,-4.464364743175686,-4.610287222883736
35.0,2,3.1209874606382817,-5.586859257079415,-5.142044194559015,-5.403650711283459
40.0,2,2.4666684595847173,-6.326428179413946,-5.922153587019598,-6.145765848334323
45.0,2,0.1401906598666514,-6.999169965536492,-6.836051331308523,-6.8209197697688175
50.0,2,2.535496924797668,-7.621262561384685,-7.851454739716811,-7.445217217358375
55.0,2,12.379605401217805,-8.24578487940214,-8.86228418182146,-8.071658909082183
60.0,2,18.260683780607515,-8.948617570781627,-9.716860410091337,-8.77604344127875
0.0,2,0.04541210475410333,-0.2,-0.1,0.0
5.0,2,0.039094361191498436,0.12152467154087056,0.2095395766608075,0.3137064929255713
10.0,2,0.033595745950399956,0.44411530411824424,0.5197648264667887,0.6256613516694639
15.0,2,0.02455499582334551,0.7663134857335153,0.8337236648180973,0.9342750728301336
20.0,2,0.010403778681902521,1.0870294233781512,1.1536765591901152,1.2383769819407255
25.0,2,0.003087955592179167,1.4063749683975124,1.4794219371089896,1.5380568001297312
30.0,2,0.01793276893415821,1.7261608393265204,1.807293410119215,1.835170197317762
35.0,2,0.04489642301216658,2.0496133528013982,2.1307184117791476,2.133063423310211
40.0,2,0.05279488854448796,2.3801182371714065,2.442723339001626,2.435324352844994
45.0,2,0.05254194587953409,2.7192782579242345,2.7398119934949037,2.7438464187261453
50.0,2,0.12577660736324636,3.065101639127564,3.025583622635274,3.0570221495096814
55.0,2,0.30791104267648756,3.411434093575459,3.3118652104372686,3.369178848387022
60.0,2,0.4576540146881017,3.749529753715394,3.615567713591957,3.6721514262196413
0.0,2,0.12676123982652687,-0.2,-0.1,0.0
5.0,2,0.10802134387484895,0.06054569425310924,0.172628403295718,0.2720997614675094
10.0,2,0.08580435898686595,0.319088437836423,0.4447214389187036,0.5467378412775393
15.0,2,0.059284102474230514,0.5767004683880146,0.71389932083543,0.8252217878255507
20.0,2,0.030216110858738383,0.8341857466021965,0.9783970955544402,1.1085125939086886
25.0,2,0.009479270656957462,1.091433215732262,1.2383721491232524,1.396563930226119
30.0,2,0.01082095292023402,1.3470322098443914,1.496687165998103,1.687923778255405
35.0,2,0.033158481668036525,1.5984971313176233,1.7584739493194128,1.9799459324771445
40.0,2,0.06287330180552747,1.8432515436778636,2.0291774281785107,2.2697619002740597
45.0,2,0.11197245643482268,2.0801476983984717,2.311527404020956,2.55578962872732
50.0,2,0.23504583958247113,2.3108834893302226,2.6027136155655324,2.839141485267322
55.0,2,0.4573894028234019,2.540447843445887,2.8935016557892865,3.1240629499441677
60.0,2,0.6948329385813294,2.775895392212951,3.1706875956904566,3.4167033202922372
0.0,2,0.10974063560173367,-0.2,-0.1,0.0
5.0,2,0.1539013172559986,0.5060861748494858,0.5712357301646357,0.6917740466353294
10.0,2,0.22658024676425165,1.2102649278725688,1.2448227827576872,1.3831041926686467
15.0,2,0.26255166233474414,1.9070654247050403,1.9312131229621674,2.069009307281158
20.0,2,0.22420309240571107,2.5923568055245387,2.6381583856656037,2.7458686154077063
25.0,2,0.22788836576792143,3.2662239509685667,3.3649673349897085,3.414288472289031
30.0,2,0.4255697224289835,3.9346920757034076,4.099067127054828,4.080816507138553
35.0,2,0.6682162275710226,4.608774814216871,4.817919001235427,4.756977846093907
40.0,2,0.5575820376467049,5.30018547925449,5.4976089549763305,5.4549731789648765
45.0,2,0.19260909129921586,6.014694249339822,6.126147763505582,6.181021551999763
50.0,2,0.509345521176174,6.745932357867665,6.715878029331282,6.92914912929573
55.0,2,1.909293796531786,7.473458779093254,7.307357054382965,7.679239634667962
60.0,2,2.7288419744038324,8.16815895176396,7.958576189253126,8.402416278776672
0.0,2,8.708829390095844e-07,-0.2,-0.1,0.0
5.0,2,0.007923633306148635,-0.5650411687792022,-0.4598364403766496,-0.3843218364922398
10.0,2,0.02985266124643142,-0.9283940699086121,-0.8209332638025963,-0.769071557584971
15.0,2,0.04907905153854389,-1.2873620317991386,-1.1888930535685405,-1.1513432515765836
20.0,2,0.056705800543009416,-1.6400079230379196,-1.5678709306814915,-1.528918928872938
25.0,2,0.08774065182075153,-1.9866947892647906,-1.9574963708894402,-1.9018060680861983
30.0,2,0.18684964614489927,-2.331008382999217,-2.3510299329673567,-2.2731583579219294
35.0,2,0.31139204375166,-2.679243863448583,-2.7363901297056645,-2.6487621263822976
40.0,2,0.34605908513387634,-3.038102632576611,-3.100758300806134,-3.0347346318018493
45.0,2,0.3171362751828999,-3.411126031436234,-3.4377078433094526,-3.433961136086921
50.0,2,0.4900382051968706,-3.7953673164413937,-3.75385478179711,-3.842772358242128
55.0,2,0.9751582482625096,-4.180347122560271,-4.07093911043557,-4.249907669132787
60.0,2,1.2881887801905385,-4.550937793573125,-4.420046023840908,-4.639409530362581
0.0,2,0.0038654655753477987,-0.2,-0.1,0.0
5.0,2,0.01778123162227566,-0.9180516532242059,-0.7943209865656305,-0.7174594810317003
10.0,2,0.05222602550910088,-1.6348557679902302,-1.4906316278455836,-1.434176845807265
15.0,2,0.06172646098293827,-2.345955551135246,-2.1977762241999117,-2.14576458712947
20.0,2,0.020731624636608752,-3.0480386809303677,-2.9223140959120815,-2.8489757064437073
25.0,2,0.013984782682136647,-3.7413679473496684,-3.6636603292725485,-3.5441323274854857
30.0,2,0.1516401205965881,-4.431237236204506,-4.411175967328729,-4.23657952139602
35.0,2,0.32807899945227614,-5.127162143906257,-5.145789039860209,-4.93587366198438
40.0,2,0.2587933572553196,-5.839246486410889,-5.847263867001367,-5.652146613160191
45.0,2,0.014627979179022237,-6.572556327208969,-6.505455341768843,-6.390477418416166
50.0,2,0.2649710607440322,-7.321871797294407,-7.130807594227713,-7.145641816693362
55.0,2,1.2954328939786053,-8.07004538642541,-7.7576396212152225,-7.9004683213963505
60.0,2,1.91178229926344,-8.792564186468647,-8.435022857044881,-8.630398406344902
0.0,2,0.08063972470142598,-0.2,-0.1,0.0
5.0,2,0.14553489572716605,0.15804696215418942,0.2163193501806324,0.3291109983995461
10.0,2,0.2501382435073567,0.5152278079454241,0.5349531113825017,0.6567737021408007
15.0,2,0.33208297444944834,0.8660986700861982,0.8661891722936157,0.9781440898232557
20.0,2,0.35483035891043524,1.2065049203112355,1.2176574814907877,1.289746841135395
25.0,2,0.4298465178148968,1.5364098700666478,1.5886776542187755,1.5922990293863435
30.0,2,0.7017379520812854,1.8615908399707166,1.966874216960315,1.892398807475077
35.0,2,1.022020958219671,2.1927013034196885,2.330062225887072,2.2015776458336984
40.0,2,0.9992861351540979,2.5410492461935337,2.6547030839921395,2.532066155689139
45.0,2,0.7224956126177173,2.9120591642461218,2.928995775126932,2.8902408572361233
50.0,2,1.0906313048971539,3.2991748888119847,3.1650891458002035,3.2705090727313673
55.0,2,2.4842800794573803,3.68195891865202,3.4029038234185296,3.6533876760073936
60.0,2,3.2834495505507704,4.031409684342038,3.699520801777443,4.010797242692884
0.0,2,0.002520144962994476,-0.2,-0.1,0.0
5.0,2,0.01329489054171952,0.6532365415964505,0.7738730739836577,0.8527635932022577
10.0,2,0.040363596719121965,1.507615623299226,1.645973977313693,1.7061568169518195
15.0,2,0.04767846159707202,2.367098856103795,2.5084251574493956,2.564095612793916
20.0,2,0.01500135060913407,3.2346268750613,3.355384276607035,3.429481683461148
25.0,2,0.009596823979588864,4.109954393411351,4.187372313076724,4.302039337423762
30.0,2,0.11888879025884648,4.988353413294416,5.013865306676215,5.177020532723571
35.0,2,0.25911804221206886,5.8613342256987595,5.85185051941041,6.045927716367387
40.0,2,0.20459906938401284,6.719881865590278,6.719351720808635,6.89975208385992
45.0,2,0.011547772592140376,7.559467303133666,7.625405082194703,7.733986493712803
50.0,2,0.21100807744289762,8.384722188816756,8.560708094610284,8.553301804396414
55.0,2,1.0295395458661118,9.210901393259924,9.494693082860858,9.373010820484971
60.0,2,1.5196702807891953,10.059819785321512,10.383652485430327,10.215006234636169
0.0,2,0.000713654227163772,-0.2,-0.1,0.0
5.0,2,0.026085677205014902,0.013680487261534065,0.07195545352764543,0.19423851680987292
10.0,2,0.09564376305230235,0.22719621341049345,0.24662813110895299,0.385924570678664
15.0,2,0.1264498381973805,0.4344164447883563,0.4360964830917114,0.5691104449170946
20.0,2,0.07259323162927679,0.6307332393613031,0.6493184169568409,0.7394461740780687
25.0,2,0.09354650640689983,0.8163775000060071,0.8854951299827305,0.8974996580065427
30.0,2,0.3956363674563374,0.9984045090336694,1.1300972520584007,1.0507449845022803
35.0,2,0.7819961274560683,1.1895863861327032,1.3570786477108305,1.212456169349885
40.0,2,0.7211463658767742,1.4034485579153775,1.53880393092192,1.3967431719551935
45.0,2,0.34322292330630794,1.6465861104384676,1.6614181707212006,1.610865837231896
50.0,2,0.8934379187728911,1.9114971876922489,1.739184666779684,1.8480627215187206
55.0,2,2.8999681184696433,2.1743428971901593,1.8189720556666085,2.085304080732981
60.0,2,4.129828882229877,2.4011811600620008,1.9677960264383032,2.289516304688567
0.0,2,0.026185489761845027,-0.2,-0.1,0.0
5.0,2,0.0847101909479932,0.8753709203113855,1.023987487893423,1.0768254758232019
10.0,2,0.2285440513151718,1.9534373180352467,2.143909054870766,2.1550213951500004
15.0,2,0.2677347371281878,3.0433256917877216,3.241691099737149,3.243534860559141
20.0,2,0.09556579495617416,4.151822508181106,4.303929448721204,4.348983579209704
25.0,2,0.06596436157262581,5.278406539628441,5.33181939107013,5.470693489441467
30.0,2,0.6390397725246716,6.412272907997098,6.3471019642049376,6.597728431966059
35.0,2,1.3739058190619535,7.5339864559196466,7.3887513288541955,7.710549403422296
40.0,2,1.0827122438639964,8.622906252188653,8.498119722380743,8.788445097654645
45.0,2,0.061650030833594105,9.668681793148288,9.695938984526634,9.821034178577067
50.0,2,1.1065115983377232,10.681977188843922,10.960866212638456,10.818995438797707
55.0,2,5.410481471105527,11.697825444354862,12.22276947575587,11.817427804197527
60.0,2,7.9869271716280625,12.766304821908642,13.381369780884853,12.866532005542814
0.0,2,0.004606606966479224,-0.2,-0.1,0.0
5.0,2,0.007230730271031903,0.9003693801075989,0.9906377697193731,1.1101525715579128
10.0,2,0.01896339922413169,1.9992674403482982,2.082517086344372,2.2205349160770917
15.0,2,0.022836624793757036,3.093953272851296,3.181156803807544,3.328369087495779
20.0,2,0.009703382446161533,4.182420443404975,4.290649945758856,4.431568496375645
25.0,2,0.013370873958384776,5.264915032338394,5.410631525348648,5.530252049237324
30.0,2,0.07747751853080996,6.344845167773659,6.534462820798389,6.627650339737207
35.0,2,0.16149662863811637,7.428276579021574,7.650242900031228,7.72959857064129
40.0,2,0.15500428057797122,8.521665452414599,8.745344674769164,8.842267643895257
45.0,2,0.08560534171421712,9.628347460635128,9.813437586201216,9.968652445627539
50.0,2,0.21353716211125554,10.745261958161914,10.861038783896534,11.105296471790261
55.0,2,0.6491038924049481,11.861925987231947,11.90956336265582,12.241267585345721
60.0,2,0.9258515653665184,12.963278877219645,12.989631955792284,13.361005823606463
0.0,2,0.007164628986949905,-0.2,-0.1,0.0
5.0,2,0.03592786834932636,-0.7345000310238278,-0.6602639507737295,-0.5243139477299928
10.0,2,0.10209071464545129,-1.2704827584726723,-1.2179080680689132,-1.0497650325135124
15.0,2,0.1268298543519255,-1.8136731187670863,-1.7612868166020632,-1.582273853213494
20.0,2,0.06570774159452568,-2.368276954279856,-2.281763357653681,-2.126271406176646
25.0,2,0.06532819808877487,-2.9337824762016873,-2.780107863308045,-2.6814993081279996
30.0,2,0.31615002812117476,-3.503045578001337,-3.2703289428984843,-3.241093056265468
35.0,2,0.6343260907156383,-4.063358526932961,-3.7775391879343303,-3.792647791825591
40.0,2,0.5256667765783218,-4.601237736649133,-4.328383478650993,-4.323002220920286
45.0,2,0.11193370863137905,-5.109835585096884,-4.936220158446957,-4.825645622204137
50.0,2,0.5525424781424741,-5.595855248442167,-5.587297151948752,-5.307626894884625
55.0,2,2.3415348174876778,-6.081717220275993,-6.236425685336874,-5.791714319190273
60.0,2,3.4073738623854037,-6.599557286933056,-6.818992041703879,-6.310385825693763
0.0,2,0.11735590667365475,-0.2,-0.1,0.0
5.0,2,0.19580856434736493,-0.4721323900724309,-0.3469320603773659,-0.2958422972882919
10.0,2,0.33178885182377094,-0.7429575491934357,-0.5970102073218947,-0.5898457389608481
15.0,2,0.40964382579747816,-1.0057844057913905,-0.8642192465179681,-0.8747165909049109
20.0,2,0.3627142961106237,-1.25575552597211,-1.1589309220098993,-1.144940542970334
25.0,2,0.399346105228445,-1.4936849664728873,-1.4802203551484951,-1.4006284170690357
30.0,2,0.790810838759927,-1.7283538200020623,-1.8112649890769181,-1.6498216773495138
35.0,2,1.268539268471967,-1.9752225474211826,-2.1219077976096195,-1.9072168891357646
40.0,2,1.116706683990258,-2.250676635821664,-2.3801516708237385,-2.188425675259208
45.0,2,0.5084534791439722,-2.563120621422939,-2.5699549384873213,-2.5010851697324203
50.0,2,1.1144909229775604,-2.9046684930949436,-2.707832092821911,-2.8365668914638897
55.0,2,3.6476662949152363,-3.248535858073504,-2.8480490997618313,-3.167389267283437
60.0,2,5.123162569405327,-3.556241222378803,-3.0681988095710433,-3.454440940906915
0.0,2,0.0006336213283499933,-0.2,-0.1,0.0
5.0,2,0.033335504505507235,-0.25573995479986283,-0.11353136235635396,-0.039421019638426966
10.0,2,0.11389081527068497,-0.3108181249671535,-0.12995358088235218,-0.07661296773977258
15.0,2,0.14724329538038253,-0.3587084949835763,-0.1621169255661042,-0.10525158983422545
20.0,2,0.08018574849117548,-0.3945159235121153,-0.219551719118202,-0.12070170454821914
25.0,2,0.09201586640131026,-0.4185053626321285,-0.3014081148824587,-0.12354820645857974
30.0,2,0.4152192122342718,-0.43821542993289836,-0.39222830798266,-0.12171028285222714
35.0,2,0.8262049223865315,-0.4672811062785213,-0.46430180052067754,-0.1292634507631974
40.0,2,0.7230780082761525,-0.5201538539471802,-0.4882272900667561,-0.16115755034304755
45.0,2,0.2533988572230177,-0.6039275649939698,-0.4492645079183393,-0.22503895823925746
50.0,2,0.8275760147854164,-0.7107143145125734,-0.3625881864637777,-0.3136208669698247
55.0,2,3.045220223756605,-0.815261102578335,-0.2780618940042276,-0.4022927081582454
60.0,2,4.381468780643434,-0.881581662685323,-0.2669836590959721,-0.455742719754134
0.0,2,0.14140349727100504,-0.2,-0.1,0.0
5.0,2,0.17520040611223167,0.6296664806771928,0.7597948434578735,0.8255310606660486
10.0,2,0.24237297654855622,1.4592017823928198,1.6168561595188538,1.6539268276905443
15.0,2,0.256189223696472,2.294468844964202,2.459033027137907,2.4914752823012014
20.0,2,0.16798775679032074,3.1397719291977952,3.277313791392839,3.342883818613781
25.0,2,0.1379456773224912,3.994524708622124,4.0725020478212715,4.207935167562111
30.0,2,0.37504124456929333,4.851257922301787,4.859214342749022,5.0794820437558466
35.0,2,0.681968563664504,5.6967397458844715,5.663653088451455,5.944553859271854
40.0,2,0.5248590782634632,6.516976372490236,6.513619483251734,6.78934322266689
45.0,2,0.041703235032195474,7.304950094568605,7.423051587700543,7.6069297809408445
50.0,2,0.5013084767223442,8.067838251110738,8.37760052233461,8.404485074565784
55.0,2,2.4489611676897325,8.829277042810377,9.330116438783978,9.205522751217844
60.0,2,3.6372642871020173,9.623101381615355,10.213181553885075,10.0436256821129
0.0,2,0.04620354550843912,-0.2,-0.1,0.0
5.0,2,0.0833246647758885,0.6975631134552509,0.7945285873948352,0.9227392112417057
10.0,2,0.13893237286641338,1.5940623374138678,1.6903835706184203,1.8452159161513042
15.0,2,0.1926073159822128,2.4867943675743445,2.593460969226998,2.764237399474072
20.0,2,0.23197349415517615,3.3738536974991917,3.508133529406502,3.677336421461532
25.0,2,0.292748881264438,4.255750689900444,4.434011320633344,4.584392549925207
30.0,2,0.42097020884495273,5.136378843481541,5.364001922286746,5.4886047067824695
35.0,2,0.5658381511862625,6.02247074302073,6.285391077182095,6.395954564439724
40.0,2,0.5962442592758214,6.9211701671681,7.184688745478529,7.312788384087693
45.0,2,0.5384534251849418,7.836274728124873,8.05513172977905,8.242071750922214
50.0,2,0.6845684848211827,8.764729175200591,8.903682570092935,9.179897375624472
55.0,2,1.1564867618871442,9.69552177472397,9.753219896528362,10.114398361757521
60.0,2,1.4194254419498664,10.612715422781177,10.636456996127356,11.028798526193146
0.0,2,0.12336358675207222,-0.2,-0.1,0.0
5.0,2,0.14031828087668874,1.275444620764035,1.3630056538181614,1.4670053886954268
10.0,2,0.1562285600882584,2.74939335747441,2.8267091511606193,2.934808817920241
15.0,2,0.16408905748754957,4.220071979629243,4.294212506506901,4.402082503696741
20.0,2,0.15952775891850499,5.686108689697332,5.767816309577765,5.867897653835415
25.0,2,0.15210776054340192,7.147391592719049,7.247315410081771,7.332571313587304
30.0,2,0.1550883322051625,8.605584841594204,8.728978342875193,8.798170795196278
35.0,2,0.1559626810376868,10.063850702325288,10.206115881521916,10.268223059096178
40.0,2,0.1211877309480712,11.525581495910588,11.671630644726463,11.746433165583978
45.0,2,0.06205964896377866,12.99243300444345,13.121964378305101,13.23470358675014
50.0,2,0.06472285230326032,14.462490568960066,14.560780214599491,14.73128584921686
55.0,2,0.16933276789543844,15.92970016133622,16.00011506108439,16.23019707363353
60.0,2,0.2351122963702095,17.385475309695316,17.457180036059228,17.722812613577112
0.0,2,0.035508433604858045,-0.2,-0.1,0.0
5.0,2,0.04903130667260518,0.0366588397553188,0.1413350243460451,0.24977611607583416
10.0,2,0.0644780835465382,0.2733798313502708,0.3828298737254065,0.49933025527871977
15.0,2,0.08094642068647061,0.5099739104925085,0.6251949933171009,0.7481410367219873
20.0,2,0.09742299652662134,0.7463588374131636,0.868957280363792,0.9957638029318437
25.0,2,0.11338769414504044,0.9827522096831688,1.1140697499024934,1.2420279413003463
30.0,2,0.1283150490276604,1.2197855947359861,1.3596777955348385,1.4871564907923969
35.0,2,0.140198579691945,1.4584360881478757,1.6042494035632189,1.7317043695293384
40.0,2,0.14590200623957694,1.6997304139839786,1.8461590817927138,1.9762703456409452
45.0,2,0.14475074768147428,1.9442883821360373,2.084591893817581,2.2210495456412183
50.0,2,0.1402713390735947,2.1918961293157024,2.3203867959771145,2.4654168764792086
55.0,2,0.1340400664684271,2.441368541027655,2.5563005655017292,2.7078006754198385
60.0,2,0.11880141828820974,2.6909095666868295,2.7962750137859143,2.946055181653675
0.0,2,0.013867595858592529,-0.2,-0.1,0.0
5.0,2,0.022111142725746852,-0.7780989969027763,-0.6666367469004311,-0.5668890460363543
10.0,2,0.03335219345391556,-1.3560265523547403,-1.2337707911144846,-1.1334522362099038
15.0,2,0.044573800946197284,-1.9325572767020875,-1.803612690473274,-1.6987044023433326
20.0,2,0.05383323120552841,-2.506736328154987,-2.377801891425807,-2.2619609397774525
25.0,2,0.06589684287184319,-3.078487779791211,-2.956192199753375,-2.823443969653214
30.0,2,0.08694176848533339,-3.6489798288514024,-3.5361244984372275,-3.384644411748706
35.0,2,0.10951243182918076,-4.220424275534716,-4.11283191034644,-3.948117342995673
40.0,2,0.11487038277751178,-4.795170642890434,-4.681256698998394,-4.51657097682754
45.0,2,0.10643872983031347,-5.374302809950939,-5.238863180983836,-5.091457117621185
50.0,2,0.1250887319975906,-5.956330592358409,-5.788261777994033,-5.67165552804309
55.0,2,0.18788997023079043,-6.53678324477799,-6.338030232091712,-6.2530592113653505
60.0,2,0.21977229222177996,-7.109354083966565,-6.900433531912429,-6.829709862195599
0.0,2,0.17453523781063038,-0.2,-0.1,0.0
5.0,2,0.15676529443385692,0.15513075705540957,0.26020493732246847,0.3638722753782291
10.0,2,0.13113915090531053,0.5078923643074889,0.6203501524273743,0.7301734227773704
15.0,2,0.09953380070685144,0.8582534861122846,0.9801701714982917,1.0992002516577764
20.0,2,0.06518947706497381,1.2061854634903688,1.339468107532536,1.4711783080015497
25.0,2,0.032884775401933825,1.5515972246366554,1.6982615175180416,1.8461811066258642
30.0,2,0.008844277032165497,1.8942994685605348,2.056869744352476,2.2240786056236352
35.0,2,0.0003666924097007325,2.2340366857294094,2.415865259403288,2.6045538431600654
40.0,2,0.015541139514266715,2.5706035882110316,2.7758554643803652,2.987204705457461
45.0,2,0.06323454184848151,2.9040207700037834,3.1371448785966423,3.371706079204561
50.0,2,0.15263838664653306,3.2346982179608514,3.499420007150904,3.757961472449335
55.0,2,0.2915485667415053,3.563489515074421,3.861650718241317,4.146147434001431
60.0,2,0.4844160555372693,3.891558515752277,4.222364065403641,4.536573055917386
0.0,2,0.006305217265230427,-0.2,-0.1,0.0
5.0,2,0.002303847319028304,0.5081341913240155,0.6187773016963437,0.722133547469707
10.0,2,0.0011776958863392785,1.2152872630215745,1.3372452668448642,1.4455575511137078
15.0,2,0.0031990998498465295,1.922182198141014,2.0540288501567106,2.170924073172499
20.0,2,0.009213545407935,2.629394324929398,2.7681082578566247,2.8986775791742785
25.0,2,0.022716606399757956,3.336976065771582,3.4795744279281506,3.628674708750627
30.0,2,0.04766688311180327,4.044232815166736,4.190081425366871,4.359956002406833
35.0,2,0.08249854267514084,4.7498505119656524,4.902594416633961,5.0908703548308685
40.0,2,0.12084204284356939,5.452461666510627,5.620259493012286,5.819639164397573
45.0,2,0.16426678668565575,6.151520440220062,6.344653939419185,6.545230984771259
50.0,2,0.22800534065598282,6.848118159998173,7.074153981078011,7.268178263824336
55.0,2,0.31709176571273157,7.5452371962693885,7.803423958524687,7.990834290596485
60.0,2,0.39980958633410574,8.247039275389124,8.524834614291432,8.716666596200087
0.0,2,0.0020532043743974253,-0.2,-0.1,0.0
5.0,2,0.01638745391548268,-0.44295575474965315,-0.35347243851883464,-0.22635643019147025
10.0,2,0.048422395937047016,-0.6874169460746039,-0.6053473220261048,-0.45280497881920473
15.0,2,0.06960838057882401,-0.9368216732238188,-0.8485232895357541,-0.6830089076202939
20.0,2,0.06400870990287207,-1.1936620727408784,-1.0777336608967722,-0.9197427602021632
25.0,2,0.08645235928928495,-1.4575329254694658,-1.2934480813301588,-1.1629421105001456
30.0,2,0.20770329198564172,-1.7239634920318976,-1.504208896839511,-1.4085353518883161
35.0,2,0.3588776857776752,-1.9850689958991852,-1.7253295793487433,-1.6490937889717265
40.0,2,0.3551581932510881,-2.2324704388707737,-1.9730579790747973,-1.8767485697340265
45.0,2,0.24019647001650762,-2.4618150599401765,-2.2555399146802455,-2.087706636519113
50.0,2,0.442931710028508,-2.676994308246394,-2.564389472666296,-2.286462453686812
55.0,2,1.1443936750356205,-2.891466945055193,-2.872050874135941,-2.487113038868323
60.0,2,1.5712555803697592,-3.124601681126567,-3.139123154063501,-2.709690646329379
0.0,2,0.07248825408467978,-0.2,-0.1,0.0
5.0,2,0.08749973296477809,0.24138097873640685,0.3264963080124255,0.4326372332003628
10.0,2,0.10528506442126269,0.6815618051809881,0.7538851789601321,0.8655820557572741
15.0,2,0.1156961295774496,1.1183752955557864,1.1861341830114744,1.2970340812803123
20.0,2,0.11259951539651944,1.5501638781695595,1.6261858438734649,1.7257083577537244
25.0,2,0.1121692325720625,1.9768734164430515,2.073777768129942,2.1519214151729305
30.0,2,0.13593078151831423,2.4007102648435312,2.524137299210113,2.5782395556414555
35.0,2,0.1623646465254557,2.8257825138056534,2.9687087145561746,3.0091104112824394
40.0,2,0.1344734199660134,3.2564747322023946,3.3984142492231824,3.4492271781679196
45.0,2,0.06743097582279442,3.6949292200986217,3.8087027886872806,3.9009986707568123
50.0,2,0.0976356213057106,4.13869700975289,4.204259589802422,4.362188599936604
55.0,2,0.2850955521155235,4.580006919932116,4.600480220619944,4.8251725788890445
60.0,2,0.392864844523357,5.007817795982236,5.019378221044034,5.2789782223640325
0.0,2,0.038459011430307374,-0.2,-0.1,0.0
5.0,2,0.057494796141928387,-0.3035668880526557,-0.1825306690764183,-0.0906312619320868
10.0,2,0.08612970817523834,-0.4063280414366816,-0.26629823238415234,-0.1808313643014936
15.0,2,0.1061323999075604,-0.5053653164101244,-0.3568008620515809,-0.2680202787217917
20.0,2,0.10673411186675177,-0.5984564804197952,-0.45811624319740474,-0.35034255262746294
25.0,2,0.1195803813996929,-0.6855879206905939,-0.5698807567534913,-0.4281754178617557
30.0,2,0.18598171825325044,-0.7698619865901107,-0.6854805594297746,-0.505030368347136
35.0,2,0.26379141807986745,-0.8569965987373321,-0.7930593176746599,-0.5870458170162094
40.0,2,0.2417789097779325,-0.9530697904626005,-0.880037262992472,-0.6807234990343074
45.0,2,0.14624486916007,-1.0610261713997327,-0.9401075602256315,-0.7894256399251837
50.0,2,0.235179525567739,-1.1774188099766605,-0.97976293604452,-0.9101064445905562
55.0,2,0.6188185917200564,-1.2913936561870456,-1.0203382325737536,-1.0322851209121455
60.0,2,0.8362424073203527,-1.3875312174515115,-1.0923393328632147,-1.1408752784194216
0.0,2,0.05614569384026453,-0.2,-0.1,0.0
5.0,2,0.06265701891178418,-1.3006126902334854,-1.2109633540138502,-1.0980158290368458
10.0,2,0.07202646201655759,-2.400775510154732,-2.320937670673846,-2.197470565739782
15.0,2,0.07264938623384583,-3.5025527996045334,-3.42552653719446,-3.3006962830535653
20.0,2,0.058036720151271176,-4.607447897254395,-4.521469381412285,-4.409450214470062
25.0,2,0.049223600777449146,-5.715199231831991,-5.609056958051457,-5.523703176537508
30.0,2,0.073869382549857,-6.823061201787078,-6.693577785645574,-6.640912252272525
35.0,2,0.10672451814229679,-7.926211377116781,-7.784512348835456,-7.756419387037129
40.0,2,0.07878657732308608,-9.019561684592317,-8.891919600626274,-8.865253701054963
45.0,2,0.009322160745562235,-10.100560088796922,-10.020842571697205,-9.96492419906357
50.0,2,0.06593002632232148,-11.1718044209913,-11.166089590001624,-11.058024721848906
55.0,2,0.32173332575944863,-12.241863289385021,-12.310601027265967,-12.153046289474975
60.0,2,0.48441135828749465,-13.323012754619356,-13.42998396687308,-13.262105757917682
0.0,2,0.030067516636339536,-0.2,-0.1,0.0
5.0,2,0.022178166980804635,-1.2359590669339109,-1.1367495745799898,-1.0247873948127242
10.0,2,0.015771334294128067,-2.2736001844802245,-2.1729577815736354,-2.0484341065993936
15.0,2,0.008944830756575246,-3.3141539329476077,-3.2062181644714522,-3.0721160115608113
20.0,2,0.00162862019298051,-4.358510658285988,-4.234745989789614,-4.096727497230897
25.0,2,0.002210134099548408,-5.406555527388564,-5.258700407415214,-5.122224246829335
30.0,2,0.021139289883970784,-6.456769044944909,-6.280976184166478,-6.147230988848349
35.0,2,0.05291452258314952,-7.5064443352747,-7.306762635762756,-7.169265283248899
40.0,2,0.07860977978644708,-8.552673334310976,-8.341565713105021,-8.185729243196981
45.0,2,0.10518463049276072,-9.593875736110746,-9.388145810768902,-9.195442780059931
50.0,2,0.18322156584340088,-10.631225887726211,-10.443661172622523,-10.200073302917477
55.0,2,0.3339281632921806,-11.669099260943698,-11.498773900813541,-11.204583237835529
60.0,2,0.4677376832749911,-12.713831869588114,-12.540132088721295,-12.215988477610006
0.0,2,0.16952216581392443,-0.2,-0.1,0.0
5.0,2,0.14846516895586837,-0.4920457332492941,-0.3707681125882102,-0.27868741293024
10.0,2,0.1287822230708389,-0.7860974027068133,-0.6427756711174973,-0.554129443711189
15.0,2,0.0961307718173398,-1.0795363284886816,-0.9215321904318347,-0.823435257382754
20.0,2,0.0454187004793404,-1.3704102833805372,-1.2111237679043059,-1.0844709837862136
25.0,2,0.01587063159084034,-1.6589389075947303,-1.5111860343215173,-1.3373813519226037
30.0,2,0.057940685481916006,-1.9484120696944236,-1.8150915020509504,-1.5855039808612663
35.0,2,0.13940127659662477,-2.2446773420087283,-2.1109593779540607,-1.8348720914117143
40.0,2,0.15915232533018794,-2.553868761308622,-2.3861839415036354,-2.091957367330078
45.0,2,0.1538462674773456,-2.8788951829118212,-2.6344453465566993,-2.3601707994416983
50.0,2,0.3913921899949943,-3.2161650449994315,-2.8622497142627683,-2.6365978284158897
55.0,2,0.9887476066041859,-3.5545591111140458,-3.0909759004733526,-2.910978834858613
60.0,2,1.485491788726835,-3.8782695628037978,-3.351192721800124,-3.168552820610034
0.0,2,0.0010144305728045895,-0.2,-0.1,0.0
5.0,2,0.01621877372119281,-0.1458364999988928,-0.0747327451920915,0.04700543675244962
10.0,2,0.0562372710117355,-0.09220716559407507,-0.04731599540189511,0.09239554411890137
15.0,2,0.0683513797309197,-0.04391196064369436,-0.008194937370110312,0.13141547269820164
20.0,2,0.023090122152261403,-0.004531466927338657,0.04971669665364957,0.16055953651953989
25.0,2,0.019671490770723717,0.02619680523365831,0.12578700351821467,0.18019714905542816
30.0,2,0.18689373547769894,0.05394929695120144,0.20852233841086462,0.19614551400668553
35.0,2,0.40160104696942533,0.08894013480618168,0.2773185713807218,0.21879463474330105
40.0,2,0.33168826792140715,0.14199416708293996,0.3103143754240418,0.2591809899846908
45.0,2,0.059589694962322734,0.2184678102071634,0.2965496294713661,0.32290828437462793
50.0,2,0.3660830979421834,0.3125784714290645,0.24730749989698753,0.4044759442885926
55.0,2,1.5837824638526024,0.40563068094245264,0.1996640235468883,0.4855034026867905
60.0,2,2.317899457113624,0.47094515872793713,0.2066328218657702,0.5396563181439328
0.0,2,0.21113331795252394,-0.2,-0.1,0.0
5.0,2,0.23460093490722606,-0.9610791636727408,-0.8169951875769175,-0.7534783417712372
10.0,2,0.3094265327195895,-1.7229758626515612,-1.5374105509528986,-1.5027189724373426
15.0,2,0.303012902626161,-2.4782798446243106,-2.2764492617302525,-2.239928972708121
20.0,2,0.14310634854671486,-3.221507857075734,-3.0453866574488893,-2.9593162575589727
25.0,2,0.08496967865049429,-3.9532716675437576,-3.8432172833936877,-3.661274514167023
30.0,2,0.4605816333049119,-4.682770471092728,-4.651652989950255,-4.354892697082376
35.0,2,0.9658373162194085,-5.426389187492291,-5.437909450009457,-5.056570213644515
40.0,2,0.7692295369085556,-6.201442431680744,-6.167201943360371,-5.783777169126028
45.0,2,0.08997427288146224,-7.016493969927582,-6.8220912383948695,-6.545389028865566
50.0,2,0.9159068870609128,-7.86232640222809,-7.420530581288503,-7.332669946692211
55.0,2,4.099933267316986,-8.70911141449897,-8.021513626360438,-8.116454582370205
60.0,2,6.120227676297916,-9.514245942344239,-8.709393166513198,-8.854993207392953
0.0,2,0.14620092434047327,-0.2,-0.1,0.0
5.0,2,0.1478501010991986,-0.09291305170142064,0.0009942523038488184,0.10667827091651554
10.0,2,0.144223390626209,0.012191611708638497,0.10248844092350692,0.21483889040573964
15.0,2,0.13214624823696422,0.11400725665336124,0.20670485443302383,0.3235663034704349
20.0,2,0.11041812139322628,0.2115324187315132,0.31529163931386256,0.432213828030374
25.0,2,0.085699042940739,0.3046878835895782,0.4281018255400677,0.5410076484650365
30.0,2,0.0672977954991122,0.3946890493831557,0.5424621849858395,0.6514055947446125
35.0,2,0.05203477161629974,0.4838492438900541,0.6535805441857799,0.7658865125567105
40.0,2,0.02657890392144891,0.5746734727747155,0.7563723268226269,0.8870299725541151
45.0,2,0.001080117432005444,0.6684514103216006,0.848288393403875,1.016095439944894
50.0,2,0.024300530705236134,0.763945039459076,0.9319530183169148,1.1516966574132688
55.0,2,0.12123330482478688,0.8569820220311777,1.0159894630340476,1.2893827016429187
60.0,2,0.22339765764526714,0.941607266629329,1.1127278026711611,1.4227785889265143
0.0,2,0.00656345769429849,-0.2,-0.1,0.0
5.0,2,0.008806978499534178,0.4787743019778329,0.568909394995067,0.6801103555551732
10.0,2,0.0149258834858597,1.1566560360279707,1.2387130625066909,1.360219006521477
15.0,2,0.01579128781017839,1.831623860490421,1.9133861720370429,2.038372125056754
20.0,2,0.006343179655294674,2.5021764400563105,2.5958768832916888,2.7131228867642947
25.0,2,0.0038504907472652534,3.168425959805067,3.2859223002760443,3.3846220025592575
30.0,2,0.030763466179064752,3.8327535545368097,3.9787406250534985,4.05527013557815
35.0,2,0.06598644090701429,4.499446502553692,4.665759747758981,4.729352117383871
40.0,2,0.05231911507163036,5.173066025720507,5.337884516239967,5.411401878264176
45.0,2,0.004366075214392139,5.855919448893179,5.990555098940077,6.103671924919522
50.0,2,0.057643411310842295,6.545702032602299,6.628465726676971,6.803772766001664
55.0,2,0.27010757387687356,7.234759611954658,7.267041455590434,7.503933510263892
60.0,2,0.4007020791700395,7.91213947483305,7.928337989486246,8.193051166017783
0.0,2,0.03720023539333423,-0.2,-0.1,0.0
5.0,2,0.07299817998677093,0.06166501150070347,0.19140624572291642,0.2870774561915878
10.0,2,0.1294544834239635,0.32353814741192244,0.48136617617686456,0.5753931032416241
15.0,2,0.182657135984302,0.5890687639157385,0.763450712707135,0.8679266636227495
20.0,2,0.2184283039782235,0.8609134162281961,1.0328917691670627,1.1667896682655838
25.0,2,0.2799369230420639,1.1391684853006456,1.2901145296969108,1.4714605520785053
30.0,2,0.42275838178369446,1.4203103464219988,1.5428526406302046,1.7777292934390712
35.0,2,0.5874210288902338,1.6977812284585332,1.8049698550797748,2.078289910368175
40.0,2,0.6189867551576598,1.9646268371215918,2.091175847320687,2.3653870228793576
45.0,2,0.5495616391652919,2.217581152354148,2.408845275392705,2.6349119929899745
50.0,2,0.7271473162199323,2.460875357886726,2.7503861160792176,2.890225660186033
55.0,2,1.2970606901839217,2.7074238922899387,3.090851282438948,3.1433606728382926
60.0,2,1.623384475746169,2.9754994658743406,3.3945698793125656,3.4117152157954367
0.0,2,0.07972230490875477,-0.2,-0.1,0.0
5.0,2,0.12423481481688185,-1.0636365247349526,-1.0052725927359,-0.866520392141405
10.0,2,0.22636811856405314,-1.9301162797983111,-1.9071326025761546,-1.7336101368500316
15.0,2,0.25191222924167844,-2.8071823536603233,-2.7904106094623886,-2.608695565714032
20.0,2,0.125510098854343,-3.7006096412787968,-3.643856307477103,-3.4972520896930948
25.0,2,0.09660772073296146,-4.610033050839875,-4.468472919192627,-4.398641578028711
30.0,2,0.4898367591225041,-5.526447211344732,-5.2825079939262025,-5.3036218524025465
35.0,2,0.9955795955653096,-6.433591509129437,-6.118673076496157,-6.195741981660139
40.0,2,0.778521617156149,-7.314178830916725,-7.011675663883712,-7.057581582097554
45.0,2,0.049287755233620355,-8.159541703509143,-7.978916272025886,-7.880407610975232
50.0,2,0.7798167072498038,-8.978630496527746,-9.00248151154753,-8.67318308804725
55.0,2,3.813481305426814,-9.80082605609362,-10.023508695993815,-9.465389853647247
60.0,2,5.640535482682306,-10.668111753927272,-10.957832298453294,-10.299210062966319
0.0,2,0.00963175754737288,-0.2,-0.1,0.0
5.0,2,0.018947326615037004,0.94194064841083,1.045748563117043,1.1572093219279977
10.0,2,0.032414449443068295,2.083327977162542,2.1918219990712626,2.3146470906779304
15.0,2,0.04900368121663427,3.223572045237531,3.339664414184338,3.4714591409457447
20.0,2,0.06795065522319058,4.362292986934747,4.490346820916441,4.626954325972348
25.0,2,0.0911047402878311,5.499717285020532,5.64377371396462,5.781001668294356
30.0,2,0.1206207553821729,6.636914301961851,6.798207953660834,6.934268945112778
35.0,2,0.15250800121990465,7.775662268124948,7.950535449388423,8.088092016677976
40.0,2,0.1776262433869979,8.917852451734658,9.097452098841172,9.243883717071512
45.0,2,0.1959835497251736,10.064567265071002,10.237301398674267,10.402218137358014
50.0,2,0.22332318057619854,11.215219305597884,11.371788677024155,11.561977351937081
55.0,2,0.2650901518129136,12.367278506509413,12.506517574457982,12.7200877870476
60.0,2,0.2874180134747385,13.517011524856496,13.649500524477697,13.872270352136812
0.0,2,0.16132313760253,-0.2,-0.1,0.0
5.0,2,0.1409450922330387,-0.3290315531919411,-0.2012810711877416,-0.11320599912597304
10.0,2,0.12994886964220534,-0.45993631140142827,-0.304246413323382,-0.22285452228651081
15.0,2,0.09980982013146973,-0.5890885139696701,-0.4163828521580015,-0.3250845043893171
20.0,2,0.037835988596101176,-0.7137801897993161,-0.543242945385076,-0.4170513588382568
25.0,2,0.011859567925003492,-0.8342697335207651,-0.6843315552498362,-0.49899182875767556
30.0,2,0.10918381188462492,-0.9550056009429757,-0.8306426537303528,-0.5754634863605795
35.0,2,0.2633454586026655,-1.0839327429211456,-0.9660315474131062,-0.6546660742053065
40.0,2,0.2799434717406643,-1.2294090463209895,-1.0733684461574846,-0.7453714955667402
45.0,2,0.21868019208462705,-1.3954360292466568,-1.144065372948046,-0.8521662093561855
50.0,2,0.5666751100991444,-1.5772105393382514,-1.186963432081876,-0.9710122636364288
55.0,2,1.5334773377117878,-1.7597308668287144,-1.2311141413514815,-1.0878598503820394
60.0,2,2.264527974215921,-1.9216563699107987,-1.318057166202842,-1.182509945954223
0.0,2,0.1972934901729045,-0.2,-0.1,0.0
5.0,2,0.24815886045590183,-0.4456188444303638,-0.3690549054701881,-0.2653535335177618
10.0,2,0.30568715639428484,-0.6927648544403969,-0.6369577928501858,-0.5303319195460432
15.0,2,0.35145776453325805,-0.9443297183657453,-0.8985877766232611,-0.7971643552659303
20.0,2,0.37333916172092574,-1.2025582948227236,-1.1501469839366605,-1.067403854913865
25.0,2,0.3960462963647801,-1.467635865087361,-1.391974082183156,-1.3405264698210797
30.0,2,0.4530343318623749,-1.7368387574268545,-1.6302290702720292,-1.6130958728110554
35.0,2,0.5060749746641534,-2.0049956898364294,-1.8759546957470632,-1.879240598344807
40.0,2,0.4581168463262698,-2.2665833841220584,-2.140867498721801,-2.1327673845027726
45.0,2,0.3329167745982922,-2.5189750056944105,-2.4308415369850334,-2.370429008085534
50.0,2,0.3570894211627072,-2.765469128151925,-2.7398296171797685,-2.5949740888516137
55.0,2,0.6312492711244311,-3.0162299306505083,-3.0479609019646574,-2.8161092849864526
60.0,2,0.7628997753863178,-3.285634833263,-3.3268228333044645,-3.0478697344524495
0.0,2,0.028540139488612018,-0.2,-0.1,0.0
5.0,2,0.03305952377143294,1.0992563843481487,1.1972110109993652,1.3038855552224182
10.0,2,0.03757026663058802,2.3988479517122006,2.4947921934438573,2.607065755983812
15.0,2,0.040143129176091155,3.6980624162688,3.7943890124595754,3.908607422981411
20.0,2,0.03956512307245659,4.996400282689828,5.09722181701004,5.207789702579915
25.0,2,0.03851024424360429,6.294024364739814,6.403181785020951,6.504558603088952
30.0,2,0.04064971585672275,7.592027676846166,7.710289558947777,7.799800467625692
35.0,2,0.042354809376426085,8.892279593403842,9.014996835294955,9.095194225290761
40.0,2,0.034023259227180476,10.19674636345331,10.313538804618378,10.392538436487861
45.0,2,0.01861464166135186,11.506440752851002,11.604027989213545,11.692707813064901
50.0,2,0.0200987727658655,12.820441859241052,12.888407499456024,12.994680147002223
55.0,2,0.049465367589960604,14.135585860695164,14.173062318912656,14.295234276661448
60.0,2,0.06677120216308985,15.447311036097434,15.467122093859805,15.589802276881901
0.0,2,0.06446801908982669,-0.2,-0.1,0.0
5.0,2,0.10399677213473216,0.7549034615923406,0.8718421682343543,0.9379212453916126
10.0,2,0.17071428552576778,1.710656877660835,1.8415252813641376,1.8771515914116206
15.0,2,0.20998674683387963,2.6718387562620545,2.799452030016395,2.82270983937644
20.0,2,0.19022337594140287,3.641768851179707,3.738504629462655,3.7783940202308095
25.0,2,0.20933072255784593,4.619874633940883,4.65931779331489,4.744141948835652
30.0,2,0.39484817922523874,5.6001162384853975,5.573436285672339,5.714448727151932
35.0,2,0.6200897742050211,6.571870482565362,6.501555875686446,6.679241768276137
40.0,2,0.5477750725613371,7.523880252950736,7.465635121087699,7.627819627707787
45.0,2,0.2593686992264067,8.450366782649825,8.47668288932481,8.554952204989874
50.0,2,0.5417421290014338,9.3567326756209,9.523365830863698,9.46657024569827
55.0,2,1.7307867035978226,10.26135201799064,10.568443008987034,10.381540600423392
60.0,2,2.421096760733906,11.19062882784494,11.558665018167195,11.326708656607202
0.0,2,0.06897736946669575,-0.2,-0.1,0.0
5.0,2,0.08007177762517852,-0.24547171410022386,-0.11041664617533176,-0.03599507065361809
10.0,2,0.12326764542502304,-0.29138395812907847,-0.12340726020309926,-0.06897564352616077
15.0,2,0.1240403957603275,-0.33209754350136145,-0.1504134980853671,-0.09313925120076975
20.0,2,0.041830376351315486,-0.36342064804816354,-0.19992099274223193,-0.10419208292625345
25.0,2,0.02126549269365728,-0.38574671477030936,-0.2711730555513155,-0.10249738432418723
30.0,2,0.2500146684293981,-0.4059315006682448,-0.3504063269797513,-0.09496275792696963
35.0,2,0.5549850382016224,-0.4362396662262193,-0.41294786358824365,-0.09399648668965319
40.0,2,0.4638142836672303,-0.48963825284873774,-0.4326192591078876,-0.11280993547664683
45.0,2,0.09866538341439414,-0.5725130865159243,-0.39629603568499405,-0.15814175616148546
50.0,2,0.5828516285870521,-0.6778746695252482,-0.317489510052329,-0.22347012971395064
55.0,2,2.3964007771992426,-0.7832306307527509,-0.24059733269234754,-0.28688977677555644
60.0,2,3.5412405695638967,-0.8564852443200724,-0.22910202320357034,-0.3170139036261225
0.0,2,0.022546768563911315,-0.2,-0.1,0.0
5.0,2,0.03686953553371623,-0.8085892537286522,-0.6931064240826306,-0.5935058585205834
10.0,2,0.05673241899860565,-1.4169833535982503,-1.286887070209145,-1.1865326488563326
15.0,2,0.076662881720929,-2.0235263749693937,-1.8843389519933242,-1.7777392820328846
20.0,2,0.09317178578831976,-2.626928936886369,-2.487684785917654,-2.366192422523408
25.0,2,0.11510528320932559,-3.227092856471735,-3.096726365874383,-2.9521884593131817
30.0,2,0.1538982276617161,-3.825606125841024,-3.7078585340188934,-3.537744558131241
35.0,2,0.19591304058790443,-4.4254708785076895,-4.314618489217666,-4.1263213865976205
40.0,2,0.20674820404257843,-5.029875043728814,-4.910149091214062,-4.721588155711952
45.0,2,0.19270162353456394,-5.640289519454786,-5.49101253006216,-5.3255117774697105
50.0,2,0.22885792074122294,-6.254694073790817,-6.060747943818621,-5.936573345709044
55.0,2,0.34649401842314215,-6.86702605285207,-6.630984799659482,-6.549206047138795
60.0,2,0.4074584192699008,-7.468732065750417,-7.218351632426121,-7.155334737805565
0.0,2,0.23430056452295386,-0.2,-0.1,0.0
5.0,2,0.3420338663986428,0.5250864918878732,0.5826607528697346,0.6901596073356596
10.0,2,0.48653422640430677,1.248816256163068,1.267440867392261,1.3795565806312147
15.0,2,0.6122580793239962,1.9660453868456385,1.9637612098585757,2.0639139595755776
20.0,2,0.6845491227021109,2.6728059956599317,2.6786087070842237,2.7402127056288377
25.0,2,0.7922848992945406,3.3688996621515535,3.411360314438777,3.4092742838758854
30.0,2,1.051866898119713,4.059454157237691,4.150683514159852,4.077303441161917
35.0,2,1.3340868593268056,4.7540686463333115,4.876263021370399,4.755016296949025
40.0,2,1.3067288747922934,5.462952246176637,5.566543978528188,5.453758592041186
45.0,2,1.0417161238103545,6.190941778130051,6.210719912254174,6.179499978455042
50.0,2,1.2922169716048746,6.931923478812866,6.819915812526372,6.927229229593272
55.0,2,2.3793852954754677,7.667097755898712,7.4306879548310265,7.679189662296054
60.0,2,2.9500964105324528,8.369853687008508,8.095306773521964,8.409721764588564
0.0,2,0.09501838628765723,-0.2,-0.1,0.0
5.0,2,0.12192253106086169,-1.7910992251509241,-1.6917288720704584,-1.606727543802076
10.0,2,0.1516928032081351,-3.3824470450897666,-3.284067727278475,-3.2125965096786784
15.0,2,0.17845340032123352,-4.972928047151598,-4.879728028092549,-4.8160108478262345
20.0,2,0.19790616422220714,-6.561790859942447,-6.480720713766555,-6.415710990384811
25.0,2,0.21593821374612104,-8.149389025870256,-8.086866462985535,-8.011522716261437
30.0,2,0.24080902608908972,-9.737622289274134,-9.694903612157555,-9.604807944708998
35.0,2,0.26069728659396874,-11.329682609882317,-11.298985126542998,-11.198221750738842
40.0,2,0.24742716000871154,-12.928933638142784,-12.892907204343304,-12.794604285701412
45.0,2,0.20697264465584897,-14.53717866341011,-14.473559585198208,-14.395262520602516
50.0,2,0.20261846495356034,-16.15304378335631,-16.044144203182146,-15.998368423695698
55.0,2,0.2629222192919353,-17.77146623491295,-17.61518248657009,-17.598463329774418
60.0,2,0.2789410620005216,-19.385084340703695,-19.201718627327498,-19.187864724249867
0.0,2,0.00624059539221034,-0.2,-0.1,0.0
5.0,2,0.008869630187447615,0.7603728280511632,0.8633377039937966,0.9664450685514532
10.0,2,0.011929182248676947,1.7207706082776193,1.8266814568081304,1.9328591361070597
15.0,2,0.015316038603538345,2.6812526504391196,2.790058146317235,2.8991560050328493
20.0,2,0.01887578470194034,3.6418891130479505,3.7534877137455633,3.8652455755921005
25.0,2,0.02240534976650113,4.602767533033276,4.716968380875999,4.831042089072726
30.0,2,0.025659427152062868,5.563996128460027,5.680467803834598,5.796469671283842
35.0,2,0.028361826877081678,6.525699941011792,6.643928001241702,6.761461261921316
40.0,2,0.030226289538247558,7.4880081152817874,7.607287453882369,7.725949235607064
45.0,2,0.03098878157497601,8.451034844594579,8.570515319253609,8.6898502415194
50.0,2,0.030443309844058665,9.414861197313174,9.533643348929237,9.653051459721631
55.0,2,0.02847115165128041,10.379527654472197,10.496775877320383,10.615408074767776
60.0,2,0.025071435072396668,11.345045278479343,11.460062088251647,11.57675984042577
0.0,2,0.0259686430746731,-0.2,-0.1,0.0
5.0,2,0.12041440554035446,0.36846629544323445,0.5273397024044,0.5651062782868517
10.0,2,0.35214790692,0.9389487142438062,1.1495382678306667,1.1333375701944985
15.0,2,0.417441567914256,1.5227741505997385,1.743742605589434,1.7162200722142755
20.0,2,0.14554068096898898,2.128319121068733,2.293003863290404,2.322326120178783
25.0,2,0.10205252343182496,2.7547342468722733,2.7988334195056774,2.9509937142944582
30.0,2,1.0222125713982726,3.388187587809798,3.2887216395755554,3.588564429421558
35.0,2,2.2005821363915645,4.003961873518718,3.8119492407222832,4.2104748187004
40.0,2,1.7373270873410414,4.57584928065421,4.420803889386657,4.7906450390350015
45.0,2,0.10522605650997666,5.0906947848466695,5.141499875054949,5.316015825308686
50.0,2,1.7734136152562532,5.5619633334695795,5.947050252256143,5.800109175619064
55.0,2,8.648731526369879,6.033988002776578,6.748776989358473,6.2872700453441555
60.0,2,12.757656158262993,6.5701872626351,7.419882726144823,6.84087732483376
0.0,2,0.11352558614238775,-0.2,-0.1,0.0
5.0,2,0.20012758732550273,0.06889792766443147,0.11479042913983943,0.24683259461337387
10.0,2,0.36123449759094794,0.33563671708057413,0.33323801964117933,0.49216716611354394
15.0,2,0.44132111817251873,0.5917984681453526,0.5715993778958361,0.7281650082117568
20.0,2,0.35145146896899526,0.8310409504953562,0.8419311147949841,0.9491117403802499
25.0,2,0.3746732751564514,1.053567437298957,1.1431581072014614,1.1558792125878428
30.0,2,0.8793865105366778,1.268805908330448,1.4557250111585502,1.3585947890169352
35.0,2,1.5047346636132002,1.4939252252467385,1.7445758583738842,1.575145576302966
40.0,2,1.2855629904763415,1.7471613053241102,1.9725156792904386,1.824490626726692
45.0,2,0.4578306176377762,2.037481909506384,2.1208968698789397,2.1163097833735374
50.0,2,1.2807609475813713,2.3549468117015984,2.208916665043197,2.4413460374317237
55.0,2,4.71856425310089,2.6676979203675497,2.2996564166857874,2.7683761285408166
60.0,2,6.737882662313293,2.93035369954882,2.483313761729949,3.05258395573302
0.0,2,0.13864448254241737,-0.2,-0.1,0.0
5.0,2,0.28051358532796744,-0.4514591301288661,-0.4264415257090382,-0.26222197492787847
10.0,2,0.6015915170262549,-0.706988762883161,-0.746973754085367,-0.526282744563035
15.0,2,0.6991773912853013,-0.9799691904769027,-1.0353290115717035,-0.8050696902487209
20.0,2,0.3462773304524521,-1.2803890500322856,-1.2720260416583506,-1.1080754313724346
25.0,2,0.28893027671465277,-1.6076238193400334,-1.4588020447744905,-1.434187289714257
30.0,2,1.4976494184000244,-1.9461086091211997,-1.6272548451507491,-1.7673723303225275
35.0,2,3.0401671261526495,-2.2677386928415397,-1.8340284131917262,-2.0790913093268912
40.0,2,2.407012440685759,-2.5426572467103803,-2.139222950301602,-2.3391008491138856
45.0,2,0.22426742563512805,-2.7559603955347236,-2.57296954063534,-2.5321737407215283
50.0,2,2.3989342008438315,-2.9232798706565455,-3.104248998054062,-2.6736974389467183
55.0,2,11.454042054321807,-3.0956541230997425,-3.6311335081423866,-2.8145613071809836
60.0,2,16.86034991581048,-3.3459734161041714,-4.007880347897041,-3.0276178051876923
0.0,2,0.0010233467116444687,-0.2,-0.1,0.0
5.0,2,0.014657819009209564,-0.4640112023935659,-0.34056646204340585,-0.26375843302575114
10.0,2,0.04873229550851119,-0.7268996231188698,-0.5831127110157123,-0.5266598607908642
15.0,2,0.05824101505545154,-0.9842474994706786,-0.8364391835565529,-0.7843216093609352
20.0,2,0.01789341554951223,-1.2327750085910463,-1.1070726686942962,-1.0334967125655474
25.0,2,0.011587729270366385,-1.4727583701622151,-1.3944311536262386,-1.27449096352516
30.0,2,0.14836388427217964,-1.7094780932560631,-1.6879284458033552,-1.5126100457169118
35.0,2,0.3236030674968827,-1.9524130628337861,-1.9685871633316476,-1.7573524560736014
40.0,2,0.2555442022563702,-2.2116245094902904,-2.2162719861442786,-2.018792284067141
45.0,2,0.014239782114161223,-2.4921573733744284,-2.4208881223895475,-2.301979381400414
50.0,2,0.26234189476095704,-2.7888175918466676,-2.5928279039819695,-2.6017154787984644
55.0,2,1.2825046958133852,-3.0845379909970316,-2.7662401210922356,-2.9009189600006278
60.0,2,1.8921728455810565,-3.3549173944555526,-2.9899528359650427,-3.175162939132053
0.0,2,0.020210851665817212,-0.2,-0.1,0.0
5.0,2,0.023039355806411473,0.45251907428621524,0.5388017365193805,0.6590799828641074
10.0,2,0.03620658879852282,1.1033026074889742,1.179046628251495,1.3184523515989235
15.0,2,0.03642601482801689,1.7491066230551473,1.8271497069482199,1.9749460510057153
20.0,2,0.011094301397065298,2.387535075889492,2.487868640958229,2.6261994578310635
25.0,2,0.005816849237056491,3.0188050903898214,3.1607791751266303,3.2724197028320186
30.0,2,0.07970859732361656,3.646805087880893,3.8381645603744934,3.9174351137627617
35.0,2,0.17843986251513766,4.278509542030505,4.5061913345223195,4.568104679135034
40.0,2,0.15354880418269753,4.921345021321122,5.150181962482686,5.231679365553783
45.0,2,0.04339240459535004,5.579110645000253,5.762777899116368,5.9117185989106655
50.0,2,0.20095563508478115,6.248172104416685,6.351554579817935,6.604281252462384
55.0,2,0.7769045477067172,6.916271029374277,6.941404584603942,7.296733116388398
60.0,2,1.1427996702920324,7.565833654311725,7.5679208712456045,7.971054998478925
0.0,2,0.034432268171175756,-0.2,-0.1,0.0
5.0,2,0.05563408072807105,-0.8756980403718473,-0.7478293717639958,-0.6698330842609571
10.0,2,0.09956105117199003,-1.549809049169053,-1.397775888699752,-1.3391360549248
15.0,2,0.1142836259335382,-2.2175019912802743,-2.0592505645224466,-2.0033289333877087
20.0,2,0.07042237688432777,-2.8751598221508874,-2.7392330189460954,-2.6590491444902504
25.0,2,0.06351714924094358,-3.52296748963947,-3.4371008589357688,-3.306734133408794
30.0,2,0.21797170245320008,-4.166463092443637,-4.1415334185575325,-3.9521664673796644
35.0,2,0.41403269300211354,-4.815678769453805,-4.832236659163576,-4.6056080461603015
40.0,2,0.3296157951216464,-5.481276766872849,-5.4876782658168395,-5.277928938484817
45.0,2,0.04526868376060708,-6.1685655734424705,-6.097063066816359,-5.97461582731248
50.0,2,0.3195791501598354,-6.8719182456089865,-6.6715044173494835,-6.690182301009705
55.0,2,1.4769696247556174,-7.573028446265641,-7.247520361442014,-7.406416652657294
60.0,2,2.1666812827419335,-8.245768068451218,-7.8773266677298945,-8.097231220580637
0.0,2,0.13240423047653208,-0.2,-0.1,0.0
5.0,2,0.17247984548803608,0.8416156527904822,0.9160057793391216,1.024602321356962
10.0,2,0.22391756012349912,1.881772699282471,1.9334636639467235,2.0492111437439426
15.0,2,0.2603303399642122,2.9169677996633396,2.9588284698551734,3.0708749909412165
20.0,2,0.2656214944503108,3.9445178376727377,3.9968873711769692,4.087489805096589
25.0,2,0.28228852008071054,4.9643379632911575,5.047213481642278,5.099567322499425
30.0,2,0.3664423912846033,5.980009100666575,6.102042194995203,6.11129122525761
35.0,2,0.4596344501210492,6.998192916726146,7.147454257689935,7.129919099989948
40.0,2,0.4088452670212541,8.025986443953919,8.168681108562204,8.16312247537657
45.0,2,0.25142205187079436,9.066823254211508,9.158318566779045,9.214871960388685
50.0,2,0.3449916716197704,10.11665100594234,10.12398904852304,10.281597480400318
55.0,2,0.8445751833836186,11.162741651850748,11.090739510815315,11.350980125686316
60.0,2,1.1190442950456754,12.18702990279103,12.094383649261186,12.40527148978674
0.0,2,0.0712028767005947,-0.2,-0.1,0.0
5.0,2,0.08425793775734997,-0.23846554423439087,-0.11863747504551898,-0.04020788775545991
10.0,2,0.1104128918555629,-0.2771810213086147,-0.13903236760607696,-0.07840842515604882
15.0,2,0.11387303880148411,-0.312384811512716,-0.16899665040698594,-0.11055125918641884
20.0,2,0.07467027022185693,-0.341314440905727,-0.21432402437027875,-0.13360516286549376
25.0,2,0.05926084135554066,-0.36434820274643404,-0.27449784829659263,-0.1477084841338563
30.0,2,0.15438336980446637,-0.3862855713408128,-0.3401209694258816,-0.1574589014455769
35.0,2,0.2789544093373291,-0.41562643720868997,-0.39434754296381413,-0.1712023690751599
40.0,2,0.2128746888809543,-0.46135574803672924,-0.4193038454102339,-0.19782766283610317
45.0,2,0.01382112829292059,-0.5279682316298449,-0.4060289306391204,-0.2418010010494936
50.0,2,0.20691208512515763,-0.6108269466528762,-0.36374786517758834,-0.29853425852338517
55.0,2,1.018190624650892,-0.6947076332742379,-0.3227738514654063,-0.35293849264960514
60.0,2,1.519300602287926,-0.7578233259782968,-0.32645059006027555,-0.38345696838608695
0.0,2,0.031759812419737125,-0.2,-0.1,0.0
5.0,2,0.023667068823439906,1.0096219162205744,1.1125121012596613,1.2195077289964389
10.0,2,0.015246273631326395,2.217794086653438,2.325198483714496,2.440290922585409
15.0,2,0.0074068077369523365,3.4240924268164252,3.5388338522548515,3.6619989603587224
20.0,2,0.001566344388129368,4.628220147374597,4.753992761938132,4.884354076593967
25.0,2,0.000297817394430823,5.830224416680529,5.970623978015047,6.107360337687815
30.0,2,0.006589743504850021,7.030627442607205,7.187795595004828,7.331427441248113
35.0,2,0.021862188925495178,8.230358806391582,8.403837028689814,8.557296390255594
40.0,2,0.04607151535708581,9.430439990497748,9.616975761232109,9.785718220083808
45.0,2,0.08159132854107365,10.631493823827837,10.826323145291438,11.016958749171234
50.0,2,0.13483059600224792,11.833286339966813,12.032794020742747,12.250337104057703
55.0,2,0.20843512539011783,13.034583734035115,13.239394515103035,13.484080962105837
60.0,2,0.2926245205631529,14.233551816376645,14.450422976301532,14.715726165042504
0.0,2,0.012864547325133844,-0.2,-0.1,0.0
5.0,2,0.028788807194664298,-0.5182795809845664,-0.44302893412259964,-0.32763452075031685
10.0,2,0.060975396523320124,-0.8374163293716593,-0.7843537149731706,-0.6561160273701339
15.0,2,0.0758807187381316,-1.161305744125611,-1.1163991370203583,-0.9891242264264869
20.0,2,0.0544446773555093,-1.4928765467263025,-1.433547096257042,-1.3293485004466243
25.0,2,0.058383719212280236,-1.832008510056606,-1.7362985753938036,-1.6764080938370598
30.0,2,0.1679285006070762,-2.174284743794799,-2.0337659159697257,-2.0256075553804287
35.0,2,0.30491402499646586,-2.5116839105795994,-2.3422843947648895,-2.3686329456579367
40.0,2,0.2598782859787925,-2.8356909084350765,-2.679186014064202,-2.696667364360626
45.0,2,0.08404375359125184,-3.1421137063856057,-3.0531601294308035,-3.0052134869009715
50.0,2,0.2677998022726398,-3.4355761642094227,-3.455261269926629,-3.2985929244387733
55.0,2,1.0201597065611594,-3.730921444328256,-3.8560949731195437,-3.5913569769844913
60.0,2,1.464786671042178,-4.049301259177188,-4.213631210006683,-3.9043839611059097
0.0,2,0.003609702827048557,-0.2,-0.1,0.0
5.0,2,0.010090421602351888,-1.1276479023574089,-1.0439385360787348,-0.9294812427942524
10.0,2,0.02539658481818893,-2.0561231704172416,-1.9865717840649428,-1.8594404079786038
15.0,2,0.029919087317426367,-2.9883671898097055,-2.922097551315041,-2.7927383025664585
20.0,2,0.012618587341608421,-3.9265722603349538,-3.84621267778851,-3.7314857867981526
25.0,2,0.009923207951066678,-4.870586792490036,-4.7593008888095465,-4.67545072485245
30.0,2,0.06920013906118752,-5.816959851859517,-5.668341739035116,-5.621104496487829
35.0,2,0.144958770063617,-6.759471805564883,-6.585847156012483,-6.562154807035465
40.0,2,0.1147305299047803,-7.691517621968286,-7.5250925044482635,-7.491931323426659
45.0,2,0.009004994519879165,-8.609797247076276,-8.492733354903224,-8.407078529094184
50.0,2,0.1159015367534468,-9.517758071841106,-9.4819179664634,-9.31100077399964
55.0,2,0.5583980845593433,-10.426671359522478,-10.470131790450237,-10.214941343561811
60.0,2,0.8226054556368407,-11.352638594049214,-11.425182126074175,-11.134991454641545
0.0,2,0.14910838320105277,-0.2,-0.1,0.0
5.0,2,0.1653953297601281,0.06730354364030712,0.18621499817976578,0.2642943343367417
10.0,2,0.19111675341996068,0.33386738335494376,0.4706966216865932,0.5310617472720944
15.0,2,0.19098906051990341,0.6033325186252521,0.7457397716740999,0.8043663381710946
20.0,2,0.14542855179122346,0.8783581684252999,1.0056300095669921,1.0872633266349834
25.0,2,0.11934127345079182,1.158511443153514,1.2508769085101334,1.3796760291204757
30.0,2,0.19788119810244853,1.439006577111207,1.4907490608855858,1.6771216189441984
35.0,2,0.30354047355394476,1.711418066039751,1.741861847193932,1.971410219864169
40.0,2,0.22422263826821304,1.9668543375469263,2.021844464459308,2.2538042072484825
45.0,2,0.01871095715496341,2.200867285251799,2.3395352660766786,2.519913334083102
50.0,2,0.2011211858386594,2.418032514662072,2.6858353916230504,2.7742608552833743
55.0,2,0.9950838647621794,2.6333872895424917,3.0308463469072686,3.031708001275613
60.0,2,1.5014530651920286,2.8684630446326613,3.331817406996165,3.3134740622534182
0.0,2,0.0005191341108069049,-0.2,-0.1,0.0
5.0,2,0.016244733338515754,0.8377987586435126,0.9070127363954772,1.0186728995772647
10.0,2,0.054656749605809685,1.8756458309939152,1.915827366635826,2.0354955916027526
15.0,2,0.07976843835552919,2.9094215436176394,2.93445356710682,3.0465780731242593
20.0,2,0.07169247057693195,3.936006460246476,3.968831664419067,4.049099453799435
25.0,2,0.10059990460044221,4.955480568454551,5.018431942333131,5.0435094622935255
30.0,2,0.2569354437887572,5.972440389590744,6.073619427046359,6.034846551060351
35.0,2,0.4534497667218569,6.995265215558459,7.117121942887936,7.032003603867383
40.0,2,0.4553217166203365,8.032826575967999,8.130613422156447,8.044435158805573
45.0,2,0.3182471822665442,9.08939419007793,9.104906137103377,9.077059224365154
50.0,2,0.5878872065572496,10.15988509895046,10.049458620178505,10.125500227033907
55.0,2,1.4942819935922675,11.22838006273208,10.995351233576592,11.17459704447043
60.0,2,2.053087408828922,12.272259660961671,11.987024610545719,12.202528463888017
0.0,2,0.006526901840368317,-0.2,-0.1,0.0
5.0,2,0.010533217575356513,1.800605160899685,1.88942212529104,1.9958263360266952
10.0,2,0.01762573287967279,3.800729554651493,3.8795908512628134,3.991386838520536
15.0,2,0.02129145093836484,5.798647134453164,5.873824924943058,5.985088807256053
20.0,2,0.01779001243150569,7.793055681697539,7.874585674397117,7.975773132775018
25.0,2,0.01888415314417078,9.783989494478805,9.881653615826941,9.963625000781471
30.0,2,0.03989753699540171,11.773366541330264,11.891036572878457,11.950718619095815
35.0,2,0.06576915371385719,13.764685758857196,13.895577954085452,13.940711642579446
40.0,2,0.0562657895272341,15.761664836199968,15.887684496026775,15.937479645512793
45.0,2,0.021229626516282046,17.766130546044643,17.863549335267685,17.94300271864473
50.0,2,0.054846899410391094,19.776051041432957,19.827091541061957,19.955393639679784
55.0,2,0.19735828318137327,21.78492164184933,21.79118901941809,21.968279183124878
60.0,2,0.28075263903751446,23.783478774484585,23.77425540060026,23.972509291524798
0.0,2,0.0005382916981072819,-0.2,-0.1,0.0
5.0,2,0.0012140748104437038,-0.9017941979480011,-0.7906170971236798,-0.6933521851970006
10.0,2,0.004720285621373857,-1.6038647338284522,-1.4818247841269845,-1.3858374425819266
15.0,2,0.007446887364828774,-2.304865112310576,-2.176248317667473,-2.076177010828012
20.0,2,0.007533984247786656,-3.003771114225253,-2.875834702996232,-2.7634481038532623
25.0,2,0.012797431676658089,-3.7006009039000825,-3.5804103199796624,-3.447806177463664
30.0,2,0.03320701922220832,-4.3968460770097515,-4.286817203438826,-4.130917601163515
35.0,2,0.059589788508688395,-5.095230585105386,-4.989394214023443,-4.815719562751979
40.0,2,0.06683343503377895,-5.798631746715919,-5.68213478805693,-5.505341307376675
45.0,2,0.060915797706430935,-6.508410255877544,-6.362027550013194,-6.201433516527447
50.0,2,0.10030041306206351,-7.2228528144961395,-7.032172634540503,-6.9026093536502175
55.0,2,0.20937050945231664,-7.936685812557908,-7.702756961040011,-7.603955509357613
60.0,2,0.28186369016034524,-8.642431116189163,-8.388346419902499,-8.298384227132535
0.0,2,0.023292157464524878,-0.2,-0.1,0.0
5.0,2,0.027548692853500426,-0.2506584834752094,-0.14333886364335358,-0.05362554206007181
10.0,2,0.03394260419544173,-0.30148021024384514,-0.18742513674468445,-0.10634043136873819
15.0,2,0.035828863142629584,-0.35089722353757286,-0.23558116146251998,-0.15639028253581116
20.0,2,0.029423300151731863,-0.3977686911478186,-0.2902709321685794,-0.20245193339813905
25.0,2,0.02658897271265036,-0.4422912246484541,-0.35127472730239984,-0.24454849394230893
30.0,2,0.04289390318392189,-0.48654283271951265,-0.4145960458670321,-0.2845984564852343
35.0,2,0.06361196011566657,-0.5341756916819909,-0.473070543806981,-0.32611398876141096
40.0,2,0.04895742334704554,-0.5890478913590086,-0.5190967320742854,-0.37283848999569313
45.0,2,0.009493570581756382,-0.6531066103000654,-0.5488636233368627,-0.4266357689706734
50.0,2,0.040457140273445914,-0.724413173935371,-0.5662945322958651,-0.48552118555497437
55.0,2,0.183131314583943,-0.7965229172374724,-0.5842813153321332,-0.543047548395229
60.0,2,0.2701464646608153,-0.860195674183668,-0.6212575498188811,-0.5900214461409162
0.0,2,0.1511521105563576,-0.2,-0.1,0.0
5.0,2,0.2682783572602974,-0.41529753037965345,-0.3814158227497046,-0.2312688891201344
10.0,2,0.5116781205956099,-0.6339671476484026,-0.6578960407334962,-0.4641012961171076
15.0,2,0.5993138597464053,-0.8672614882957751,-0.9075011834019086,-0.7091840550508122
20.0,2,0.37144826618616966,-1.123609514066287,-1.1139599790517623,-0.9743594758799259
25.0,2,0.3469267129749181,-1.4025841541480573,-1.2787233844102035,-1.258603672689173
30.0,2,1.2010840317346305,-1.6912870485264628,-1.4281827558576725,-1.5484236491127858
35.0,2,2.2819078394206844,-1.9663521711809597,-1.6096486676551904,-1.819874856910269
40.0,2,1.8373466667651897,-2.2029543597502417,-1.873318431561191,-2.047585146684513
45.0,2,0.3031641572910143,-2.3887598171025037,-2.2443583430223915,-2.2187220201206053
50.0,2,1.799791830144482,-2.53693884554266,-2.6968603398238984,-2.3460232371284553
55.0,2,8.087902497271504,-2.6902317016652515,-3.145691557890033,-2.4718814051892712
60.0,2,11.823985272935897,-2.9096242526280647,-3.469123737877422,-2.6570389164886614
0.0,2,0.1310262661281791,-0.2,-0.1,0.0
5.0,2,0.23595591199842977,-0.5642854140761753,-0.5261074161718484,-0.3830762761577112
10.0,2,0.44599336797832656,-0.9314223014505825,-0.9477636848619787,-0.7677522264988943
15.0,2,0.5314437607311172,-1.3115882296896955,-1.3451828175810925,-1.1636362719464122
20.0,2,0.36181481433538565,-1.7124218468074057,-1.7036906591849257,-1.5777639196306208
25.0,2,0.35823768188245503,-2.133582794660914,-2.0245957468616087,-2.00916699050617
30.0,2,1.0688430385370589,-2.5634913149710896,-2.331698977373129,-2.445624346090199
35.0,2,1.9619581749275552,-2.981135033162175,-2.667667126822485,-2.865481584855501
40.0,2,1.611052302851215,-3.364192880690797,-3.077770359337246,-3.2457896112178166
45.0,2,0.36893253712889773,-3.7016156921316443,-3.584704757345913,-3.5749015081739905
50.0,2,1.5853140710288387,-4.005360851932189,-4.165105280219581,-3.8642249319053885
55.0,2,6.690926099916602,-4.314058006155585,-4.742195331874657,-4.151906832432547
60.0,2,9.712319083080134,-4.682794959920772,-5.206194964214242,-4.492639352733382
0.0,2,0.009630937733822884,-0.2,-0.1,0.0
5.0,2,0.081526534933034,0.3891661936236957,0.5451081092071621,0.5969957147154328
10.0,2,0.2561286924032155,0.9805599979531832,1.1857989823550807,1.1961810547843166
15.0,2,0.3092662222665758,1.584090962744652,1.8024373720874571,1.8072817178067613
20.0,2,0.11480704207911646,2.2071418879059026,2.380460919482586,2.4374772627966643
25.0,2,0.09006169470769887,2.849173763116711,2.921168192533546,3.086008132081171
30.0,2,0.7773915085145782,3.498494353086036,3.4481787589700787,3.7409469932215824
35.0,2,1.6554496554266094,4.134055894562566,4.003834334654937,4.380999893606471
40.0,2,1.3209931219399154,4.733522307206571,4.633060189355971,4.983577643807718
45.0,2,0.1221256227790486,5.285759576757275,5.35837949358564,5.537291087573685
50.0,2,1.3570146893176056,5.802487014692219,6.156605215142556,6.053607945628131
55.0,2,6.432267552215135,6.321921351418798,6.951545686570158,6.570503155020277
60.0,2,9.460712138886095,6.8986469488221,7.634257327070989,7.142335934662503
0.0,2,0.1863864588628087,-0.2,-0.1,0.0
5.0,2,0.21727961579617489,-0.9287895298252218,-0.8408743413706422,-0.7422444649713236
10.0,2,0.2453676356579404,-1.659046505284671,-1.5812938307902296,-1.4834763362594807
15.0,2,0.2657606703451628,-2.3920728939276397,-2.3192365861474973,-2.224415528426409
20.0,2,0.27467139741091195,-3.1289130962573273,-3.053203091166088,-2.9655171572453147
25.0,2,0.2744145405963844,-3.869792232592525,-3.783327062083324,-3.7064223861600376
30.0,2,0.26929559346826704,-4.61377648472139,-4.512040654736191,-4.445632877545521
35.0,2,0.25336180104953077,-5.358950615396622,-5.2437038833536125,-5.180703854420018
40.0,2,0.2126907754656146,-6.10324047611996,-5.982942796064205,-5.909083417153208
45.0,2,0.15364415874148696,-6.845690490100517,-6.732076650411417,-6.629407884992608
50.0,2,0.11584271999539661,-7.5876543750300165,-7.488717829637968,-7.342711157003674
55.0,2,0.12098180140368772,-8.333161157567579,-8.245020719850611,-8.05280982042062
60.0,2,0.11554412717415768,-9.087862854921072,-8.989767174766065,-8.765270004318712
0.0,2,0.03747012133502008,-0.2,-0.1,0.0
5.0,2,0.0534533591184063,-1.5888395665152708,-1.474689891598288,-1.3965794751454537
10.0,2,0.08134958775847927,-2.977376100594207,-2.8509096949505457,-2.791932070973244
15.0,2,0.09370860179821966,-4.362348972334819,-4.235460087068334,-4.182517740373821
20.0,2,0.07480730773097642,-5.741380846383621,-5.633384747705491,-5.565670138946829
25.0,2,0.07413203619053826,-7.114843225571904,-7.044233917236481,-6.941467523486478
30.0,2,0.15625471456299833,-8.486972092993435,-8.459826947443982,-8.31385455911647
35.0,2,0.2583079414859651,-9.865241209209922,-9.865498765437698,-9.690022558165131
40.0,2,0.21187872064054475,-11.257563476263257,-11.245689483236477,-11.077618506571977
45.0,2,0.05897322977105141,-12.667959889781542,-12.592598190306676,-12.48042231924251
50.0,2,0.19589060070251035,-14.092518733320354,-13.914255725985244,-13.894314873284214
55.0,2,0.7924888903976728,-15.518127741803347,-15.237051109567059,-15.306019414478525
60.0,2,1.1441756743116929,-16.92597662689033,-16.598717000694197,-16.69661357152345
0.0,2,0.14243888687625958,-0.2,-0.1,0.0
5.0,2,0.22511688226665774,-1.152744473685893,-1.1074770407230594,-0.9644522004830745
10.0,2,0.3947976302086407,-2.108650927340103,-2.1108041568137685,-1.9298923456301866
15.0,2,0.45184092191095976,-3.0771969847653207,-3.0915343385191534,-2.905289821391606
20.0,2,0.2832649733034615,-4.065480379498103,-4.035986475936131,-3.8972280041338334
25.0,2,0.2560839351359908,-5.0731458633927335,-4.945380553514062,-4.904842157553295
30.0,2,0.8482616425531561,-6.089344467779434,-5.84190678807912,-5.916791033493517
35.0,2,1.5997294116257577,-7.09441724216596,-6.765344563680053,-6.912954198398042
40.0,2,1.2731058248640923,-8.067468888365724,-7.757900473110137,-7.872020357660213
45.0,2,0.17809356624138709,-8.998096775736848,-8.840734685048279,-8.783231973242978
50.0,2,1.2296575401473928,-9.897331602694162,-9.992063343075401,-9.657342203150602
55.0,2,5.674716573636225,-10.801055564739434,-11.140305559659893,-10.530049739412924
60.0,2,8.323910995090934,-11.760480429903522,-12.183110533661912,-11.452493615139
0.0,2,0.05046999767974929,-0.2,-0.1,0.0
5.0,2,0.06431788546324327,0.22156149270221767,0.32745639288991896,0.43314304878479476
10.0,2,0.07873649170172284,0.6435203106626604,0.7549039455482419,0.8658976125429588
15.0,2,0.0928691185382292,1.066072282432891,1.1823033618785592,1.2981071588193178
20.0,2,0.10569560774672168,1.4894185592522124,1.6096254981756946,1.7295996800797673
25.0,2,0.11609371930565479,1.9137519230639664,2.036872953268796,2.160179795551813
30.0,2,0.12292503986773441,2.3392468674550186,2.464092997090023,2.5896257417164468
35.0,2,0.1251453379650637,2.7660591912132384,2.89137036827896,3.0176969811462313
40.0,2,0.12194468886606662,3.1943376052910537,3.318794975951563,3.444154893772757
45.0,2,0.11291517658557028,3.624243691145472,3.7464118958160064,3.868792822430821
50.0,2,0.09822052663302387,4.055969727955167,4.174174723575185,4.29146489223892
55.0,2,0.07873555234197709,4.489740109121075,4.60193097655055,4.71209919247458
60.0,2,0.056160420204593595,4.925784890564598,5.029462625532952,5.1306836964255735
0.0,2,0.006138620133856589,-0.2,-0.1,0.0
5.0,2,0.01900695868049288,-1.0211459370856542,-0.8904574865671165,-0.8107737105622731
10.0,2,0.05749460214567984,-1.8421403553831006,-1.6830801855823205,-1.6195337274646697
15.0,2,0.06862925969767136,-2.6581545131702264,-2.487492776693009,-2.4214841127819122
20.0,2,0.02310666359876367,-3.4655797932864063,-3.310833343621178,-3.2130953999526186
25.0,2,0.022247115734257434,-4.264669531580956,-4.152465362634462,-3.9947507768598305
30.0,2,0.19738623246250192,-5.061120409961368,-5.000811145472357,-4.772331249856564
35.0,2,0.4241498764009032,-5.865188913853372,-5.8351159013494405,-5.556335124302586
40.0,2,0.3660212117527538,-6.687734922769881,-6.6333584495929045,-6.35792370135765
45.0,2,0.10690547869487563,-7.534097547200296,-7.384498526900133,-7.182798133835068
50.0,2,0.43902311752489925,-8.39838273848153,-8.099901804039757,-8.025486799629228
55.0,2,1.6995040031717918,-9.261676346502316,-8.816915424022664,-8.867556705840606
60.0,2,2.4723171234333936,-10.097009405114486,-9.588940652735142,-9.682575552730997
0.0,2,0.11629421781253704,-0.2,-0.1,0.0
5.0,2,0.1581180771180719,-1.4989702479968443,-1.431228652911524,-1.3135893520440711
10.0,2,0.22292985757054656,-2.799759191095373,-2.760339085586935,-2.6274782292225285
15.0,2,0.2573668883479303,-4.107326165692412,-4.077915505496032,-3.9461230876687896
20.0,2,0.230435887024875,-5.425424472011427,-5.376974748746372,-5.27275379105182
25.0,2,0.23609279576989742,-6.75401011471452,-6.658139524417563,-6.606791625629961
30.0,2,0.3972376590564821,-8.087687502607496,-7.932736246960173,-7.942305768146813
35.0,2,0.5926026576644406,-9.416566229812318,-9.221069260124116,-9.268882280730443
40.0,2,0.4988387118263932,-10.73012380215075,-10.5446818127325,-10.575500408735952
45.0,2,0.19633058183624671,-12.023188988133153,-11.914374558162343,-11.856530730276114
50.0,2,0.4451246004976995,-13.30152242243154,-13.319028497980046,-13.117331609112528
55.0,2,1.5718130887920847,-14.583557236253718,-14.72210704467611,-14.376006501546776
60.0,2,2.2274305972647745,-15.895534495151981,-16.07136791498946,-15.65855662528769
0.0,2,0.04990514311934272,-0.2,-0.1,0.0
5.0,2,0.09415855476396835,-0.297559705239419,-0.18192100364552888,-0.11903053339099327
10.0,2,0.17089998229921294,-0.3938420194531558,-0.2660812359147009,-0.23709922918403037
15.0,2,0.2219356937386339,-0.4840990581888117,-0.3624343889631451,-0.3490002796758726
20.0,2,0.2136674910295699,-0.5648975881528492,-0.4783625565906695,-0.45078482436025735
25.0,2,0.25151092045253176,-0.6368513417689109,-0.6132074559749706,-0.5424974136358435
30.0,2,0.47238976231612606,-0.7062554536465717,-0.7549956242018777,-0.6298163758072288
35.0,2,0.7393297987029196,-0.7841703715013613,-0.8822627834147804,-0.7231455410154944
40.0,2,0.6883370029697297,-0.8823264055013887,-0.9722349752741907,-0.8335285574320443
45.0,2,0.40532446662153043,-1.0067848637441446,-1.0134945332958574,-0.9663217834436034
50.0,2,0.7344843720438069,-1.152023395196874,-1.017795655241966,-1.1152933723207483
55.0,2,2.034505549165343,-1.2990792692000124,-1.0237621684025486,-1.260782227433011
60.0,2,2.790793240547215,-1.4206739759324014,-1.0866208211813315,-1.3748401101978318
0.0,2,0.0096023627618996,-0.2,-0.1,0.0
5.0,2,0.004581329232722634,-0.8877209442290113,-0.7831333364533801,-0.6754171188822221
10.0,2,0.0011652805285405341,-1.5766359605807208,-1.466133859494289,-1.3497729790542319
15.0,2,0.00038115231030750956,-2.2670233347927162,-2.148411194469598,-2.0233796694315562
20.0,2,0.0034869675912431084,-2.9590573497222277,-2.8295274936944232,-2.69650075484187
25.0,2,0.012289369673085911,-3.652643433891077,-3.5095218013231193,-3.369191762608936
30.0,2,0.028651565743438585,-4.347318717105906,-4.18910428890854,-4.041205391373335
35.0,2,0.05327921858579779,-5.042304248746899,-4.869548048424575,-4.712047499780966
40.0,2,0.08572622016355155,-5.736746276242572,-5.552203851780214,-5.38122106849429
45.0,2,0.12660766102209245,-6.430091172758937,-6.237748905059849,-6.048602518262875
50.0,2,0.178520950393157,-7.122435893994011,-6.9254860417932775,-6.714792059858988
55.0,2,0.2415287777635005,-7.8146385398394305,-7.613124400631529,-7.3812224547399925
60.0,2,0.30817806032702993,-8.508015723914196,-8.29738836566022,-8.049852705201252
0.0,2,0.0394956697302969,-0.2,-0.1,0.0
5.0,2,0.0746607101164214,-1.2182814550612562,-1.0871613438582082,-0.9960748840243435
10.0,2,0.1320506205013539,-2.2360246599685167,-2.0760221664625034,-1.9909885394565947
15.0,2,0.1782246749314765,-3.249231937178114,-3.0741368944064473,-2.98118421724681
20.0,2,0.19363135498592576,-4.254850032866161,-4.087108221127412,-3.964112477781586
25.0,2,0.23846187574903457,-5.252846995391588,-5.114436538120186,-4.940304881207191
30.0,2,0.390690107552141,-6.24745738443926,-6.147034499177778,-5.914614214045687
35.0,2,0.5701451869514933,-7.246493414210709,-7.168611635505679,-6.895518730890179
40.0,2,0.565540838839345,-8.258244846662453,-8.161883486842129,-7.892013130045784
45.0,2,0.4244656685312558,-9.286678024637913,-9.118184532697184,-8.908796589159088
50.0,2,0.6311281958316916,-10.32695866582903,-10.046435706406182,-9.941782457202814
55.0,2,1.3900867591153214,-11.364056232934985,-10.975950840812642,-10.976687438634286
60.0,2,1.8270833536230837,-12.376648529448678,-11.94864467572314,-11.992918990153887
0.0,2,0.009948265828265357,-0.2,-0.1,0.0
5.0,2,0.020401517221699642,-0.900741806193003,-0.7983420936057641,-0.6846347989368653
10.0,2,0.036081177646965654,-1.6021533573690219,-1.496204166160233,-1.3690798739420091
15.0,2,0.0545771071211863,-2.3051640852118678,-2.1914524552943697,-2.054539555700655
20.0,2,0.07434672583303727,-3.010402777918206,-2.8825044694353426,-2.7419675475889855
25.0,2,0.09990510645302292,-3.7176118103313582,-3.5695013239695235,-3.4314803593772845
30.0,2,0.13683059815193085,-4.425297151844095,-4.25500975736884,-4.122005283200889
35.0,2,0.17769924822923727,-5.130925602658427,-4.943631043979841,-4.811474244511237
40.0,2,0.20424097153679424,-5.8318041049187865,-5.640247212957031,-5.497698272009358
45.0,2,0.21849116026893622,-6.526440528123932,-6.347305857284592,-6.179721903212378
50.0,2,0.25705571825161794,-7.215814103429494,-7.062287242127275,-6.859085641799863
55.0,2,0.33410358625693437,-7.903776568481306,-7.77691161883189,-7.540217498779066
60.0,2,0.3777986218520898,-8.595957349046875,-8.479340088257775,-8.229326947523365
0.0,2,0.025562626883138206,-0.2,-0.1,0.0
5.0,2,0.04869444657300994,-0.3346003019093849,-0.20699261327916785,-0.12038795731965606
10.0,2,0.09029831238918132,-0.4683796080028303,-0.31572585675731957,-0.23985628025626363
15.0,2,0.11522159859121113,-0.5973116105789689,-0.4339370811339654,-0.3546939258116765
20.0,2,0.1032718529241437,-0.7183509955708813,-0.5673646443704295,-0.4622078500915031
25.0,2,0.11836901258851967,-0.8315605564537246,-0.7154968403604691,-0.5628469657268227
30.0,2,0.2435933162415829,-0.9413861802476586,-0.8690262804280107,-0.6614727743735532
35.0,2,0.3966419673153875,-1.055950581313232,-1.0112680357354196,-0.7666474905087802
40.0,2,0.35814086450560123,-1.183877013868441,-1.1245191173080074,-0.8874508488891941
45.0,2,0.18064807868504862,-1.3293705288836781,-1.1999041763427987,-1.0285531473473901
50.0,2,0.3749420860253455,-1.4876304011089576,-1.2465601590960664,-1.1856181648770971
55.0,2,1.1584053691182212,-1.6434183073603499,-1.2945107082953242,-1.3438605819347076
60.0,2,1.6163823123726067,-1.7750546243093999,-1.3866854940279991,-1.4820303517612499
0.0,2,0.125649633945737,-0.2,-0.1,0.0
5.0,2,0.22457089162908012,-0.34083995597978306,-0.19814756777431586,-0.15828898951034756
10.0,2,0.4239583014568707,-0.480162591769651,-0.300660559845369,-0.3137298749138604
15.0,2,0.5029171080396039,-0.6085389687512902,-0.42694391285953837,-0.4563466581824717
20.0,2,0.33603436610148374,-0.7190617152974542,-0.5913891772348024,-0.5786551605254427
25.0,2,0.32854896323392047,-0.8126711394475706,-0.7927130164702414,-0.6809984104042814
30.0,2,1.0079281618962672,-0.9013418887054949,-1.0075729074443613,-0.7747442834366233
35.0,2,1.8630959610614004,-1.0062983005712234,-1.19412377945823,-0.88051351282142
40.0,2,1.5223114117677168,-1.150032617453314,-1.3079673115817474,-1.0202121770801662
45.0,2,0.32533240819499765,-1.3439508076108797,-1.3268445177711732,-1.2046932939975343
50.0,2,1.4945090782566623,-1.576846653593908,-1.2736704590247667,-1.4222480200253278
55.0,2,6.406373319039314,-1.8112881986119906,-1.2237431162208638,-1.6350103310755357
60.0,2,9.315638137638436,-1.9936157862974122,-1.2847282215523783,-1.788974151322953
0.0,2,0.023326339309391236,-0.2,-0.1,0.0
5.0,2,0.03548549431873476,0.9446339108440583,1.0626185309104912,1.154064096371551
10.0,2,0.0550275664761451,2.0900124751894835,2.224110445644328,2.308510155418386
15.0,2,0.06697431483272027,3.238767860920037,3.3794677738310432,3.4657139796272314
20.0,2,0.06260965134657986,4.392895280026737,4.524976385432851,4.627394487044827
25.0,2,0.06847395830907088,5.552375400467486,5.660967480251605,5.793239809911427
30.0,2,0.11918362192930076,6.71434825011287,6.793465229677055,6.960085748966657
35.0,2,0.18015429956311613,7.873569448090043,7.9332688894878,8.12237742930481
40.0,2,0.1594966786283439,9.024465133942574,9.091836650955969,9.274230520110246
45.0,2,0.079393198578593,10.164314699587482,10.274913049331218,10.412621094216037
50.0,2,0.15416826955826482,11.296219199267064,11.476584231422219,11.54036195057155
55.0,2,0.4754352434338135,12.430027261973398,12.677417510378659,12.667037147034735
60.0,2,0.6607722813273533,13.579747750484731,13.849626822964971,13.806423884063163
0.0,2,0.0801931754901437,-0.2,-0.1,0.0
5.0,2,0.11294014536627564,1.541272301874429,1.6156472031184008,1.724658465227648
10.0,2,0.1590317413145183,3.2814251823664096,3.3327647632269564,3.4489659948475717
15.0,2,0.1922548352197998,5.016957703203219,5.05788862787672,5.169887579581462
20.0,2,0.196900682610962,6.745196372267803,6.79586614186574,6.885249366748287
25.0,2,0.21719501393716995,8.466094129019499,8.546265053328778,8.59553066875397
30.0,2,0.3110697944059392,10.183309780262723,10.30122316154803,10.304934879511935
35.0,2,0.4186307034728881,11.903614064510787,12.046646259861493,12.020785467170976
40.0,2,0.3825363026851185,13.634209440103021,13.767580158918163,13.750834162742507
45.0,2,0.24004135433196863,15.378578154010784,15.456527613662708,15.49909596431067
50.0,2,0.3561211951193348,17.132610192228057,17.12120684753185,17.2619626624447
55.0,2,0.8873260596185952,18.883397055546695,18.786979636381275,19.026980980496873
60.0,2,1.1834996440769983,20.612610826304735,20.490109823349567,20.776214992990973
0.0,2,0.031031818511250725,-0.2,-0.1,0.0
5.0,2,0.10935100944630369,-0.5715113241084095,-0.5293218323528764,-0.38453879165989985
10.0,2,0.28869663266729806,-0.945290922700892,-0.9542884397901844,-0.7711645337512982
15.0,2,0.3507765974252678,-1.3311780586027047,-1.3555402233765927,-1.1693975623842532
20.0,2,0.17245067875886907,-1.736526650485383,-1.718719257125194,-1.5862418848741537
25.0,2,0.158727699315085,-2.160885025285875,-2.045105879148382,-2.0208688361716782
30.0,2,0.8360674735626844,-2.592808703875571,-2.3579880750761064,-2.4614349097754946
35.0,2,1.6968132644971399,-3.0116314543879916,-2.6991131487472426,-2.886859033713134
40.0,2,1.3760047672301376,-3.395417601896741,-3.1127756888158116,-3.2747822942570326
45.0,2,0.21129668383920266,-3.7332751781255205,-3.6211826754109784,-3.6138896795543007
50.0,2,1.4083629481985347,-4.036841501519167,-4.201472586303162,-3.9154053933896713
55.0,2,6.334375081556514,-4.3438737913248096,-4.778523366882845,-4.216694271125545
60.0,2,9.26651854362395,-4.708259082849941,-5.244920835268563,-4.571283459336008
0.0,2,0.016596997658927633,-0.2,-0.1,0.0
5.0,2,0.03331601008039367,-1.1892992129127458,-1.1084268775720454,-0.9829949412312522
10.0,2,0.0688412649937081,-2.1793003383132694,-2.114962144155744,-1.9671795809630794
15.0,2,0.0818144111742851,-3.174108407374943,-3.111197317804491,-2.9568573699687217
20.0,2,0.04882567441948075,-4.1767369232529905,-4.0908963002470475,-3.9552509033641536
25.0,2,0.04611429013990173,-5.186799646807184,-5.054615182544003,-4.962190329229038
30.0,2,0.17286931000370653,-6.199129382033269,-6.012468668383002,-5.9727281398800445
35.0,2,0.3332634220422743,-7.204550852361887,-6.982588923198938,-6.977907446451554
40.0,2,0.26983301837240525,-8.193338840914702,-7.984214478237926,-7.968214934575835
45.0,2,0.04641507495332605,-9.160570907545921,-9.026990522541855,-8.93892785535688
50.0,2,0.2680136790774775,-10.111121155009087,-10.100987578873982,-9.895101583277695
55.0,2,1.1929573381915253,-11.061225397330642,-11.173577779162919,-10.853128172383165
60.0,2,1.742242408386863,-12.034148166100428,-12.198107770093964,-11.836396444398318
0.0,2,0.23254175796474955,-0.2,-0.1,0.0
5.0,2,0.24210480994800038,0.5124088410377777,0.5831441189052327,0.7198782449284834
10.0,2,0.28188198980451484,1.2207920991576404,1.2690899717485584,1.4409803388367943
15.0,2,0.26346840625599743,1.9187191790172715,1.9702916674259328,2.1572827681713016
20.0,2,0.1395759618438588,2.601406083570106,2.695985718241057,2.8643330176748294
25.0,2,0.08339452903124428,3.269145531530861,3.4453484774681575,3.5626620153584363
30.0,2,0.3203202605933314,3.929364625120237,4.203398689040312,4.259823915068308
35.0,2,0.6495975764821571,4.5954923805941785,4.943280142255068,4.969245911251017
40.0,2,0.5171442537931679,5.281850148909966,5.636497947706925,5.705101542354866
45.0,2,0.07436690306668108,5.995735775224548,6.268766264573217,6.4743788040454415
50.0,2,0.6596270147529429,6.730038979805219,6.854792003277353,7.269481065632056
55.0,2,2.8494371591301024,7.46093419699487,7.442901487712708,8.065907568878401
60.0,2,4.283937044602484,8.15430827830787,8.102194698854687,8.828671481294766
0.0,2,0.21096528594732622,-0.2,-0.1,0.0
5.0,2,0.3139501897405303,-0.17356813464470414,-0.1337283942646734,0.013353239575847527
10.0,2,0.5201511560985066,-0.15079989823919898,-0.1629042355547229,0.025817555126859196
15.0,2,0.5889212160857034,-0.14211661084608207,-0.16729077343153073,0.027577516277014404
20.0,2,0.38400545442545053,-0.15532699565666508,-0.13187954795829093,0.011433386280816936
25.0,2,0.3469658017022295,-0.19006113908412847,-0.05800890725595253,-0.021646400327584695
30.0,2,1.0531137722386559,-0.23443394198839657,0.029978022819124133,-0.059203816831919186
35.0,2,1.9491678024018981,-0.2668913914049809,0.0884424369334144,-0.07915407086314859
40.0,2,1.546721344106589,-0.26451815532306233,0.0710828316639061,-0.05811099100905275
45.0,2,0.21957946870387388,-0.2159037199048171,-0.045313934768376016,0.015728050671498562
50.0,2,1.4772332030618767,-0.13314370962242406,-0.23685052226084335,0.13056133854813307
55.0,2,6.822100001757037,-0.055588921722689616,-0.4250012197877388,0.247213958841841
60.0,2,10.011105289746627,-0.03939888055256115,-0.497485086015191,0.3095644945657111
0.0,2,0.00764399211405634,-0.2,-0.1,0.0
5.0,2,0.0389501177304936,-1.1140587932151311,-1.0507002446283258,-0.9195676477649114
10.0,2,0.11378119223624002,-2.0296538526468635,-1.9985233958454163,-1.8404761227244708
15.0,2,0.13696862419425845,-2.9532536998113437,-2.9306803610967354,-2.7690459959170317
20.0,2,0.054930108074463364,-3.8896806950020415,-3.837686189534349,-3.7099398578971194
25.0,2,0.044631383176734506,-4.83859668606898,-4.720386681873163,-4.662650060099735
30.0,2,0.3360972598247879,-5.7923978805957335,-5.594166051630494,-5.619396181423985
35.0,2,0.7081072120888441,-6.737385320282648,-6.4866028728502085,-6.566298606125738
40.0,2,0.5653363520140017,-7.659018879136411,-7.426958474542931,-7.48863613118764
45.0,2,0.055479973149592264,-8.55005220908802,-8.42990295009117,-8.378985011296207
50.0,2,0.5778010796447773,-9.41812113284193,-9.480333810816898,-9.244811912425053
55.0,2,2.7291507560449553,-10.288116708233133,-10.528624878383575,-10.11085195507565
60.0,2,4.012161446434021,-11.195586921818075,-11.50381755915816,-11.012515746324366
0.0,2,0.029347545518401897,-0.2,-0.1,0.0
5.0,2,0.054652003611168065,0.14625126446590295,0.24644416151484197,0.3240368486311456
10.0,2,0.09217616494173557,0.4934200149025414,0.591928915752955,0.6481156185682823
15.0,2,0.1313995915674715,0.8434319659037088,0.932189559868196,0.9745752980637621
20.0,2,0.16582698514778493,1.197629108625353,1.264063203553492,1.305236786268699
25.0,2,0.2138968773571196,1.5555992751477021,1.5878318909570934,1.6402302069546324
30.0,2,0.2991825585928284,1.9144765889501623,1.908625704521766,1.9772913541993913
35.0,2,0.39431059793828627,2.2693352438154153,2.2356411077742253,2.3121495706935424
40.0,2,0.42961137882511585,2.6149460819241557,2.578635702560109,2.6402764124108336
45.0,2,0.41750523590772426,2.9484949957491886,2.942501437916042,2.9595940378417747
50.0,2,0.509317408867411,3.2721202256549833,3.3222021765105585,3.2730003439533384
55.0,2,0.767249328373118,3.593711680570354,3.701189370970747,3.589153969189675
60.0,2,0.9100031249555286,3.924719746084968,4.05580087991046,3.9202666693472574
0.0,2,0.12001175104429974,-0.2,-0.1,0.0
5.0,2,0.17283477625455157,0.8961061601703121,1.027214445130119,1.0852825682304053
10.0,2,0.2734085239806758,1.9927691084493624,2.151328243718013,2.173108994894303
15.0,2,0.3097333973148711,3.096646581000233,3.2585585775025363,3.2706043620897765
20.0,2,0.2181963811255883,4.212612923825313,4.33868350515391,4.383116265144186
25.0,2,0.20320939351159084,5.339977837298327,5.3926145469765805,5.510423483379323
30.0,2,0.5312622554787269,6.470224735409815,6.436931285774855,6.644463020000452
35.0,2,0.9454125298910272,7.588280075069078,7.501355179293133,7.770586960353807
40.0,2,0.7550858820610078,8.678184285140249,8.617421192042297,8.873219911064401
45.0,2,0.1337306747749456,9.73186818210938,9.80093929881945,9.944621080849009
50.0,2,0.7095992140881863,10.757340928136014,11.035633531970712,10.993057275201991
55.0,2,3.1802344011963948,11.781257833933713,12.26802170782349,12.045355367082376
60.0,2,4.650633784183848,12.84181993291416,13.421631676696967,13.139786472759312
0.0,2,0.033284813979348814,-0.2,-0.1,0.0
5.0,2,0.047204928804538415,-1.3901859351021164,-1.2652583120282495,-1.2038642402047364
10.0,2,0.09972647150117955,-2.577432354116053,-2.4332137030468135,-2.407970917507351
15.0,2,0.10933571215216564,-3.7557264209718793,-3.615855075709721,-3.6063439653237146
20.0,2,0.031522192059197235,-4.920638486024535,-4.8220739250085085,-4.794521538307402
25.0,2,0.02472641250823065,-6.072619791822549,-6.051077370416816,-5.972845274436205
30.0,2,0.2941954934116118,-7.218978566735395,-7.28844376024344,-7.148428597031874
35.0,2,0.6485764169340865,-8.372784767284053,-8.508320060886485,-8.334054583175362
40.0,2,0.5674118448360402,-9.547945959382819,-9.683275770647713,-9.543246168650555
45.0,2,0.1825041306489646,-10.751581534291871,-10.799558676792898,-10.782636174931477
50.0,2,0.7244481778416968,-11.97690817354262,-11.871326333176802,-12.044850366632039
55.0,2,2.7172724121628122,-13.201013095921954,-12.945099899813926,-13.30628036495083
60.0,2,3.964120807164588,-14.39103600572335,-14.08739822218978,-14.533267620108774
0.0,2,0.01142927693713576,-0.2,-0.1,0.0
5.0,2,0.028038168903561457,-0.504027372118532,-0.42106191011736827,-0.32737975482737924
10.0,2,0.0543417020131258,-0.8074861520096637,-0.7416688831543095,-0.6557830389625864
15.0,2,0.08892399224367571,-1.11156768131481,-1.0597986585873016,-0.986040771287727
20.0,2,0.13087037927805978,-1.4172401964895072,-1.3739514394928667,-1.3186845122707525
25.0,2,0.18431363726532893,-1.7246933576796208,-1.6842609671344466,-1.653390860502342
30.0,2,0.25383902127651914,-2.0330047814883616,-1.9931598525474863,-1.9886495883438375
35.0,2,0.3317607812490956,-2.340323600079675,-2.305008925974329,-2.321950733388928
40.0,2,0.40000315404546116,-2.644698710096099,-2.6244351013474554,-2.650618485062629
45.0,2,0.45807463846430596,-2.945361478688387,-2.95375807027886,-2.9731017846021923
50.0,2,0.5359382825345422,-3.243920875225406,-3.290589769148687,-3.2901797262585952
55.0,2,0.6429403564452101,-3.54473274016608,-3.627083115690868,-3.6053435518389563
60.0,2,0.7109318704037271,-3.8538492490992944,-3.952017864051646,-3.923761331608227
0.0,2,0.04283676333361699,-0.2,-0.1,0.0
5.0,2,0.07175110911365892,-0.6503824434338035,-0.5435092533469166,-0.4265050659933406
10.0,2,0.109955668672716,-1.1013456784109956,-0.9865884331446433,-0.8528594139924845
15.0,2,0.15508846700228615,-1.5536119197688385,-1.427325800829403,-1.2802525677239343
20.0,2,0.20499065300104694,-2.007622285905923,-1.864303527400896,-1.7096612377894316
25.0,2,0.26183322973511886,-2.4630132224344035,-2.2976480448039376,-2.1413225466320225
30.0,2,0.328110622913404,-2.9183045765127757,-2.729659015358469,-2.574416984773215
35.0,2,0.39540663161499856,-3.3710783814157286,-3.1644589382417445,-3.0072400197610887
40.0,2,0.44624600291303107,-3.8187691754311093,-3.60642185413399,-3.437983072627572
45.0,2,0.4792920380744662,-4.25988612751788,-4.057740677281002,-3.8659440601679
50.0,2,0.521061481907405,-4.695154634423947,-4.516157858142699,-4.292655135174289
55.0,2,0.5804951394823519,-5.127879480674185,-4.974255178538693,-4.722229731302255
60.0,2,0.5983171151636527,-5.562968061945853,-5.42142560913509,-5.1603674822083265
0.0,2,0.1502207386976076,-0.2,-0.1,0.0
5.0,2,0.12338771613930707,-0.18742614006396488,-0.09080127449519494,0.029030549534235412
10.0,2,0.0969932196077185,-0.17803041694256236,-0.08061738447712986,0.0602540713698424
15.0,2,0.06405133934386556,-0.17410955776632583,-0.06506913249177916,0.09158809518331308
20.0,2,0.023961141869901212,-0.17734477251953093,-0.0409087140191703,0.12146602643893183
25.0,2,0.004574383205529722,-0.18759079163474116,-0.008425745255417045,0.15003221176539885
30.0,2,0.041138746778036424,-0.20214779830032703,0.02711196387630768,0.1798546442742616
35.0,2,0.11674344509812577,-0.2161555476497305,0.05626105211139311,0.2155164403635639
40.0,2,0.17075131658030515,-0.22438654707190875,0.06900195496872728,0.2618096719033805
45.0,2,0.22898786168014007,-0.22402675620385787,0.06031138910610951,0.3209435818729013
50.0,2,0.46242190199089717,-0.2172704226221559,0.03536069718810831,0.3899410751841509
55.0,2,0.9452885957211491,-0.2121306395904,0.011142705945627558,0.4598224183698026
60.0,2,1.385297855216432,-0.22017974565759862,0.01195481499908528,0.5178625503584718
0.0,2,0.00545053714544123,-0.2,-0.1,0.0
5.0,2,0.0004146575003130142,0.04010060634894669,0.13101120329248156,0.21722235556690697
10.0,2,0.0028421727371175575,0.2819003753604326,0.3618229092605768,0.43294504579565846
15.0,2,0.01529943868949354,0.525756461820879,0.591548323705677,0.6476977100984534
20.0,2,0.04056591998412011,0.7718652600663928,0.8195297612329637,0.8619416395339985
25.0,2,0.08227138082183724,1.020015678972617,1.0458258695661828,1.0758292775028877
30.0,2,0.14372199638232394,1.2694408669986212,1.2715033882913738,1.2890607359600343
35.0,2,0.22512356081312174,1.5188979525019868,1.498474612543142,1.5009665914132249
40.0,2,0.32359446014014737,1.7670319709934257,1.7287685194908824,1.7108728311823713
45.0,2,0.43820673534308585,2.0129407395668566,1.9634023317130624,1.9186644155950754
50.0,2,0.5721695030259615,2.256703155181506,2.201328844391431,2.1253096525103987
55.0,2,0.722805617263228,2.4995473117666513,2.4391069840595976,2.333021521465424
60.0,2,0.8705462045303469,2.7433981036536217,2.6718164900417736,2.5447953888045802
0.0,2,0.002152761896963652,-0.2,-0.1,0.0
5.0,2,0.011335094946494385,-0.26367622532319096,-0.1827157476288002,-0.06319720811840124
10.0,2,0.03441767528055447,-0.3284102043479984,-0.2637946571400324,-0.12697350065275245
15.0,2,0.04064925734393496,-0.39786080555045694,-0.335960748511442,-0.19494598914927436
20.0,2,0.012766102021354867,-0.4747438087473067,-0.39381783647127616,-0.2697950790629824
25.0,2,0.008153300578294184,-0.5588322822687845,-0.43784711458963776,-0.35126650849353247
30.0,2,0.10139401231426107,-0.6457588209800937,-0.4768009810318034,-0.43497528441044864
35.0,2,0.22103491124160304,-0.7276814858841245,-0.5263694585988531,-0.5130733230097426
40.0,2,0.174545030259747,-0.7962731070294962,-0.6031999242957145,-0.5772404172378637
45.0,2,0.009883352223170033,-0.8473497961767767,-0.7156384985309003,-0.6233143349257475
50.0,2,0.18008445646251933,-0.885188708535214,-0.8550930622436611,-0.6556100399249012
55.0,2,0.8784262370406097,-0.9238789030641548,-0.9933302532452344,-0.6882718354647339
60.0,2,1.296618334773528,-0.9835684207805953,-1.089980255813311,-0.7415214962505735
0.0,2,0.007788529200522545,-0.2,-0.1,0.0
5.0,2,0.0038301757300813638,-0.11816959949871074,-0.0186853218262098,0.06008469903739949
10.0,2,0.010216170997134972,-0.034296312632899804,0.061750010147979595,0.11900585790987804
15.0,2,0.020997240670942996,0.05350144136496883,0.13739717603850451,0.17879071573396244
20.0,2,0.03419267954804438,0.14655549417135433,0.2053572239208464,0.24100639275772912
25.0,2,0.06919079015098037,0.24457086502514397,0.26588866178831,0.3056893617489728
30.0,2,0.14986524047074332,0.34498015320359116,0.32369347451125724,0.3707050385600946
35.0,2,0.257124848455591,0.44329997047961084,0.3872006947311564,0.43210777877669576
40.0,2,0.3357640209608615,0.5347364934387074,0.46535366726964045,0.4857480609916276
45.0,2,0.3984786823983295,0.6166727288660157,0.5626361154612687,0.5297591550852103
50.0,2,0.5730873011314037,0.6909900584018497,0.6744321599704465,0.5668755587527134
55.0,2,0.910474561016851,0.7647972367589816,0.7855742045173949,0.6051561135611796
60.0,2,1.1704638783496926,0.8484189662431872,0.8743746774033623,0.6559636889035706
0.0,2,0.026464972611997522,-0.2,-0.1,0.0
5.0,2,0.07546679038210766,0.4489039604607871,0.5062701834526345,0.6191382990335039
10.0,2,0.1673570250328933,1.097523322210012,1.1148964919050286,1.2362050717788287
15.0,2,0.23954629231519492,1.7403783673294042,1.7363522386580972,1.8462067228533268
20.0,2,0.2564180946562537,2.373295012989486,2.3784048912980738,2.4455498675002514
25.0,2,0.3357875681861582,2.9962823127588014,3.040361802098758,3.0349180998772174
30.0,2,0.6296469622254341,3.6152568290538016,3.7096244471721254,3.6209933814558117
35.0,2,0.9858131979340355,4.241085564273945,4.36360803051932,4.215493505835432
40.0,2,0.9996292014188777,4.885285927005928,4.978349705282935,4.830863911286793
45.0,2,0.7632686196197829,5.553367645388901,5.5418357587235025,5.473608582410223
50.0,2,1.2070868782615112,6.238623570480816,6.0664340030899035,6.138066855898854
55.0,2,2.722646843221848,6.92019280473584,6.592784578519494,6.804459489161159
60.0,2,3.6264632773691607,7.568472106291687,7.1789972828218955,7.444279926249865
0.0,2,0.17800334465017634,-0.2,-0.1,0.0
5.0,2,0.19254715665241487,0.9816596585088769,1.081512114642946,1.175015515204643
10.0,2,0.20093756994299838,2.1618838584416142,2.262754703908272,2.351736014363055
15.0,2,0.2008123128226322,3.3410223693147807,3.4425296888643815,3.5310098068902316
20.0,2,0.19066949922567702,4.519278757971385,4.619948521732786,4.713521873721712
25.0,2,0.17178628956401598,5.696387926763792,5.795090436908922,5.899458078109604
30.0,2,0.14692452568682024,6.871426228770821,6.969396623594938,7.088300877773051
35.0,2,0.11614670653120013,8.042928908636497,8.145450635579651,8.27893147427916
40.0,2,0.07768383224330039,9.209390438454522,9.325993666708412,9.470114201688817
45.0,2,0.037846613135166574,10.37003495160847,10.512400007591097,10.661250636008646
50.0,2,0.01547878889827404,11.525535523681516,11.703254860936722,11.853082498946446
55.0,2,0.023773143093777774,12.678244744298192,12.893909259004431,13.047906168618498
60.0,2,0.04982532991030622,13.831584506753329,14.077715818824363,14.248947134699872
0.0,2,0.11288151440193568,-0.2,-0.1,0.0
5.0,2,0.10473960164530642,-0.4975075257236153,-0.39632111400128944,-0.2925442197695623
10.0,2,0.09140226964336798,-0.7968854708577972,-0.69253225876879,-0.583327989362349
15.0,2,0.0735127682773741,-1.0985213625598034,-0.9881446052976541,-0.8724526106259489
20.0,2,0.052561902810939476,-1.402713693621581,-1.2827956166006589,-1.1599821277556361
25.0,2,0.03125191419344734,-1.7095314988177448,-1.576517621157724,-1.4458151774968961
30.0,2,0.013267053517930484,-2.018727722436998,-1.8698986395615411,-1.729610794968303
35.0,2,0.0024896939220393414,-2.3297778462613192,-2.1639927893616915,-2.010839380838304
40.0,2,0.0029719635766258397,-2.642074806751328,-2.459918506935147,-2.2889895622693555
45.0,2,0.020320244966445355,-2.955234399226366,-2.758236517534146,-2.5638848186898406
50.0,2,0.06207838178113789,-3.2693803382508877,-3.0583695687477315,-2.835978687946248
55.0,2,0.13425864163536666,-3.5852307099126137,-3.3584208320661855,-3.106449912460575
60.0,2,0.23743203978410338,-3.9038424465666655,-3.655678104214489,-3.376953763152752
0.0,2,0.01680624350687286,-0.2,-0.1,0.0
5.0,2,0.0729693618347669,-0.904647895785464,-0.7562623253233026,-0.6999404565089334
10.0,2,0.20871859600996065,-1.6070060882878252,-1.41643287032893,-1.3982623966186603
15.0,2,0.24844465822606104,-2.2982972855471915,-2.0978842316261366,-2.086370515679805
20.0,2,0.09334204490108358,-2.9719860283744426,-2.8135006873009307,-2.757915994795476
25.0,2,0.07009892506886437,-3.6285529661281526,-3.5621333087197877,-3.4135671132406338
30.0,2,0.6033975920077537,-4.2783547695884705,-4.322884308612283,-4.063864987505512
35.0,2,1.285359618145097,-4.940034388678082,-5.058291182122829,-4.727629172523072
40.0,2,1.017881924147515,-5.633384162105864,-5.728605584090445,-5.424815674745412
45.0,2,0.07396948642849842,-6.368295329994531,-6.313899782076964,-6.165460986488042
50.0,2,1.036093473216095,-7.13444981927901,-6.834688870681864,-6.939368086216445
55.0,2,5.006091009092222,-7.8980963112687395,-7.358384636458694,-7.712876506067562
60.0,2,7.376208479065763,-8.611012753109426,-7.981376640894518,-8.437818737408724
0.0,2,0.04117522172717106,-0.2,-0.1,0.0
5.0,2,0.0901773442704388,-0.442064192960494,-0.32573855345020225,-0.2665539106550265
10.0,2,0.17879011157161034,-0.682497433801296,-0.5539028139275131,-0.5323130664026189
15.0,2,0.23933153340484337,-0.9161433267856747,-0.7952753968168816,-0.7916512475945648
20.0,2,0.23295701618799355,-1.1392738354765441,-1.0578531616689575,-1.0402996311173223
25.0,2,0.28386502315532425,-1.3525499056701955,-1.340923005207428,-1.2783103744509001
30.0,2,0.5530680003054089,-1.56279276869508,-1.6315143388898097,-1.5118328348093086
35.0,2,0.8799237833448079,-1.7819922851199044,-1.9063753834743096,-1.7521289308656511
40.0,2,0.8370710487797204,-2.0228711038854765,-2.140835611710559,-2.0111465409295186
45.0,2,0.5247305593185787,-2.2920185060406557,-2.3225265170817404,-2.294664890468828
50.0,2,0.9325287129420874,-2.583483684885294,-2.4641811630226624,-2.595901722748948
55.0,2,2.4799098139829896,-2.8767647766881868,-2.60763989056971,-2.8935185604646967
60.0,2,3.3876063879878613,-3.1423604549394866,-2.8127286193602945,-3.157190810488462
0.0,2,1.299086947651376e-05,-0.2,-0.1,0.0
5.0,2,0.004962369906692239,-0.8775722560671018,-0.7764618015439698,-0.6956617328633155
10.0,2,0.018832850831266866,-1.5537332283634193,-1.45378580445812,-1.391872548127222
15.0,2,0.0344105044756665,-2.226666149087523,-2.1358046174025977,-2.08661660493304
20.0,2,0.048057472326793714,-2.895082800995048,-2.8253606707223153,-2.7783396901801782
25.0,2,0.0765333630887558,-3.5592777806471747,-3.5222004966179674,-3.4670006751067497
30.0,2,0.14089599182056414,-4.221759760128123,-4.22171378597621,-4.154701196741941
35.0,2,0.22105362081683033,-4.886900333843432,-4.9156358490808,-4.845334350396435
40.0,2,0.2625528304595658,-5.559358237947157,-5.595197711706665,-5.543010374141233
45.0,2,0.2768008309048371,-6.241639239310821,-6.256003070777288,-6.249619804181348
50.0,2,0.38669093891407325,-6.931818762036404,-6.902577808692058,-6.962561334015325
55.0,2,0.6421741988390163,-7.622826316128024,-7.54979379537085,-7.674033583719384
60.0,2,0.8145706257405549,-8.304417283925899,-8.218915754585796,-8.373016447180962
0.0,2,4.175165596209978e-06,-0.2,-0.1,0.0
5.0,2,0.01656962628734288,0.27834201702153555,0.3981412997174197,0.46773480511741483
10.0,2,0.058604506919670674,0.7583247596568288,0.8941513011763257,0.9359601828795832
15.0,2,0.07441185543756068,1.2446268607821287,1.3785560781625346,1.4094714266244244
20.0,2,0.035082538992800845,1.7406835049587686,1.8443293522989472,1.8918596301677166
25.0,2,0.0381349810118749,2.2460830122243887,2.292097677309458,2.38290991974795
30.0,2,0.21005571850389898,2.755007894226168,2.7332573976261925,2.877043439285784
35.0,2,0.42949509543987874,3.257103023259682,3.188238217270017,3.3641856124647886
40.0,2,0.36953865470043734,3.7413694632383394,3.6787163944112096,3.8336591172013166
45.0,2,0.11068736853203366,4.202193163621934,4.2155592663270856,4.28021066675822
50.0,2,0.4198943957287605,4.644969524457338,4.787579185201664,4.709632508904564
55.0,2,1.623421713831888,5.087865314311602,5.358013984380218,5.140520041728058
60.0,2,2.3492215594021397,5.55693554481537,5.8742988335219675,5.599383083938884
0.0,2,0.04703625265213708,-0.2,-0.1,0.0
5.0,2,0.042610254731637695,0.16427071753859793,0.24150761029890994,0.35275739479774126
10.0,2,0.048206171151080245,0.5294492246576146,0.5844591105410406,0.7031631100718354
15.0,2,0.04164362076186776,0.8923738685623608,0.9352727984605933,1.047960500882794
20.0,2,0.011743551777289741,1.250679936121145,1.2987087646016586,1.384754189818198
25.0,2,0.005858088938299333,1.6045581967651317,1.6743425378151653,1.713777878595963
30.0,2,0.08504472301816071,1.9578063179792113,2.054453440317336,2.0389545775149656
35.0,2,0.19686229479310563,2.317236627380984,2.4252009671197388,2.367312463945994
40.0,2,0.19454381263103582,2.690034901669844,2.771900110596736,2.7063507688153545
45.0,2,0.11804019860067606,3.07967385583879,3.087188579270988,3.059959068607426
50.0,2,0.3217415615735719,3.482101608183616,3.3786456652970758,3.424609952871786
55.0,2,0.9567755075763225,3.884548345259976,3.6711766218519606,3.788167981875802
60.0,2,1.393414207018031,4.268836351662339,4.000392527578996,4.133199792381612
0.0,2,0.144248798673876,-0.2,-0.1,0.0
5.0,2,0.20796446943510494,-0.9961502731228149,-0.8686682030945915,-0.8122363618688645
10.0,2,0.3185309618421511,-1.7916492016269352,-1.6403525775756151,-1.6221078969699858
15.0,2,0.36922071530292616,-2.5800721067965555,-2.4284604375298207,-2.4226319699324317
20.0,2,0.29882741934922513,-3.356737324831183,-3.2429352339545354,-3.2085467935593788
25.0,2,0.29952789495101195,-4.12238416364218,-4.082890280339998,-3.979999746449202
30.0,2,0.6220640304127997,-4.885372426494165,-4.932197694139118,-4.744758907884413
35.0,2,1.0217967394195668,-5.660446927520401,-5.761945759943181,-5.516991179140424
40.0,2,0.8438106275053784,-6.463220074536081,-6.541458663423036,-6.311759966731154
45.0,2,0.2509882632710895,-7.301633309644043,-7.2553571625548265,-7.136503070577647
50.0,2,0.7832299471024617,-8.167990706459136,-7.919473796538265,-7.983083877865465
55.0,2,3.10036032784548,-9.036459335181338,-8.585833660746271,-8.8253102230215
60.0,2,4.4635644419409495,-9.869974187043338,-9.328825469463082,-9.625858400528896
0.0,2,0.13192111897269965,-0.2,-0.1,0.0
5.0,2,0.16386408402959135,-0.39756259658533033,-0.2915945374386773,-0.21203178438502573
10.0,2,0.20122123860393776,-0.5954344097304939,-0.4843100132617904,-0.4226334138257769
15.0,2,0.22753703046778204,-0.7913859266363283,-0.6831291592397025,-0.6290516693510576
20.0,2,0.23252414151426049,-0.9838401935293285,-0.891747387359537,-0.8291680927472499
25.0,2,0.24093080445070475,-1.1732365989568163,-1.1098351669625963,-1.022872826125732
30.0,2,0.28583340246524946,-1.3628447564175998,-1.3313986865936982,-1.2128900674428602
35.0,2,0.3323625324162726,-1.5583013607579803,-1.5456931153366704,-1.4043279527685224
40.0,2,0.2897167315846764,-1.76555529907021,-1.7413180076100199,-1.6026380405919463
45.0,2,0.1810459208809442,-1.9876896276002074,-1.9125577788201256,-1.8104528592608409
50.0,2,0.2209343264703576,-2.2219559004580156,-2.06529647819304,-2.0246368054391257
55.0,2,0.5038504532332734,-2.458839974151874,-2.218868857931458,-2.2353692704158585
60.0,2,0.656402415391223,-2.68462283186015,-2.4009209482262404,-2.428723240821824
0.0,2,0.19762678837920467,-0.2,-0.1,0.0
5.0,2,0.20266080802164865,0.289594346371154,0.406270980558153,0.49032374752577923
10.0,2,0.20866012852808485,0.7778007118042638,0.9111570370072563,0.9834204000986498
15.0,2,0.1934673745384518,1.267476294679733,1.4085019831969363,1.4825889454885721
20.0,2,0.14561313713378154,1.760706446901557,1.893740122006914,1.9903097289118283
25.0,2,0.1083313647788561,2.257121148973606,2.3672785899580386,2.5065456333437246
30.0,2,0.13860856184820822,2.752890258592012,2.8365227664222803,3.027721421716155
35.0,2,0.19041814144607727,3.2412957969912757,3.3147479353849696,3.54727978880934
40.0,2,0.1325595918824476,3.715270010735341,3.816039395519837,4.0582031893855035
45.0,2,0.007319580203429618,4.171320144062165,4.347458775736116,4.556922750297501
50.0,2,0.14794331779235975,4.613189838865912,4.901736308359564,5.046964597325429
55.0,2,0.7021531810158058,5.053009554262905,5.4549838253697605,5.540086439373356
60.0,2,1.1003705848455396,5.5081277336011745,5.973044539683442,6.053096620176521
0.0,2,0.03332692573879871,-0.2,-0.1,0.0
5.0,2,0.06303095929372372,0.014696648637176546,0.08021749205077332,0.21504717596887427
10.0,2,0.13644424296494934,0.22706502412829804,0.26337723136915,0.42948037781620363
15.0,2,0.1541599618456143,0.4304753355390913,0.46255792873895635,0.6368506856924385
20.0,2,0.06048286374766946,0.6199969784298611,0.6874593285642876,0.8323889596331744
25.0,2,0.04107853647317842,0.7959945456567945,0.937216476362702,1.0165955612646813
30.0,2,0.33737188415985137,0.9662825691648957,1.1960967720008304,1.1973885587753041
35.0,2,0.7191396669190862,1.1449302862370163,1.4358971047252955,1.3889018256355663
40.0,2,0.5651546147468458,1.3468901465863807,1.626693501615493,1.6061068850528448
45.0,2,0.03141779868598593,1.5796798010322515,1.7534836544386019,1.8564883944407096
50.0,2,0.5829047915448944,1.8356226197245433,1.8317120586264517,2.1322784882174397
55.0,2,2.8453759551616162,2.0894211727952623,1.9121287131334306,2.408024597296632
60.0,2,4.208435114273026,2.304904704760061,2.0672991201480153,2.64733197497413
0.0,2,0.043720571985053,-0.2,-0.1,0.0
5.0,2,0.03687880485286639,0.4265064831014242,0.5398677595400548,0.6354215148386421
10.0,2,0.03168257980498448,1.0519400958347416,1.178979567457845,1.2726718516676696
15.0,2,0.02278746758291216,1.6779234003190462,1.813975110450285,1.9134887616710343
20.0,2,0.008161404574630398,2.3056718258258435,2.4423622330828048,2.559148971011868
25.0,2,0.0021037100351994726,2.935074844694084,3.0643631681199026,3.209540774586646
30.0,2,0.02291908898404154,3.5641473398665138,3.68402009268393,3.8626071123303154
35.0,2,0.05797698791054288,4.189341438506337,4.3085792323256005,4.514649631528907
40.0,2,0.06885716132654572,4.806930967553981,4.9457289537309315,5.161706138556068
45.0,2,0.06823960359648233,5.415152422744152,5.599323800116298,5.801685594460625
50.0,2,0.15473561816147707,6.016201740054575,6.26539561710347,6.436360217643167
55.0,2,0.3707803596167318,6.6168600102433865,6.9309052069125014,7.071988115125431
60.0,2,0.5440982392817438,7.226761093842756,7.577208314281633,7.717579681637065
0.0,2,0.018621311672202313,-0.2,-0.1,0.0
5.0,2,0.0327497377624259,0.45053164702750276,0.5286662635921515,0.6702247170349693
10.0,2,0.08903164630634046,1.0980057242553092,1.160024948661814,1.340814582392123
15.0,2,0.10719316490779837,1.7364754924326677,1.8060442545511093,2.0057481359800855
20.0,2,0.043695442887561,2.3615836298526074,2.4756003217692313,2.6605065589966514
25.0,2,0.05699536111612533,2.9738539528770973,3.1679016389937527,3.3053575464022558
30.0,2,0.35181872000354014,3.5806635688372954,3.8685514588939705,3.947320738196467
35.0,2,0.7371652596629599,4.195148724198595,4.551741392772878,4.599068276610836
40.0,2,0.6934686923883152,4.831288130092876,5.190088307924048,5.274004583219933
45.0,2,0.3505013518150687,5.496289002379704,5.7698637399376205,5.9786509065740665
50.0,2,0.9323389744637787,6.183483175030835,6.305200794371354,6.705542307143801
55.0,2,2.958265837155939,6.870102260799546,6.842540295105992,7.431006348295049
60.0,2,4.235517809930951,7.523446703356055,7.448286218030963,8.121338610468195
0.0,2,0.24831628254266344,-0.2,-0.1,0.0
5.0,2,0.33529270109251286,-1.390908720362817,-1.283502037707624,-1.219162096290003
10.0,2,0.44505727767173986,-2.58163355685203,-2.4688323126330247,-2.436679839235842
15.0,2,0.5349426532704123,-3.7685157617024316,-3.6641176012299317,-3.648085200148976
20.0,2,0.5780445921887497,-4.948974223041426,-4.875385076645074,-4.849932117755302
25.0,2,0.6397797536160341,-6.123731762027513,-6.1020972782803415,-6.042035231494347
30.0,2,0.8066266579985115,-7.298144461367117,-7.334478370701035,-7.228814294094487
35.0,2,0.9830584291873998,-8.481448036919906,-8.555003662048664,-8.418558281554532
40.0,2,0.9234054673682188,-9.683407889830304,-9.745079160717115,-9.62009578433619
45.0,2,0.6837750019404565,-10.909137076565276,-10.895382815984842,-10.837635796693876
50.0,2,0.8283066689222931,-12.15426029366785,-12.015511442391979,-12.065956807544502
55.0,2,1.600709346637988,-13.403390781176808,-13.13699979159318,-13.288910825194804
60.0,2,1.999687579032152,-14.634307102017061,-14.304938211122256,-14.48362893918584
0.0,2,0.09068184131152772,-0.2,-0.1,0.0
5.0,2,0.12750217147489595,-0.5545256579202043,-0.4424508452177842,-0.3710021151945391
10.0,2,0.1814463524041699,-0.9086631961200643,-0.7866263186343113,-0.7406677219106867
15.0,2,0.21680759837406274,-1.258820805698825,-1.1401926397646234,-1.1049224095341474
20.0,2,0.2124889572955793,-1.602412695273473,-1.5088354125700587,-1.4606663654866057
25.0,2,0.22999870132152866,-1.9399612801280652,-1.8920476351723214,-1.8078841763622868
30.0,2,0.34982440187874664,-2.2763537043389586,-2.280607483787832,-2.1509105218684152
35.0,2,0.4904279907191499,-2.620133923789276,-2.6579834178377197,-2.49773298670073
40.0,2,0.43621484674008154,-2.980346074701237,-3.006635195859083,-2.856847676099955
45.0,2,0.23922906117390497,-3.3616500371923386,-3.3177690621028786,-3.232388465697616
50.0,2,0.40219482003261814,-3.7597638245554914,-3.600437964847912,-3.6195843939219667
55.0,2,1.1407840275643215,-4.160031519551994,-3.884389532801877,-4.003343749304022
60.0,2,1.5603942979480752,-4.5413683843767005,-4.21215877405473,-4.362216261558952
0.0,2,0.0661790709936456,-0.2,-0.1,0.0
5.0,2,0.1662079388452601,-0.33593505872377655,-0.19619409564829246,-0.15945845959071428
10.0,2,0.37350777760416304,-0.4695682832321819,-0.29676089670849115,-0.3168460479849006
15.0,2,0.4676437542473999,-0.5914381954114116,-0.42113770542738715,-0.4621869410495736
20.0,2,0.3235838997662891,-0.6946251814879639,-0.5837400759689358,-0.5879851983942469
25.0,2,0.3481323216539232,-0.780088647253802,-0.7832825313482228,-0.6945668912119027
30.0,2,1.0699560018694627,-0.8598610206808762,-0.9963836153212366,-0.793281047774606
35.0,2,1.9747742503793595,-0.9552619582504654,-1.1811284635657866,-0.9047228759232561
40.0,2,1.6837123148069264,-1.0889048160228512,-1.2930447029484686,-1.050751392731003
45.0,2,0.5340033565288553,-1.272323099516647,-1.3098362215404318,-1.2421292046080472
50.0,2,1.7540362879032219,-1.4944261552142353,-1.2544563004960323,-1.466993683917657
55.0,2,6.719319924743491,-1.717879936498353,-1.2023285106095218,-1.6872553064829148
60.0,2,9.659162357789183,-1.889121513331909,-1.261298160339871,-1.8486316938818799
0.0,2,0.018925578161268525,-0.2,-0.1,0.0
5.0,2,0.038425779703802114,0.1729292931913427,0.24594846107881693,0.3836786704208296
10.0,2,0.09781812719293018,0.5432613938170963,0.59464398708496,0.7672074684799328
15.0,2,0.11166971232531639,0.9048792410788928,0.958297675326412,1.1444923576676937
20.0,2,0.032741401310776776,1.2532699917323211,1.345965810076042,1.51098989695564
25.0,2,0.02418600025037411,1.5888827620719304,1.756840816066948,1.8670585453161375
30.0,2,0.297630811751734,1.919140335402512,2.17623375993927,2.2199644528042173
35.0,2,0.6532777923805946,2.257322699993215,2.5778124645014238,2.5827598083423613
40.0,2,0.550044000605993,2.617550903179626,2.9336380486806215,2.9692624456677756
45.0,2,0.12377822551504458,3.0070193442270132,3.2297034250273713,3.386285052964674
50.0,2,0.6506502317279046,3.418749003190329,3.4804285344447243,3.8263867092750274
55.0,2,2.674404743684251,3.829319287648328,3.7331967303728746,4.265604653579916
60.0,2,3.916824762473886,4.205164707114961,4.055759676035569,4.669752713141663
0.0,2,0.006753454339647195,-0.2,-0.1,0.0
5.0,2,0.09406826087483884,0.19077276100167914,0.3551033995760465,0.39920980468462314
10.0,2,0.3180734636145048,0.5832553194927704,0.8051031295503518,0.8018134814815538
15.0,2,0.3803586078720048,0.9887949584693925,1.2273126470914277,1.2191502902261637
20.0,2,0.11359949865270189,1.4158281206538572,1.6049066189905885,1.6596091214048536
25.0,2,0.07610620822238201,1.8636502506838242,1.9393854092544616,2.122394166373328
30.0,2,0.9932224176017517,2.3186856769737147,2.2580390400171932,2.5937910745830575
35.0,2,2.1702967014838785,2.7565682324070004,2.6097890824231267,3.0492444420061986
40.0,2,1.7352650254720867,3.151465705770948,3.04654214290867,3.462679873419041
45.0,2,0.15373935009719555,3.4905147857464964,3.594321467489529,3.820937434124966
50.0,2,1.8290657074438403,3.7872863601009934,4.2263367850972005,4.137236507425083
55.0,2,8.638846095419757,4.085999125869795,4.85455632838034,4.455390163635394
60.0,2,12.72310827559926,4.449818552318539,5.3531068059497615,4.838106224879543
0.0,2,0.03251673127554894,-0.2,-0.1,0.0
5.0,2,0.03851255149123129,0.2223412784922956,0.3072664693347043,0.421750129431397
10.0,2,0.0512995573980305,0.6432601432652227,0.7157877327875174,0.8436678784640529
15.0,2,0.05269750952069943,1.0598733314797357,1.13114153004901,1.2630587702464542
20.0,2,0.03259377072924632,1.4700259436053336,1.5574645570248644,1.6779410084033834
25.0,2,0.024926618176231458,1.8738267402781683,1.9943879324830633,2.0885747135307633
30.0,2,0.07395810065570518,2.2745688755039857,2.4352020999810406,2.4983762880653404
35.0,2,0.13837028997806736,2.6782220234834067,2.8678791453882324,2.91340397193712
40.0,2,0.10594117095758053,3.0911434769990063,3.27965725034062,3.34006229072751
45.0,2,0.006014149525271725,3.5165326324196626,3.6641383094389943,3.78154995346688
50.0,2,0.10618128213690117,3.9511236322672287,4.027909009750195,4.234546130566497
55.0,2,0.5215131275787227,4.384152292042593,4.392612943532163,4.688171414267565
60.0,2,0.778519221603921,4.800235361452078,4.789197463961559,5.126861701687035
0.0,2,0.012429900399349793,-0.2,-0.1,0.0
5.0,2,0.0061020858385375494,0.5210225369016357,0.615361753884466,0.7076025493137488
10.0,2,0.001550709862734119,1.2433407273709098,1.3306344271402948,1.4139985256884973
15.0,2,0.0001774337353009772,1.967136455335317,2.0454220436062656,2.1194020213579714
20.0,2,0.0036067514045881243,2.692509968957695,2.7594309300284023,2.824006461413316
25.0,2,0.013765670393830354,3.419368111806315,3.472687274106784,3.527878814586169
30.0,2,0.03257663960645175,4.1473565642561585,4.185667402194212,4.230897074148721
35.0,2,0.06130515545818671,4.875893991483289,4.899225202698682,4.932788686516989
40.0,2,0.10044029948245281,5.604333225835776,5.614266665524081,5.6332948294389436
45.0,2,0.1505598890188536,6.3322123635416725,6.331246006420019,6.332423190936943
50.0,2,0.21261663079229542,7.059489766380418,7.049695621804369,7.030683012813732
55.0,2,0.2857932752801462,7.786618522600498,7.76807898486649,7.72915773363141
60.0,2,0.36518003910800556,8.514344174466915,8.484199074090425,8.429298832640882
0.0,2,0.044324218054893,-0.2,-0.1,0.0
5.0,2,0.04566397464576055,-1.3457632606248697,-1.2489250171913076,-1.144810289242363
10.0,2,0.045567357047177015,-2.490767245000359,-2.3975411384823584,-2.2906887506343634
15.0,2,0.04277143968356497,-3.635586870487501,-3.5444752773259522,-3.438433553362195
20.0,2,0.03668917626778622,-4.7806283480906595,-4.688709092635345,-4.588656827508194
25.0,2,0.02964555858318929,-5.925755496962827,-5.830333392853587,-5.741403945476249
30.0,2,0.02488207387872675,-7.070067574186903,-6.9709998867732175,-6.895923941391107
35.0,2,0.02077935842625974,-8.212028941980458,-8.113669516998197,-8.050791510431042
40.0,2,0.011760044657685806,-9.350037242898823,-9.261483893228094,-9.204467400341311
45.0,2,0.0011498765118343037,-10.483300887345578,-10.416018053549815,-10.356168162631356
50.0,2,0.006987407402274767,-11.61265777022158,-11.57565053624153,-11.506677364122208
55.0,2,0.03825401637187562,-12.740833855030022,-12.73505328244575,-12.65859710016799
60.0,2,0.06831859882351338,-13.871738249000385,-13.886607902514292,-13.815636653187589
0.0,2,0.1240559942095001,-0.2,-0.1,0.0
5.0,2,0.16527045248845595,-1.4524994743246673,-1.3609012632367703,-1.2741546263091788
10.0,2,0.2106236791025175,-2.7053192574070506,-2.6220084818857585,-2.547782988448428
15.0,2,0.25747027443588993,-3.9582967078918125,-3.884237157271581,-3.8201322264484445
20.0,2,0.3027415756450141,-5.211410254756074,-5.148266265250264,-5.09054493547608
25.0,2,0.34402495014953155,-6.465026637059861,-6.414035259565592,-6.358714922727605
30.0,2,0.3788505669299642,-7.7200462544602635,-7.680442868349112,-7.624843060414335
35.0,2,0.4023942126999278,-8.977813012689538,-8.945514892027225,-8.889559642377618
40.0,2,0.4082486183042672,-10.239730839247295,-10.207156671783782,-10.153555399933945
45.0,2,0.3946021092175963,-11.50667298969396,-11.464318055712704,-11.417007229428899
50.0,2,0.3673552512699245,-12.77842956212285,-12.718080148539123,-12.679043928044353
55.0,2,0.3301296855049934,-14.053527522754688,-13.971995417477405,-13.937586062345016
60.0,2,0.273037026281991,-15.329692239029658,-15.231143400906504,-15.18982872651165
0.0,2,0.1099286233121409,-0.2,-0.1,0.0
5.0,2,0.13353207061492625,1.0897695789274529,1.1898650985636607,1.2768156290180046
10.0,2,0.15767476015430257,2.3790102710261083,2.4791721758385283,2.5547181661535907
15.0,2,0.17710600078032782,3.6687246598354717,3.7654407472209788,3.835185512470874
20.0,2,0.18803017953552753,4.959587253765931,5.046831176752164,5.119382795518325
25.0,2,0.19537009426064955,6.25126768009852,6.323507510132904,6.4074763423141565
30.0,2,0.2062864783250057,7.542027934586719,7.598453563815056,7.6982203406529965
35.0,2,0.21143754630950984,8.828955646927076,8.877018288712325,8.989178209924447
40.0,2,0.18813286100048845,10.108990011187217,10.164877011341009,10.27773542954475
45.0,2,0.14261261957111832,11.380507066278527,11.464875042313585,11.562670649990118
50.0,2,0.12941355093438678,12.644799457757662,12.77408320659416,12.84562040073963
55.0,2,0.1742898329937363,13.906545039230448,14.08287635128182,14.131531981088388
60.0,2,0.18810765634718488,15.172535674962774,15.377491834636896,15.427376168510149
0.0,2,0.0055111897658912,-0.2,-0.1,0.0
5.0,2,0.017575346083400268,0.627784088890808,0.7495315093222317,0.8265083895091064
10.0,2,0.048261666208452306,1.4569294604377938,1.597162453020443,1.653556061986054
15.0,2,0.05614592286409664,2.2916909129582197,2.4344445445090748,2.485336505699114
20.0,2,0.018009157977858774,3.13522585788146,3.2551121646543555,3.3249579283527044
25.0,2,0.011296459266890161,3.987272111642871,4.059724036978204,4.172123789989588
30.0,2,0.1366611170441591,4.842756753466111,4.858442746834714,5.021744426031983
35.0,2,0.2978888296038453,5.692568983963704,5.669486294926486,5.864712635164806
40.0,2,0.2355416222574015,6.527030718267517,6.512184285156356,6.6913768983532576
45.0,2,0.014414850724261321,7.34127054130249,7.39622756561257,7.496917782584204
50.0,2,0.24542042718709056,8.140236899336415,8.311639654229467,8.286363323655554
55.0,2,1.1892464769929028,8.940266431167094,9.225638226933146,9.076159206843295
60.0,2,1.756231746687103,9.76472627724648,10.091349079618436,9.88981249580079
0.0,2,8.980597097484279e-05,-0.2,-0.1,0.0
5.0,2,0.05072913781381023,-0.507255859952264,-0.4487920357604491,-0.3008181912312026
10.0,2,0.17747222424424997,-0.8167228474493874,-0.7937842588152767,-0.6032250676231693
15.0,2,0.2146903512548663,-1.1368067514269484,-1.1180859571034238,-0.9157055523013732
20.0,2,0.06933802799859352,-1.4737199485465355,-1.4091702392130685,-1.2445741600160318
25.0,2,0.050526716646454195,-1.826840978552586,-1.6681541645662457,-1.5893352916007046
30.0,2,0.5598956477955608,-2.1859358540251277,-1.9153558534438053,-1.9399048141944777
35.0,2,1.2119157598604928,-2.532706091787573,-2.1871986682731057,-2.278157848546626
40.0,2,0.9683909380020334,-2.8477305271684177,-2.5223284066926763,-2.5848697616901295
45.0,2,0.08697933571852616,-3.1212126724695097,-2.94012004172551,-2.8504620683001565
50.0,2,1.008186442601165,-3.3630068844838905,-3.4206275305559664,-3.085026454399244
55.0,2,4.7725975452608855,-3.605757224034526,-3.8983089682053165,-3.3214607641431804
60.0,2,7.023286581296951,-3.8961883331240514,-4.279448466059541,-3.606756244143367
0.0,2,0.1865968445752066,-0.2,-0.1,0.0
5.0,2,0.2911530606839732,-1.102526714541874,-0.98545571917755,-0.9350274626309782
10.0,2,0.44959983671617443,-2.0038306141001168,-1.873740506259923,-1.8684486723407558
15.0,2,0.5669386520771017,-2.8980179216852604,-2.7774299735426995,-2.7935817938232423
20.0,2,0.5869473999202517,-3.780858376534392,-3.7058507455692142,-3.705330463297995
25.0,2,0.674945429731246,-4.6532351519985555,-4.6581711400426284,-4.603643189710834
30.0,2,1.046395022661465,-5.523207408603301,-5.619263742422752,-5.4955882270764205
35.0,2,1.4796863275096062,-6.404850206725684,-6.5620103304148785,-6.394208737312347
40.0,2,1.3913109081495458,-7.313077324957552,-7.457638015925411,-7.313363829920406
45.0,2,0.9167801121497585,-8.255629505565244,-8.291721584191801,-8.259737977396867
50.0,2,1.403284591423265,-9.225598474900684,-9.079111427570115,-9.225389061033612
55.0,2,3.4247896972836775,-10.199077688371744,-9.868605345889286,-10.18542582559385
60.0,2,4.567237791220463,-11.141633301553526,-10.729977465715635,-11.104507988936183
0.0,2,0.19170720896692994,-0.2,-0.1,0.0
5.0,2,0.23435276945041036,-0.9444014083473599,-0.8546759644591085,-0.7628929322770849
10.0,2,0.2760838395025267,-1.6898370775443345,-1.6092645817127111,-1.5248389509100682
15.0,2,0.31378398228436005,-2.436822470204835,-2.3633775809138204,-2.285710864132022
20.0,2,0.34407572115261426,-3.1858355716319418,-3.1167270034067416,-3.0453186452955237
25.0,2,0.3637567772967587,-3.9372042511397356,-3.869338527304177,-3.8033087469738245
30.0,2,0.3699796817230338,-4.691035464815336,-4.621679210107485,-4.559107155578513
35.0,2,0.36020132626851087,-5.447242994719618,-5.374586324379642,-5.311962816485534
40.0,2,0.33271992530059735,-6.205698310469688,-6.128948230334758,-6.06111589986383
45.0,2,0.2881918099440055,-6.966468128608983,-6.885210305122044,-6.806054312020717
50.0,2,0.23056777804607753,-7.7300347264414455,-7.642914044274148,-7.546754280119715
55.0,2,0.1655976377090187,-8.497357412610606,-8.400552820310299,-8.283763122997941
60.0,2,0.09898780115729568,-9.269661297717768,-9.155972363634534,-9.018009999650031
0.0,2,0.021468347537183328,-0.2,-0.1,0.0
5.0,2,0.036312683514528106,-0.325574002913921,-0.24982496484801633,-0.11444927946373765
10.0,2,0.08505938406360852,-0.45369903852088866,-0.397118703681118,-0.2288787522493481
15.0,2,0.0954628836280299,-0.5900149494520075,-0.53062955409073,-0.34890023813429605
20.0,2,0.02777180577444422,-0.7386801569801592,-0.6420127907221643,-0.4787000412003746
25.0,2,0.02091696447421699,-0.8992773032181194,-0.7320125370594749,-0.6179513958507712
30.0,2,0.2550158006344777,-1.0649591953940054,-0.8141636061614944,-0.7599666817985209
35.0,2,0.5608712402728807,-1.2234771764748154,-0.9127292366848269,-0.8927313174200278
40.0,2,0.47948319095616965,-1.3618028317657953,-1.0534531312612383,-1.0035300147782804
45.0,2,0.12650001243452316,-1.473285132063135,-1.2492418301740211,-1.0861072627937594
50.0,2,0.5855995607479405,-1.5643276533535502,-1.4868083778858905,-1.1473464410170098
55.0,2,2.3184164434248205,-1.6564784493146085,-1.7224923658972502,-1.209359904270125
60.0,2,3.3904115986395738,-1.780628152483964,-1.8938654290099537,-1.3036853852135706
0.0,2,0.04896470650088957,-0.2,-0.1,0.0
5.0,2,0.036494477605948934,-0.6536726068935739,-0.5334595055167487,-0.4375926145106971
10.0,2,0.03024994045196626,-1.108730006334427,-0.9679525382201981,-0.8727669092874133
15.0,2,0.02078497205798212,-1.562900164420272,-1.4080732745790852,-1.303200741763694
20.0,2,0.004637930298143511,-2.014463639735604,-1.8572289569608353,-1.727206310987614
25.0,2,0.008574992895947809,-2.463510575070294,-2.3151157516317302,-2.144997307903042
30.0,2,0.06646158053462047,-2.912691747336299,-2.776207246813145,-2.5594493673766237
35.0,2,0.15387496010733773,-3.366793380538537,-3.230596497553896,-2.9756832103546453
40.0,2,0.19766945417571538,-3.8308456628452197,-3.6677720693161358,-3.3991800832066987
45.0,2,0.219681489187673,-4.307197140508319,-4.08246408094727,-3.832861320833473
50.0,2,0.4018651985931077,-4.792786417522506,-4.480097741296827,-4.27436311039081
55.0,2,0.8207519728695142,-5.278288490411405,-4.878500071302741,-4.715183434417108
60.0,2,1.1512697282127689,-5.750485167730268,-5.3031612533007975,-5.143050302021284
0.0,2,0.12032660969319292,-0.2,-0.1,0.0
5.0,2,0.16668170204608812,-0.579561879240464,-0.4467979706497115,-0.3869391710330709
10.0,2,0.25925823440156454,-0.9587618113199674,-0.7966908546771635,-0.7711453758493513
15.0,2,0.28681428745297655,-1.3309364163023865,-1.1634359856056922,-1.1455246608616392
20.0,2,0.18650975199095768,-1.6911959809109465,-1.557236404167948,-1.5047636986140198
25.0,2,0.16273566808962728,-2.040198426229473,-1.9771822754808244,-1.849114402905823
30.0,2,0.48191209776778254,-2.3864065853154766,-2.4067246727577745,-2.1866628674661124
35.0,2,0.8891030560598425,-2.744821173872235,-2.8161970938914442,-2.532074878698917
40.0,2,0.697422206786911,-3.131320453073339,-3.174122883222427,-2.9009488310900693
45.0,2,0.08080457782882833,-3.5539003190665093,-3.4647212989490073,-3.3010695702935466
50.0,2,0.6624922439757543,-4.004501949646839,-3.704238214098526,-3.724250045486913
55.0,2,3.138201469295537,-4.456449416244919,-3.9460569225953366,-4.143782891315234
60.0,2,4.623975118988817,-4.871537861400862,-4.266508175412908,-4.521542214264921
0.0,2,0.009359900603008332,-0.2,-0.1,0.0
5.0,2,0.009255305086280665,1.943181183472632,2.033498981829579,2.139585296684273
10.0,2,0.011158478852198629,4.086669816699236,4.167667356975258,4.278193750298462
15.0,2,0.010142253734984515,6.2290076313131735,6.305480674663712,6.414308079982619
20.0,2,0.0036216573506098284,8.36910925084331,8.449145732448386,8.546806864654348
25.0,2,0.0015799673434630747,10.50707766432792,10.598465743758805,10.675783901845799
30.0,2,0.01694889490938938,12.644691816793596,12.749861370620927,12.803039584504559
35.0,2,0.03828704860467984,14.785132128400805,14.896916097999025,14.931810007505607
40.0,2,0.03392198034844738,16.93175602356082,17.032821895961554,17.065545776369508
45.0,2,0.012377576660990729,19.08620332502627,19.154165575900187,19.206020256952026
50.0,2,0.04984802012639805,21.246629029933864,21.26446092882976,21.351564661101385
55.0,2,0.17894949697825888,23.407149787254173,23.375254132553074,23.49651616204438
60.0,2,0.2645945703992353,25.55937803920845,25.50305462959001,25.632752875039454
0.0,2,0.0159426199712113,-0.2,-0.1,0.0
5.0,2,0.02659139291330892,0.936351812428879,1.0415980004270855,1.1509446349202481
10.0,2,0.04050907089474191,2.0723920135421396,2.183370069954281,2.3020268120560234
15.0,2,0.05726051615804528,3.20787640683844,3.3260899706789098,3.4527169658113217
20.0,2,0.07629157141788448,4.342681626122305,4.470331558441761,4.602564606540805
25.0,2,0.09758492574503372,5.4770167229259155,5.61604366084482,5.751411855110332
30.0,2,0.12099517534338738,6.611548891949885,6.762295506508762,6.899522288198697
35.0,2,0.1444156030576813,7.747330372898186,7.9074185442676095,8.047512217267695
40.0,2,0.16410816832874783,8.885477614686335,9.049642413385481,9.19603555413781
45.0,2,0.17888057462744264,10.026675437686295,10.188079547979559,10.345295044319936
50.0,2,0.19207896923493475,11.17071355448227,11.323643674591795,11.494587248687825
55.0,2,0.20424363376700555,12.316337923958283,12.459337262370731,12.642163739209039
60.0,2,0.20493259804760372,13.461644208507142,13.599453428282965,13.785635736524153
0.0,2,0.019568378993098955,-0.2,-0.1,0.0
5.0,2,0.12912875655733055,0.17750968159088437,0.3425021711009111,0.3734528864685696
10.0,2,0.4070848982961818,0.5587300174215536,0.7793141006562357,0.7488853602429301
15.0,2,0.4820249162208149,0.9563568121578778,1.1851418494773032,1.1388955558459095
20.0,2,0.14553656102186807,1.3798039670702118,1.5412263250848686,1.5528286644863833
25.0,2,0.09132648376452245,1.8282522393459144,1.8492403304364786,1.989831126019464
30.0,2,1.220897499733423,2.2864856564735487,2.139610368390898,2.434692410097804
35.0,2,2.670816257066435,2.7272069349924193,2.4668806352468797,2.8601656038833267
40.0,2,2.114314458582853,3.121429859305704,2.888923436910413,3.237364617066929
45.0,2,0.13083926584936928,3.4545702587166516,3.4347529077563057,3.551859485970529
50.0,2,2.1950636428369874,3.741456815113772,4.074499733086074,3.8186908434040525
55.0,2,10.642313409592656,4.031027959980676,4.7100145303959176,4.087069640387716
60.0,2,15.703704591340632,4.393286286906293,5.200957213427345,4.427333369591109
0.0,2,0.03206505152261067,-0.2,-0.1,0.0
5.0,2,0.0773717395359879,0.26863028669234,0.32666553452033326,0.45063443798609515
10.0,2,0.16812427776203656,0.7360308352698817,0.7561300354745448,0.8996996476531087
15.0,2,0.21401816405619128,1.1957929702036674,1.2008353098057358,1.3411624975869034
20.0,2,0.16371586282798742,1.643090637560829,1.670008746150883,1.770621653083368
25.0,2,0.18364404370109946,2.0780999060642604,2.162827511368181,2.1887238785614063
30.0,2,0.49000324993261846,2.508048008338595,2.6643251476157452,2.6032083992382917
35.0,2,0.8715120230996626,2.946076266086429,3.147671972290452,3.02776357601455
40.0,2,0.7624976129207557,3.406130951090548,3.584401242744471,3.4769098797552087
45.0,2,0.30031306813324066,3.895052028654624,3.960241229461118,3.9580790746732677
50.0,2,0.8068401257970602,4.405194226221867,4.289884315632619,4.464224050133279
55.0,2,2.8448031735848467,4.912122426818282,4.621609089247503,4.9715013351207835
60.0,2,4.049046559772647,5.38103542496014,5.02444727551783,5.445680409907372
0.0,2,0.1400917340631914,-0.2,-0.1,0.0
5.0,2,0.1454140918860614,-1.7427600395880953,-1.6507832165270981,-1.5449465244462477
10.0,2,0.1465159123815939,-3.2874115684379683,-3.2009780642190435,-3.0885899284658653
15.0,2,0.138806998708792,-4.8354633874288035,-4.747969159279298,-4.632036794976185
20.0,2,0.12003155314120044,-6.388071955386757,-6.289816818602701,-6.176070348256252
25.0,2,0.09835730447366829,-7.945316702398587,-7.826694009385718,-7.720438191022773
30.0,2,0.08511842057506784,-9.50576323020484,-9.361746820577542,-9.26342863258611
35.0,2,0.07384797990307206,-11.066696180735306,-10.900615101555927,-10.802117181638693
40.0,2,0.04356032317543436,-12.625187116578347,-12.449282826979955,-12.333448300932966
45.0,2,0.005435656014360885,-14.17975162612641,-14.010750047428933,-13.855906351497255
50.0,2,0.023940955856623678,-15.73189488393478,-15.581928286999847,-15.371074634679449
55.0,2,0.13065440428226638,-17.286591070469353,-17.15266893646559,-16.884127579240502
60.0,2,0.22800456808754316,-18.850928724433178,-18.70846088370299,-18.402487758600664
0.0,2,0.02531432610660177,-0.2,-0.1,0.0
5.0,2,0.0624398471899039,0.0380181894466571,0.17525615264848585,0.22840011143232994
10.0,2,0.1659613197211685,0.27908148438260816,0.44694240926467443,0.4573250134076759
15.0,2,0.19069130075907945,0.5311527488077022,0.6991900703517735,0.6946805414229655
20.0,2,0.05582556848972141,0.800119183122871,0.9202302137516001,0.9463484172354606
25.0,2,0.035809049859532545,1.0854295224668298,1.1111123085584045,1.211830436612186
30.0,2,0.48697580094593823,1.3774803164033476,1.2909250790314828,1.4816413257300725
35.0,2,1.0709821961679813,1.6590671992803825,1.4938880057310613,1.7387659696809292
40.0,2,0.8733777267568006,1.91190372738206,1.75630853071896,1.9651833701188208
45.0,2,0.1232771583903289,2.1267157316230447,2.0963892983566925,2.1519650517675792
50.0,2,0.9760491886400249,2.31265844494972,2.4953911484213167,2.308694941903732
55.0,2,4.350770142470474,2.5002634813402227,2.891737944229293,2.4664175632326746
60.0,2,6.401536055859384,2.7332552510612116,3.1973842991139785,2.6694538921543343
0.0,2,0.0050824344270220334,-0.2,-0.1,0.0
5.0,2,0.024593090057869565,0.9637467786031864,1.0318211059906308,1.158248355778268
10.0,2,0.07628285093539201,2.12688512903629,2.166119366774769,2.3146279849330935
15.0,2,0.0900192129778562,3.2839157524121516,3.3139060904324436,3.4636268782716626
20.0,2,0.026593763320057966,4.43074800997665,4.4833477450273485,4.601169206484321
25.0,2,0.01777955125121424,5.567723188849828,5.673716102797709,5.727641910212864
30.0,2,0.23472264432954212,6.701424354057815,6.871765476929921,6.849707611244793
35.0,2,0.5140494626446489,7.843665899001776,8.053750932127766,7.9792968514751506
40.0,2,0.41499127195927665,9.006967237222792,9.194478694306525,9.129083991447526
45.0,2,0.04744596164754158,10.197546108322541,10.281317928470886,10.305482126555548
50.0,2,0.4488908818346535,11.408782619332367,11.327271758564082,11.50210802582456
55.0,2,2.0616747131694075,12.619173877062716,12.375067933733835,12.697736833296577
60.0,2,3.0340133301059247,13.798013215439973,13.48580124487997,13.861980424145242
0.0,2,0.022275478348463697,-0.2,-0.1,0.0
5.0,2,0.02470746838628589,-1.4145930443908081,-1.3212348871293254,-1.2167807502426733
10.0,2,0.02746258623618491,-2.629986040908918,-2.5419987359972223,-2.433232586619471
15.0,2,0.027811606189937943,-3.84731320697173,-3.7601977140229503,-3.650315124293722
20.0,2,0.02420672610537257,-5.067434950984974,-4.974278943312529,-4.868720832753693
25.0,2,0.021378751671584848,-6.29036030294381,-6.184380898514241,-6.088302207355911
30.0,2,0.025611654265204363,-7.514899919654824,-7.393022285889218,-7.307729885032663
35.0,2,0.03125377384285978,-8.738855263089983,-8.604718274642583,-8.524687234606956
40.0,2,0.02280727498955492,-9.959876266688823,-9.82425953493148,-9.736733652481956
45.0,2,0.004882604092590206,-11.176790652430999,-11.054047857137473,-10.94263962629654
50.0,2,0.015825322994461384,-12.390843803490363,-12.291610659041908,-12.143632355095587
55.0,2,0.07263725562311105,-13.60608488199793,-13.528823133617566,-13.34378748377511
60.0,2,0.10950087610617476,-14.828284320341394,-14.754067926888936,-14.548951933923085
0.0,2,0.062166335158399914,-0.2,-0.1,0.0
5.0,2,0.11930534248914869,0.06343290446348815,0.140357753522805,0.2844416974812328
10.0,2,0.22448481210995155,0.32542703384099464,0.38356649491416106,0.5674711821799018
15.0,2,0.28343296658246886,0.5798854470208011,0.6422992738499161,0.8425123455318789
20.0,2,0.24214431255454552,0.8223749902946524,0.9259549786997154,1.1045994528757594
25.0,2,0.27241520658530455,1.0536051692996988,1.2336954831906797,1.3538611248472694
30.0,2,0.5976033741916685,1.2815094412560306,1.5502761637268099,1.59760852782234
35.0,2,0.9975423755194096,1.5200794398889372,1.848368682714382,1.8491783656693896
40.0,2,0.8844728290333499,1.7841515200654874,2.0989772162079277,2.122730107466833
45.0,2,0.40024890224169896,2.0813372895270366,2.2875647811187116,2.425189128562042
50.0,2,0.9160376227747572,2.4044945589203253,2.429096832456859,2.748732163298156
55.0,2,3.015847654792548,2.729365185098742,2.5727492613655447,3.0684414636785657
60.0,2,4.246571894294443,3.0211018647551082,2.788836812867233,3.348849587987998
0.0,2,0.05444010936512098,-0.2,-0.1,0.0
5.0,2,0.09070507976505128,0.8368930512283539,0.9701974211357469,1.0528811532109885
10.0,2,0.1537032600981769,1.8750504479113042,2.0382459326625466,2.1066468705763355
15.0,2,0.18948036671123245,2.9194526631871387,3.094593323389419,3.1658688901487473
20.0,2,0.16694960461390754,3.973864397278129,4.132155255373768,4.233866849648519
25.0,2,0.18333775582729464,5.038207791562319,5.1515634596801565,5.310086876633067
30.0,2,0.36524091978171835,6.106987670160857,6.1643084510497825,6.38853363224002
35.0,2,0.5874054870171361,7.170162798740434,7.190988748297797,7.458649831987573
40.0,2,0.5159218959797458,8.2170665958991,8.253459724918935,8.509246683782901
45.0,2,0.23163067687545214,9.242479097578217,9.36267851720585,9.534587015391892
50.0,2,0.5140608000220119,10.252290186125135,10.507365031536093,10.5400610380898
55.0,2,1.695848985319525,11.265266997928077,11.650453328004263,11.543967555393863
60.0,2,2.384487923705965,12.308120162656856,12.738944222398608,12.572595121845781
0.0,2,0.21939327011854287,-0.2,-0.1,0.0
5.0,2,0.25703451119914417,1.499915679875462,1.5748925245264742,1.688118987363571
10.0,2,0.3023406708560797,3.1975198068135984,3.2514087933513087,3.3769257833661026
15.0,2,0.32244801322157685,4.888902877836012,4.93676658259375,5.06311211486675
20.0,2,0.29803902125844617,6.571089054675057,6.636318910963408,6.74430080142352
25.0,2,0.28385674889123114,8.244026006575876,8.349588434178326,8.421021518073303
30.0,2,0.3525347496054242,9.911780034823336,10.067892768522436,10.097890347247303
35.0,2,0.43434198251242645,11.581883070014001,11.775667402886901,11.782939869457717
40.0,2,0.34210272920032747,13.262375471410284,13.456398130274433,13.484643932439427
45.0,2,0.12730192390123746,14.957223198330269,15.101805594723649,15.20731593283572
50.0,2,0.2422424890926374,16.662043579388754,16.72041318299225,16.946815155274134
55.0,2,0.8858484596528722,18.362774420310366,18.340228405649135,18.689196283461143
60.0,2,1.273515768649104,20.03940604947742,20.001298141735923,20.41442210997304
0.0,2,0.010105765609280722,-0.2,-0.1,0.0
5.0,2,0.01804198948693764,0.7412632048032807,0.82438646731802,0.9531910466473094
10.0,2,0.04698286888267351,1.6804382082544207,1.7507121638685592,1.9065310654142422
15.0,2,0.05494054631521536,2.613228522575456,2.6875972415181493,2.8556963922122494
20.0,2,0.018987296115482256,3.536478360873916,3.6414347822158915,3.7974497319846496
25.0,2,0.021019237717018444,4.450543369892929,4.611654696209089,4.732005527741081
30.0,2,0.16700772152053742,5.360711015785499,5.587887658520178,5.66444563830604
35.0,2,0.35774748727724875,6.276412539183781,6.55154505580489,6.603927436391612
40.0,2,0.32373768544689663,7.2076818214795875,7.4829040579396064,7.560139870729742
45.0,2,0.13252316100834535,8.159671630287498,8.372076673863623,8.537818164766417
50.0,2,0.4195556355944268,9.127537368810676,9.22924233932755,9.531627479547998
55.0,2,1.4548973467998232,10.094835111094987,10.087850276157779,10.524562519202
60.0,2,2.101917884628402,11.03796551226051,10.995728260308383,11.492394852654481
0.0,2,0.002736602986017484,-0.2,-0.1,0.0
5.0,2,0.002301871282439143,-0.3964495059470099,-0.3151134833175244,-0.21476462732693263
10.0,2,0.009994012561198364,-0.592053327349073,-0.5294198479962304,-0.43118205783762936
15.0,2,0.02020886404850102,-0.7886778183739203,-0.7393313360112949,-0.6509736953891797
20.0,2,0.030605786157862795,-0.9877625268394706,-0.9421871089666631,-0.8753608305597149
25.0,2,0.05680622536996251,-1.1893369735547248,-1.1382244415782314,-1.1040766678243281
30.0,2,0.11822355500541204,-1.3914322559691286,-1.3317591080314548,-1.3347743355481463
35.0,2,0.19815493594432904,-1.590410938986512,-1.5305277987847834,-1.5633545783688592
40.0,2,0.24963058000493027,-1.7824417627410374,-1.7427392720067396,-1.7854398979837827
45.0,2,0.28312815679097014,-1.9657816881078718,-1.9725089678689685,-1.9986578933461105
50.0,2,0.4064386182798563,-2.142903641112254,-2.2156001452017544,-2.2047723796003664
55.0,2,0.6629388822588165,-2.3211601064044163,-2.4580910406893097,-2.4103526354121008
60.0,2,0.8512513961794168,-2.510928782219191,-2.680075452022758,-2.624927164855321
0.0,2,0.001834350600344882,-0.2,-0.1,0.0
5.0,2,0.0026306443485645597,-0.06613902323186407,0.03794106604273976,0.13648374749139638
10.0,2,0.0037726428101967527,0.06789153786075072,0.1756470621733744,0.2730329805704194
15.0,2,0.004594018985113812,0.20264997153565123,0.31207306894266157,0.41013433042850617
20.0,2,0.004697008232972308,0.33856233921886897,0.4464441283483871,0.5481366936418322
25.0,2,0.005215442875911804,0.4756349059050174,0.578829345654548,0.686964699951791
30.0,2,0.0076327513030532285,0.6132816098301969,0.7104856719581004,0.8259474600253209
35.0,2,0.010419583984403446,0.7504190608856912,0.8436663858460925,0.9639150853840972
40.0,2,0.009554166000702273,0.8858950792742583,0.9807622536425316,1.099628989501362
45.0,2,0.005986205269491181,1.0191525227116027,1.1229718800046327,1.2324477100041826
50.0,2,0.009039019009013634,1.15084836808033,1.2690613318691855,1.3629482030731754
