0.0,2,0.14448026365072253,-0.2,-0.1,0.0,0.1,0.2
5.0,2,0.18469880932150673,-0.7839573078636698,-0.6064226585696657,-0.3633966842148318,-0.15582978072495168,0.05576488683118646
10.0,2,0.28166502373127256,-0.9523796926266193,-0.7845189546250884,-0.7635497493571686,-0.654494482979903,-0.5527402094950772
15.0,2,0.4604352509757872,-1.5018146751392734,-1.4023750715259216,-1.070180912617257,-0.8880564487524891,-0.6990975255908282
20.0,2,0.6803751005525052,-1.730271821300929,-1.4826857020347197,-1.5417630830270843,-1.4007764995922602,-1.2598690722126622
25.0,2,0.8036338903687503,-2.1927245758246094,-2.1659096055511586,-1.7929893858733823,-1.6312174798703838,-1.4863666755899942
30.0,2,0.680784286706105,-2.5310865020749778,-2.2381015921055734,-2.267988223212462,-2.1349987889793933,-1.9508741608789923
35.0,2,0.3491656937471311,-2.8835197257046636,-2.8395820416234225,-2.586996392969689,-2.381151151619857,-2.2856414998756263
40.0,2,0.26556126561340154,-3.2940559885217917,-3.116792260300867,-2.925771171073725,-2.872111691187507,-2.622001245251268
45.0,2,1.3430053697922455,-3.642203862252152,-3.3721085792058463,-3.4398797330726523,-3.1239840181972496,-3.1063977081492054
50.0,2,4.416423100275348,-3.9898490731409155,-4.121747809104002,-3.528127776098287,-3.605203485319727,-3.2934873017561013
55.0,2,9.183985114693458,-4.436489827773864,-3.8337205146046642,-4.336849634018312,-3.898092879957227,-3.8871041336068637
60.0,2,13.365109431307793,-4.690499115172859,-5.105821535227447,-4.141317006617345,-4.27250219660425,-4.035958680880952
0.0,2,0.007591185453987079,-0.2,-0.1,0.0,0.1,0.2
5.0,2,0.052935843774983365,0.004065651017900528,0.07573122894508501,0.13065029713233436,0.23438069724408858,0.27060397735045705
10.0,2,0.19867132745146804,0.06347404434347277,0.1700611382311391,0.31680462277296173,0.34905421383500224,0.5314696841971582
15.0,2,0.4522235941419894,0.310766699679231,0.3772827126080639,0.37739875443069293,0.5641325035254716,0.5167148848261457
20.0,2,0.7220561972315906,0.33451235005530927,0.4436082337512021,0.6413037739965788,0.5948387811553658,0.8474642678010097
25.0,2,0.8121472478755966,0.6021363600366375,0.6703554484667752,0.642576068233386,0.8744749074748548,0.7876164742376671
30.0,2,0.5577887014621277,0.6269619232284095,0.7338252972635437,0.9149694049334932,0.8892947982689602,1.1275396864447678
35.0,2,0.11593346557327358,0.8744274328637062,0.9342124469850197,0.9851176899047291,1.1028029210017103,1.1114624710738568
40.0,2,0.2531892140870818,0.9283110447484831,1.067044859324405,1.0973506105871402,1.2951488697231885,1.335599429135623
45.0,2,2.2585414257478376,1.1467460294562124,1.147880292428273,1.4206969994131313,1.2077688328394962,1.5157945110714979
50.0,2,7.072781938681848,1.2311943025189511,1.4421979558845819,1.1984731154738637,1.804692102046618,1.477761040974379
55.0,2,13.74940566063264,1.405795247334903,1.3482931624747732,1.8998650984739065,1.2692282989380195,1.9465685613665435
60.0,2,18.432898814780142,1.559651249836606,1.782101672729049,1.3384177865500637,2.256634931153483,1.6483765800086136
0.0,2,0.045560948108996684,-0.2,-0.1,0.0,0.1,0.2
5.0,2,0.06868034242145174,-1.2440769143001862,-1.1235825530335004,-0.967090596269766,-0.7721875176668954,-0.6191918712467859
10.0,2,0.1327224155151816,-2.1248136358079344,-1.9598633323071522,-1.864607065317048,-1.823766181465452,-1.6792086901366627
15.0,2,0.25953212786722946,-3.1224775997271146,-3.031234325066426,-2.8441598165172226,-2.6155772993852664,-2.5649393168553316
20.0,2,0.4667832483664046,-4.018293100092805,-3.8443502360744755,-3.7890793614221585,-3.761083749260909,-3.491711363218141
25.0,2,0.5818006850518087,-4.984288956639569,-4.926283333943399,-4.725881082168566,-4.484622813027579,-4.509571076806531
30.0,2,0.5356164066758037,-5.9751553122095915,-5.7303064390184355,-5.644144895195338,-5.628963834426131,-5.3782062342532795
35.0,2,0.34959130568435526,-6.806470063856569,-6.804615523910177,-6.65567359160462,-6.441306994283986,-6.37483999396456
40.0,2,0.07940851914866538,-7.880114891305414,-7.672253561158545,-7.55558189740536,-7.421064502482161,-7.28002076778553
45.0,2,0.2870727924573291,-8.752776000042875,-8.59833652866182,-8.448967571743227,-8.458112810672135,-8.27697216153409
50.0,2,1.4915494008897912,-9.69071208204767,-9.683878784140763,-9.557147568499449,-9.148441825604813,-9.18111426487847
55.0,2,3.6804572980772985,-10.68341403669683,-10.373575675792367,-10.298199782124922,-10.549661141619927,-10.082573341454037
60.0,2,6.478010574912933,-11.590225368388802,-11.670736173247345,-11.401974097842714,-10.833993812890087,-11.216623977836292
0.0,2,0.17498592763927906,-0.2,-0.1,0.0,0.1,0.2
5.0,2,0.23557972590559864,-0.32772584758503537,-0.0911142903127635,0.16716136210943452,0.3579414232501487,0.5620802301105703
10.0,2,0.27528870681914086,0.0866695747491456,0.18758896502869052,0.2226327955283262,0.3678524922499842,0.47194192758857045
15.0,2,0.3094023587866802,-0.016501669380452146,0.14189443612847433,0.429099482007971,0.6003885511698431,0.8501478327912546
20.0,2,0.4083630111527239,0.27020422247589154,0.4904175833845525,0.5235665399025539,0.6719022193733947,0.7172809451530735
25.0,2,0.3847730818475078,0.318586234315592,0.39933460018810985,0.6913977372329443,0.844968883285322,1.0874269328398776
30.0,2,0.27082884475837987,0.5158797718562028,0.72428665510731,0.7471752769718312,0.9322300904141781,1.0904854710846954
35.0,2,0.21266737084900905,0.5927862979331314,0.7375980641001814,0.9937171682203917,1.1401247846041516,1.2141738281487324
40.0,2,0.26554218495911086,0.7334495302009337,0.901446178473536,1.07614778795928,1.1729990317507826,1.4627004921944227
45.0,2,1.1254300287814059,0.9625569453666042,1.1096398454624177,1.0820010905646629,1.4241783467079832,1.4367096700496143
50.0,2,3.1552455692799644,0.9120855393776067,1.032889171178063,1.5528111835077862,1.4194181497700291,1.7662247318901607
55.0,2,5.665339214535475,1.2254946708171908,1.5555511504422763,1.2317639192280785,1.728493221702172,1.6104686911062491
60.0,2,7.6015221499603385,1.2732750580535317,1.110310821050612,1.8055356827755065,1.6598188523549717,2.1711741166336243
0.0,2,0.4750185739705213,-0.2,-0.1,0.0,0.1,0.2
5.0,2,0.6666120094696226,-0.3211639341108255,-0.11054562344240412,0.17263096854234217,0.47330612029079594,0.8582835650466267
10.0,2,0.7413253580256134,0.15495901208234936,0.3694587331948399,0.4453740827917472,0.5907738581097912,0.5844565064743523
15.0,2,0.7823124349408025,0.10507130027458657,0.3221344326592459,0.7250526560227902,0.8685575755414204,1.196717324481602
20.0,2,1.2678344506441719,0.6122600941582453,0.7659104810270766,0.6893173697375857,1.0358573912785876,1.1866990491047211
25.0,2,1.1528513519220986,0.603038342725253,0.7725551333037142,1.2247502817552993,1.263617079716367,1.4985946441321356
30.0,2,0.7553569798413408,0.8263407437267447,1.1943735800006856,1.2539340625672362,1.523614986204554,1.6368032054600967
35.0,2,0.8372770582215605,1.2818207889156676,1.2326599288524067,1.414703156064315,1.6605623630391184,1.917831437414326
40.0,2,1.0198759466483174,1.1496729266394579,1.487506057185895,1.8337228348676338,1.8869939881361901,2.222192963783127
45.0,2,4.363505768666647,1.6179329388635004,1.9213394797429588,1.834033810904886,2.265609139257969,2.013684498169461
50.0,2,12.10318592546184,1.7217463065750434,1.604114793721796,2.3032763241072467,2.108794347820768,2.987179191040455
55.0,2,20.72458582544579,2.054776761000187,2.607338092517152,1.9894721327464469,2.8170775779647967,2.32895749536338
60.0,2,27.394848880317475,1.9726638246434192,1.8889417980590124,3.1776193050994035,2.5616880494773517,3.2692201786393236
0.0,2,0.07160919713791299,-0.2,-0.1,0.0,0.1,0.2
5.0,2,0.26057194110229204,0.06618000640662243,0.00444622365036955,-0.00546164887560444,0.0740257693019778,0.13429188051646318
10.0,2,0.3328958422482808,-0.15807565119768788,0.046444811920905486,0.17087736849698879,0.19605912507467024,0.2916588077047757
15.0,2,0.3155096865368888,0.12888762032652226,0.11113180980242945,0.1691648616602528,0.2429328867329316,0.1683295144773416
20.0,2,0.6568801054196229,0.06312021348679098,0.13953220293624763,0.15182619773474657,0.22719504223815443,0.5122552676033688
25.0,2,0.5078844144095502,0.18283874068901884,0.21381534780303896,0.3182611109284453,0.39229010593220465,0.2602058496464463
30.0,2,0.2795571569322398,0.11669696496296808,0.29494699006155173,0.3782933068412522,0.3668914005923651,0.4840647235408565
35.0,2,0.5305845892282881,0.36527294333874033,0.277915751102448,0.2718451312310119,0.42792126025210026,0.5714205310745313
40.0,2,0.19601749917762104,0.2918641639432848,0.386605772635046,0.4854354063400225,0.5383192240773966,0.4856332810029023
45.0,2,0.8276596549543548,0.23417779868356506,0.48228760568073403,0.5916850990147734,0.5039126977993812,0.6492768778199827
50.0,2,2.6677267923106194,0.6599286530586185,0.38570824716706326,0.3627190507736682,0.6990019025497713,0.6274644564491082
55.0,2,3.6631444345342326,0.2689079624206413,0.6352361094518669,0.7120676963445088,0.4914910322696811,0.9006017405113053
60.0,2,5.5659260872513885,0.6392286779471007,0.5331934928774147,0.7016526374134905,0.9734930072132559,0.4342189565465443
0.0,2,0.0019336020905763905,-0.2,-0.1,0.0,0.1,0.2
5.0,2,0.0434190713348048,1.0679550889626785,1.13343721465561,1.1827283203506709,1.2788554795378897,1.3988627334730293
10.0,2,0.06783628742585304,2.188157810795414,2.2974859161961567,2.4566779668556955,2.5583203893903312,2.6230355907221505
15.0,2,0.08439267092300459,3.4762927771624446,3.604516856728658,3.634734231248099,3.6895808282794396,3.780391817520931
20.0,2,0.1914532960063308,4.657081262095786,4.671196583712307,4.824101440372056,4.984410425206775,5.110565636532431
25.0,2,0.1911392851877352,5.889165903798393,6.056341906413915,6.076343498538399,6.105838216878915,6.181504659269657
30.0,2,0.15677700862972052,7.032286591061468,7.109802412126285,7.303139908601071,7.432563013478885,7.493241096611374
35.0,2,0.19558933081613084,8.383247413892672,8.436883201132748,8.43246580303533,8.510998166518949,8.669277274279251
40.0,2,0.0739646176046711,9.44020655531747,9.584729989906192,9.717256453771496,9.843435784431316,9.909081912412317
45.0,2,0.17344958323487292,10.75377634713937,10.812567405834027,10.970634186479494,10.990600837671483,11.028970755694349
50.0,2,0.6130303653578565,11.921791299298963,12.078649828174978,12.015017899212248,12.199788872073743,12.403140471038668
55.0,2,0.9868339733340854,13.204556737176603,13.125903875370946,13.41833826399239,13.461091208955642,13.4703371212828
60.0,2,1.6527434781926114,14.241694502055024,14.638959571508138,14.535020374096495,14.605397309984026,14.720994286114546
0.0,2,0.021278108611979128,-0.2,-0.1,0.0,0.1,0.2
5.0,2,0.05129324446496651,0.3122284983387174,0.4657908806014425,0.5853894839109226,0.7499764892563853,0.9035526953231158
10.0,2,0.1106985869213528,1.0296949533387842,1.0925505000701397,1.2359493326007125,1.293131053127943,1.382550255723583
15.0,2,0.20025496144022503,1.4856022559552347,1.698785846125693,1.7798582496396376,1.9759251835826146,2.1106426069885678
20.0,2,0.29713307953537854,2.2680338685727515,2.270090136446773,2.4433186834307365,2.480722365359276,2.605587135912794
25.0,2,0.3119662139931316,2.6867451775747915,2.922050901866594,2.9809474387067865,3.190712214002145,3.304234505002578
30.0,2,0.20127124673087196,3.4411437558224303,3.4862351679986054,3.6630411307124517,3.698887410511866,3.812320819538091
35.0,2,0.04707219711806157,3.9551627942777676,4.090062083128799,4.19438405614327,4.3672220714222885,4.511735327041881
40.0,2,0.11795731583886311,4.5819987509111115,4.757494639876043,4.806996203159497,4.949204685147109,5.039810100350839
45.0,2,0.9328565222752554,5.223177969472892,5.209973303409343,5.527817063294087,5.519029948827621,5.672444141871164
50.0,2,2.8295863983755165,5.716397050884607,6.071541744236335,5.861887832202357,6.226259083960897,6.293294763021465
55.0,2,5.356607845485118,6.530283244808592,6.3007610522175845,6.852593040380197,6.6413718678258755,6.86130931650401
60.0,2,7.051349075379989,6.812401419471414,7.3678691757206405,7.0208464113420375,7.511030256004016,7.49110930662867
0.0,2,0.0918424410576193,-0.2,-0.1,0.0,0.1,0.2
5.0,2,0.14948478142390204,-0.24326409824147271,-0.045752165699323326,0.12718660519106684,0.2906035545881641,0.5208937558699919
10.0,2,0.2724463181939395,0.06565418718234008,0.1333840741646089,0.254636586945001,0.41350619706038755,0.4321542580645296
15.0,2,0.4447884245983156,0.006837712003203262,0.25141031955304843,0.4137626496860533,0.4945930768783732,0.7823991970046399
20.0,2,0.5972912432542068,0.32817308512399324,0.3535251462565759,0.47954010066527436,0.723790883633082,0.7136413911548335
25.0,2,0.591262298958932,0.2928091424964579,0.5403575468725398,0.6885403900686338,0.716046795257984,1.0105843838465824
30.0,2,0.37120374742355555,0.5227995395008194,0.6036647394186542,0.7612172376263788,0.9984181901974838,1.011906203507292
35.0,2,0.08232773524936395,0.6428508452034761,0.7921116190908692,0.9015650344464539,1.0035048037766228,1.2076412594416366
40.0,2,0.12599777727835698,0.6939492469993043,0.8818581487534283,1.0673240318517985,1.1713104963941245,1.3828992896688765
45.0,2,1.1534907120949476,0.9784435738396408,1.0271894249867286,1.1235436038735995,1.4104735206008159,1.3073587420752373
50.0,2,3.5633870046364367,0.8769932119411167,1.1772719411965034,1.3780684269664178,1.2473749706227117,1.8169679663577996
55.0,2,6.867545160207254,1.3340237046334593,1.2363316739267007,1.2983716995094114,1.8494853114571508,1.42813177926636
60.0,2,9.48293084632892,1.0342320859272371,1.495520913267945,1.7352832474465516,1.3785296354369212,2.1524459384229924
0.0,2,0.012525702545362023,-0.2,-0.1,0.0,0.1,0.2
5.0,2,0.13602683357156975,-0.40715886312956784,-0.26900051149734794,-0.2018782633784789,-0.04543650761315196,0.15015179682752935
10.0,2,0.3468890362453868,-0.49946569461429785,-0.46262965130774497,-0.24975350848847677,-0.17413490894749745,-0.16066093422400338
15.0,2,0.6608835470898229,-0.7904902410370068,-0.4916782311132957,-0.49343171285589,-0.36700870129367147,-0.17735816007316413
20.0,2,1.145977806850199,-0.7116854034448388,-0.8652293849497534,-0.6189066509785806,-0.48554778558631445,-0.4119201702045559
25.0,2,1.2326623839652582,-1.1312513868056817,-0.7499657714094489,-0.7900471787571307,-0.6859961303638179,-0.5093512766189771
30.0,2,0.8890337269007782,-1.1018212901095237,-1.148597848752967,-0.8595406351054409,-0.763114550518253,-0.7668597682599156
35.0,2,0.45519965917365635,-1.2979888109246343,-1.1588739166470596,-1.1657066549064174,-1.0242721276795366,-0.7664149313794966
40.0,2,0.19833821281331088,-1.5201563043019832,-1.3107104773426608,-1.2359047781296582,-1.0853579575551846,-1.0344492729986676
45.0,2,1.9561407658585659,-1.5598252865407451,-1.652336449652898,-1.2429747743171198,-1.2694442322006547,-1.2353203964077535
50.0,2,6.824269126862562,-1.8979223572653448,-1.3829154107587003,-1.813982190384942,-1.4731073011435516,-1.16529622835767
55.0,2,13.458373054866861,-1.6819057624384732,-2.2549772161830193,-1.4232031860711356,-1.532780446913372,-1.6136792250952197
60.0,2,19.5682991613863,-2.4828124626529915,-1.4076723940267093,-2.0655037062267487,-1.7954179066011717,-1.5284617159846126
0.0,2,0.40766704279789284,-0.2,-0.1,0.0,0.1,0.2
5.0,2,0.40766813754439957,-1.583294314571508,-1.3359923383221852,-1.045975806544455,-0.7981536340225671,-0.4809315784596326
10.0,2,0.4587595609899467,-2.353754557106735,-2.189857488493791,-2.1230869162319927,-1.934132969285403,-1.8878634127227978
15.0,2,0.6009684468991999,-3.623099693738119,-3.429630271284147,-3.080750309707818,-2.961713668239488,-2.6378490727914916
20.0,2,0.8039112442818486,-4.5199176029045125,-4.302437888981094,-4.295703673660444,-3.970671954416646,-3.8886595677187192
25.0,2,0.8441622349899127,-5.618872504027883,-5.506200649571935,-5.143914468815133,-5.112449118650597,-4.84030161853617
30.0,2,0.6033247227303715,-6.756458899012154,-6.432818722315491,-6.353211888498709,-6.035129639745895,-5.888466881949793
35.0,2,0.33637481015886134,-7.577012930923896,-7.539151581169306,-7.344823713200456,-7.199849340034086,-7.049596138114562
40.0,2,0.9070736846685385,-8.942269774496907,-8.65206405621074,-8.32175234614686,-8.210353207928108,-7.8283419905799985
45.0,2,3.9249100369701297,-9.659481884959893,-9.452251479809204,-9.584994422855898,-9.152312014137406,-9.350089245520527
50.0,2,10.408880116578107,-11.012900106837575,-10.973434916147674,-10.23708113506694,-10.487095095139141,-9.732965466011878
55.0,2,18.79642730987513,-11.778113876766392,-11.333169584801027,-11.921542010289714,-11.095430767822442,-11.559568151443896
60.0,2,24.112957214226686,-13.108608892381076,-13.232666857201082,-12.103888718227887,-12.654870366251822,-11.832137228981981
0.0,2,0.10618545214477663,-0.2,-0.1,0.0,0.1,0.2
5.0,2,0.15012001005493614,0.4180713589863784,0.5945619890116239,0.7901210026497827,1.021080272031015,1.2050236824340008
10.0,2,0.22457256172633341,1.418308548202085,1.5449556546472445,1.6347140671194555,1.6610275214662806,1.7987108187905514
15.0,2,0.343732382484945,2.0219754513784727,2.1837109557942784,2.3974527824108494,2.6886993543715314,2.7947363713833155
20.0,2,0.49767733592180796,3.0298257034558747,3.1686369310832228,3.2388161090102137,3.2224335064564498,3.455720970445533
25.0,2,0.5897095717656734,3.660032440424903,3.7881269413352308,4.007633688608282,4.325708221821431,4.362790233374244
30.0,2,0.5370947240979588,4.582267241333778,4.7833861773653545,4.866120644183916,4.849246143499344,5.092129624294497
35.0,2,0.33625724357602393,5.343190368622179,5.40854952857872,5.614104723654321,5.875159845657404,5.961003669277238
40.0,2,0.138877686936918,6.141209465607376,6.362074251001522,6.435711173788783,6.5682540352502246,6.723617515254886
45.0,2,0.40979143279562236,6.975981247957806,7.081076792414087,7.322796264615853,7.335067951084051,7.5448024899438995
50.0,2,1.6360871466936446,7.743423907384657,7.892591941430487,7.9319933554624615,8.375407886173619,8.345165960677331
55.0,2,3.856026166703705,8.612592682376437,8.78257838179783,9.013555867798374,8.71847055045788,9.19024387381089
60.0,2,6.366418712626103,9.315039465654166,9.405433785172022,9.52571307890673,10.20957634536516,9.89053698625637
0.0,2,0.02989854895286327,-0.2,-0.1,0.0,0.1,0.2
5.0,2,0.12044864368111602,0.22137257556001796,0.3576304002859306,0.5225441491418404,0.6755876292547826,0.8839584256368259
10.0,2,0.2610448357101388,0.9037573533094332,1.0088627203913474,1.0588169107479948,1.1741306800457707,1.1766186952642375
15.0,2,0.4471550997810362,1.2195617498596023,1.3940399185779853,1.6432565179623213,1.736331977349416,1.9900893758888567
20.0,2,0.6749475792358824,2.0385049943252627,2.0884080880286833,2.0464563979937354,2.2372113694613134,2.23379186970856
25.0,2,0.7127747513887721,2.2575581089674857,2.444195500193028,2.73934912079928,2.7994621383534866,3.0649010310836675
30.0,2,0.5222022036430045,3.0638462835324813,3.16784684741036,3.161486818856342,3.3019075588025566,3.2714715706746107
35.0,2,0.27909906426209014,3.3916412171247745,3.5125051014810924,3.70207999496295,3.8889495736442337,4.132476371942677
40.0,2,0.30343127221260496,4.087915785895629,4.182618155113286,4.314973666168776,4.286784605572103,4.41645322628537
45.0,2,1.5646305261809457,4.4495255931601765,4.678834348293035,4.708720214002302,5.0919578367350224,5.020800626724096
50.0,2,4.634725078366866,5.1540232330298315,5.119824448863302,5.460692926837052,5.188122928218528,5.688268261845451
55.0,2,8.640114827094528,5.585865055656864,5.853712940945873,5.609885581069653,6.2880315296799445,5.9345298713214225
60.0,2,11.484703388751704,6.0693886967931165,6.117356913634999,6.729641505752811,6.198547868180432,6.818183174192075
0.0,2,0.14121714718499387,-0.2,-0.1,0.0,0.1,0.2
5.0,2,0.16148223642130205,-0.45451978436188756,-0.2605545846452273,-0.11302119873997388,0.09786332810955994,0.33981588744929975
10.0,2,0.19835984480994343,-0.41032332101588537,-0.3187123151356419,-0.11370285519810189,-0.0017589523750979005,0.06366473934827212
15.0,2,0.2614047385778633,-0.595811024044312,-0.3278615660775217,-0.2512460333520915,-0.09637390051369,0.10004346742292645
20.0,2,0.42485638280825794,-0.5688695633167286,-0.5690246010617833,-0.3200100298946422,-0.1313132857890766,0.027552071309288818
25.0,2,0.4234456217359285,-0.6995901002140776,-0.42164203133122635,-0.3953620080710607,-0.2864928948977524,-0.14899472642708642
30.0,2,0.32401817827322243,-0.8564142618144497,-0.7307175908513249,-0.4220207951509059,-0.23892670030405008,-0.09441876500872495
35.0,2,0.3420319310707529,-0.6917271477055218,-0.6240525270665329,-0.608628462746693,-0.48649734105551495,-0.3220089867434459
40.0,2,0.4716540321679912,-1.128716770867693,-0.8113410522048062,-0.6184426856064393,-0.38551275005472463,-0.17931755877228703
45.0,2,1.4397405324756647,-0.8064974432470996,-0.8756119552233027,-0.6026547860335016,-0.6119420133912462,-0.6170409717990368
50.0,2,3.479447599758222,-1.3126619678045126,-0.8384656338750169,-0.9610778212364615,-0.5826508223495583,-0.20930727661685403
55.0,2,5.6852195377108785,-0.8719399061193238,-1.2020601924521643,-0.6805468495026212,-0.7542098671866557,-0.7858230588098362
60.0,2,7.297789398370418,-1.603924419582735,-0.8236788638087479,-1.0569405695009046,-0.724857693111117,-0.475594680255257
0.0,2,0.22754486927495546,-0.2,-0.1,0.0,0.1,0.2
5.0,2,0.22558153591689514,0.09132119956258031,0.310469727624438,0.48525074845449173,0.7235707798778025,0.9925208511416722
10.0,2,0.22789348673689092,0.7766364153229792,0.8762084180417309,1.0838910931005552,1.1992200719260337,1.270310614930673
15.0,2,0.24938711200751196,1.1608759111381146,1.444242243068236,1.5457283296899509,1.7227866826090188,1.9357667534776604
20.0,2,0.38162912556485107,1.799363544310071,1.8187855407884286,2.0730783237809107,2.271438409554261,2.449867408210352
25.0,2,0.3704785976871378,2.2735085688444263,2.5529062935404507,2.5997670379801843,2.7249356991495866,2.8645489337903767
30.0,2,0.3078749611169547,2.6883767186859644,2.8488562652081657,3.1699001172124697,3.3675093697311054,3.5441573691283748
35.0,2,0.4188197407537267,3.498651404007494,3.555150262765429,3.5814340083338725,3.715097640084855,3.871599831435399
40.0,2,0.651502228656391,3.5982960179321015,3.9555757822223456,4.172458881267792,4.4263374432729545,4.672398328592845
45.0,2,1.6705968870972026,4.589593722391559,4.514536872043505,4.784743222238965,4.778061950932983,4.761263992341921
50.0,2,3.617397170685824,4.610158940071454,5.109526653280446,5.027645936289232,5.4375801729409154,5.846421364027833
55.0,2,5.525225939432671,5.7178724718504315,5.403112119740755,5.901439818050352,5.819532710123366,5.7925092535058385
60.0,2,6.752085315766321,5.5250350585907215,6.304664446703369,6.133830571019153,6.508632024058938,6.76543757955949
0.0,2,0.031987801928879185,-0.2,-0.1,0.0,0.1,0.2
5.0,2,0.17640692449947848,0.1478333123543426,0.20883484160266602,0.34768224823428384,0.5142439846479467,0.7294947216802603
10.0,2,0.25252484512506945,0.5015490712679095,0.7249621017207077,0.8016506722235877,0.9163617964974525,0.9516545753293485
15.0,2,0.32094929697734165,0.9139908378631023,0.9771300947660831,1.2327513217491382,1.2901567652565509,1.4302383059236634
20.0,2,0.7886570313488451,1.3387931021968658,1.4919450236232823,1.41733498193915,1.6801094911731849,1.8641738351456028
25.0,2,0.7703118934787789,1.7037513862911187,1.7572786125735493,2.0729788553254536,2.064059239691687,2.1423774487158114
30.0,2,0.5286352985651205,1.9922336376069572,2.2887539104623227,2.3200598810995348,2.4989139983792232,2.588573223569123
35.0,2,0.6089647011469487,2.6250109427975064,2.548762534955539,2.64255092952471,2.8114262194944186,3.0088731328645144
40.0,2,0.4075621647840456,2.772831660432213,2.9579830195287466,3.215602092858582,3.239280275014176,3.399015820322491
45.0,2,2.1524781303405094,3.217156416849965,3.5512622577543715,3.447672671872649,3.7142815223919805,3.602429107806753
50.0,2,6.719860759800256,3.7779639737847464,3.469425483144143,3.989405174076464,3.874933305547005,4.369163148642832
55.0,2,11.66430550244522,3.928025464699314,4.539953526430998,4.01698988448257,4.565242854757993,4.378768463343776
60.0,2,16.13697231980259,4.440463269116255,4.152103848392222,5.149602596617984,4.68987809926797,4.94502148883972
0.0,2,0.00790429936879358,-0.2,-0.1,0.0,0.1,0.2
5.0,2,0.04763555998358732,-0.22329838493841186,-0.10526584506540793,0.057897539574958454,0.18041435000373712,0.32649580593209543
10.0,2,0.1502469516400407,-0.06779077445852826,0.051039641588935446,0.06894715789215915,0.1813314249108509,0.23895948108053863
15.0,2,0.31741598443846064,-0.16022861918808462,-0.06760908426717444,0.1841474953962015,0.2830575763102162,0.469363028269777
20.0,2,0.49567880118191493,0.05017871825723224,0.19504854579906014,0.13308584895436312,0.2704435724143168,0.296217176602943
25.0,2,0.5708414227135764,-0.08002660575034584,-0.005568378333784712,0.29551583445421015,0.38432439437036203,0.5869720827944572
30.0,2,0.4428406884965865,0.15117549745856185,0.293286572470777,0.23690118183133682,0.3505135352181428,0.3855840060630653
35.0,2,0.1965622691257084,0.011022966229136217,0.12596162980026587,0.3451034952791055,0.5083235162541098,0.6632926509862452
40.0,2,0.2788661566697165,0.25166357756230223,0.3011682025449259,0.4163565567580552,0.39483340309280857,0.5259259840977369
45.0,2,1.453588956532953,0.095016755948516,0.35720921435532194,0.31568100078969896,0.6732193110371423,0.6850649074320926
50.0,2,4.2806785131912175,0.35671827889644137,0.22093291472376947,0.6641134671090396,0.40890589551428225,0.7117640988261598
55.0,2,8.176582901270878,0.18871689036120937,0.6374166384370605,0.25214977142558553,0.8367033168063721,0.683691503546393
60.0,2,10.788727590684665,0.4302894837163505,0.15996349419885358,0.8764811865204012,0.4776435298093244,0.8905438918386394
0.0,2,0.12172101830001346,-0.2,-0.1,0.0,0.1,0.2
5.0,2,0.11935059120834872,-0.8976111165470563,-0.8381464466458322,-0.8309865488394471,-0.8444704959062285,-0.8526643110724011
10.0,2,0.12451900042677555,-1.8341394926913128,-1.8301965684773414,-1.7208873870280517,-1.6119888753965563,-1.5305455144287001
15.0,2,0.17841338344695457,-2.643147496648473,-2.5367153426505724,-2.5806362957176683,-2.559312997662956,-2.471824624353292
20.0,2,0.37785575091392276,-3.5132667964317426,-3.528874924305691,-3.3548151288362793,-3.3031109143334625,-3.355447912136744
25.0,2,0.4973483068408953,-4.409791161361914,-4.249247434876838,-4.31186698447052,-4.26056795620768,-4.087921058137941
30.0,2,0.526215819870216,-5.107145722827414,-5.22766282023087,-5.116973574722403,-5.044406202563762,-5.08708519372137
35.0,2,0.5069774428335486,-6.224696227920275,-5.9871396567828565,-5.9267139592355065,-5.912149334897419,-5.796453254240704
40.0,2,0.27946079535470447,-6.786593332884885,-6.840875946429101,-6.861686583375451,-6.797378435926763,-6.824497053471452
45.0,2,0.42961457872289904,-7.84852961136267,-7.853440724844619,-7.667516023993023,-7.582340220772102,-7.423083690126173
50.0,2,1.4121332005464808,-8.615158116003283,-8.350628186961332,-8.536199518455197,-8.55179261841933,-8.585010750270534
55.0,2,3.0671335456836273,-9.482621903942103,-9.737462523081662,-9.303257578522894,-9.194938315586606,-9.184387787987252
60.0,2,5.4876789510940895,-10.32326029629352,-9.928247626133782,-10.39982474069986,-10.390198733073426,-10.125015631930944
0.0,2,0.07426284052734888,-0.2,-0.1,0.0,0.1,0.2
5.0,2,0.127043511081222,-0.5682518701109133,-0.562282790929969,-0.571174810252445,-0.5162062484579154,-0.5004884349251197
10.0,2,0.21069243551484956,-1.310129669565477,-1.2009969846161839,-1.0456690612600092,-1.006976883129893,-0.8730357107811697
15.0,2,0.32926976793525825,-1.6747840122391306,-1.6263547873477653,-1.6688514520572642,-1.5650859268072126,-1.6201362855776928
20.0,2,0.47045641210247885,-2.3508208086184443,-2.3126231524060463,-2.142526848893777,-2.138673350915229,-1.9289724578719023
25.0,2,0.47076339476059437,-2.8001905922914134,-2.706761543810948,-2.7602162155528305,-2.6258535532887244,-2.698998868437824
30.0,2,0.28725042513193055,-3.4278349560546744,-3.3768792998737016,-3.2042237628789754,-3.2168747245764977,-3.084612184674199
35.0,2,0.07639338112208266,-3.8915706283489673,-3.844553693866522,-3.8516059830657765,-3.759326534789003,-3.6817722426641306
40.0,2,0.2194769524644071,-4.478891931390391,-4.397636653113305,-4.370980611578652,-4.231086821198497,-4.268637220129905
45.0,2,1.5833661032640793,-5.05411690813644,-5.011495982809125,-4.76246700876822,-4.941043922848353,-4.696513569524976
50.0,2,4.687306780291542,-5.496198724374081,-5.383315772403314,-5.668380303773978,-5.200946869040443,-5.435199877171649
55.0,2,8.704155594839985,-6.153883595287752,-6.225706719666838,-5.7001541595786,-6.160527652261969,-5.662173574644679
60.0,2,11.355158416735948,-6.626045453860497,-6.346921864056467,-6.797729050301064,-6.184579872794594,-6.665573615103556
0.0,2,0.17856071921765737,-0.2,-0.1,0.0,0.1,0.2
5.0,2,0.2491307954331446,-1.243958753935086,-1.0227930131475202,-0.783186704780472,-0.5802298411568966,-0.33148557900356657
10.0,2,0.34095916734028,-1.7676340851918158,-1.6647562535958442,-1.6076333083618686,-1.4639724947655726,-1.4193116421319811
15.0,2,0.4459380345084073,-2.828548049971819,-2.622552389255433,-2.337535884397745,-2.1943261493611477,-1.901999203084489
20.0,2,0.5179496587683105,-3.371922863856602,-3.2409360896129358,-3.2220995616248875,-3.0172978501852836,-2.9943592028144663
25.0,2,0.47610195428260765,-4.3716921109883105,-4.206299494719078,-3.906028886560632,-3.8033528150819524,-3.5208961527676803
30.0,2,0.277348397569025,-5.018159815042079,-4.841018802365121,-4.796646042433691,-4.595516201626119,-4.518582490674037
35.0,2,0.05810917277696851,-5.882833583592772,-5.753578445017884,-5.534354679249008,-5.365065778430138,-5.1957447578747225
40.0,2,0.26063558310402973,-6.676934944123709,-6.4921472560391535,-6.3024050172884305,-6.2402475122644905,-5.981496406472267
45.0,2,1.553099570965069,-7.401220050941671,-7.240422215556983,-7.231523399233025,-6.854325774551246,-6.927393587928638
50.0,2,4.338362752759329,-8.317990964300863,-8.199548875972608,-7.7475710869194465,-7.939959206499331,-7.411468786542811
55.0,2,7.945302990433543,-8.937515997123961,-8.693826133684189,-8.962865299422706,-8.334592589207308,-8.649392792820247
60.0,2,10.171943334629866,-9.943737071093034,-9.898460706600716,-9.219865662627333,-9.576209071461092,-8.901574192499647
0.0,2,0.06965278644560098,-0.2,-0.1,0.0,0.1,0.2
5.0,2,0.08039935450503269,0.35433210374237767,0.5147851327295933,0.6710493761844325,0.8802113635634278,1.0369641291524105
10.0,2,0.14687578106375665,1.1608493873324965,1.281543055734194,1.4171329596436455,1.4491521007118797,1.6060067073222877
15.0,2,0.29375837921822634,1.7533735666505896,1.9098789084554968,2.0367833966858147,2.305382489526291,2.3666079547985794
20.0,2,0.4932429533285694,2.526244810008419,2.6466148140254324,2.8047180689273534,2.7929716860939955,3.058819042433756
25.0,2,0.6013669347676172,3.173777621008442,3.305742624805106,3.411480520819427,3.704671906532945,3.691037853695249
30.0,2,0.49750498613759464,3.845005868341345,4.028729777639199,4.2000950118562805,4.200071043098128,4.470150931298405
35.0,2,0.2402590284359934,4.629111902264218,4.679744509818114,4.807400734632018,5.014826469207083,5.0703111216841785
40.0,2,0.2313639695326713,5.177029195988168,5.422490416303295,5.505432439817854,5.704393092530411,5.849391698338057
45.0,2,1.3259255875724505,6.030138762391458,6.053831111397067,6.340519201203799,6.229383403362589,6.4622064699950865
50.0,2,4.234645921954944,6.55600769222873,6.815045793964261,6.707659663414226,7.299025287066027,7.195682617048878
55.0,2,8.530054360769473,7.427680909355037,7.427566289549187,7.869012001316437,7.376115269141995,7.930388689731665
60.0,2,12.056653326791647,7.919460046486754,8.187505029576817,8.024484030090099,8.893397485680799,8.463258672631984
0.0,2,0.06158868314245801,-0.2,-0.1,0.0,0.1,0.2
5.0,2,0.04573761921681936,0.6539385408790208,0.7888870773522048,0.9359658919252672,1.1104020154883796,1.2898587595380746
10.0,2,0.02227113928586172,1.6460467316198082,1.7979767317274518,1.9306433953643136,2.037174984895063,2.1462627267592627
15.0,2,0.008549261258831695,2.604167594802741,2.7287102881049505,2.8728244054903422,3.009241259337225,3.1222133078135768
20.0,2,0.07146124208981103,3.531675349150499,3.674629697460839,3.7953339998769287,3.954922315429976,4.159647778813559
25.0,2,0.11349328300288003,4.567557908292239,4.665375408473638,4.799594944222346,4.905087350275791,4.95764581465078
30.0,2,0.17083592502781905,5.351426431012961,5.578176454953487,5.7481547017963,5.900037631917539,6.096518491417397
35.0,2,0.2753575519583814,6.57303539850165,6.581562984865736,6.653592907139938,6.7767730390443655,6.868401666728897
40.0,2,0.25024771869417467,7.227333711197327,7.466519035303317,7.666295430365801,7.838475721841867,8.033794382755255
45.0,2,0.24527151010577353,8.44365731036435,8.541568729068125,8.627191399284012,8.67904875280695,8.72000437512302
50.0,2,0.3032452378544282,9.208009936455408,9.324306841427667,9.510983464044847,9.761656143514589,9.985566466386848
55.0,2,0.2682561071156253,10.323939033980391,10.485426599847338,10.529032511032074,10.553301709830555,10.677875282321851
60.0,2,0.49824787853985153,11.108263210970916,11.230364626187036,11.511936557184955,11.733392004340791,11.76467102351128
0.0,2,0.23490322280542444,-0.2,-0.1,0.0,0.1,0.2
5.0,2,0.28176484657536227,0.6844014116069482,0.9151085023906377,1.1554128705137698,1.3862716743068582,1.6530161174114333
10.0,2,0.30707762770780794,2.116047940866,2.2252061907287284,2.312597083504872,2.439384590217131,2.495185347142596
15.0,2,0.30610839639151055,3.0076670189469814,3.237089598834747,3.5021816419778307,3.6802616251016365,3.9554318438278444
20.0,2,0.28247457433448875,4.414643526127384,4.530164578738506,4.591855249286222,4.780448331984366,4.859730618782316
25.0,2,0.2035206351563026,5.377805963227142,5.5688232459202105,5.836129667417618,5.974192467194575,6.214101537388967
30.0,2,0.09807666217834485,6.640350296491293,6.833990703969553,6.933812264779685,7.117995810626001,7.239114381511745
35.0,2,0.06354393877418925,7.805343146399176,7.909442210530479,8.102465935114619,8.288786869778887,8.453435871784869
40.0,2,0.23898362039682614,8.864678525057021,9.10601521670056,9.300904973561432,9.40832262413826,9.673763270380496
45.0,2,0.8772360518296543,10.184498247794636,10.300317451036015,10.381374677542178,10.664527792837005,10.617177016857713
50.0,2,2.0538303242061087,11.135788404730441,11.333573455708615,11.671071307630271,11.65717458955857,12.14449800466949
55.0,2,3.383936986701956,12.559596011577472,12.706633542688827,12.608248477279604,13.030210432173536,12.831627874807644
60.0,2,4.10509394720321,13.387972212497305,13.57711101405601,14.094694265964248,13.975492399945022,14.495257022294314
0.0,2,0.04975027162702948,-0.2,-0.1,0.0,0.1,0.2
5.0,2,0.17116883733371702,0.5144303914301505,0.5000675788994237,0.49027234759802296,0.534646606870859,0.5916461453163925
10.0,2,0.25501426963980534,0.7622826267148234,0.9215951299768761,1.0896081751374642,1.1959647358949625,1.2926754725055893
15.0,2,0.29592805262482114,1.5826599770514558,1.60220970715406,1.5803408190784731,1.5724793184648895,1.5554993885957324
20.0,2,0.44669714510718983,1.846392150067142,1.9199120327643935,2.0669270396365103,2.245163019381395,2.4458580386100923
25.0,2,0.4167492645855568,2.6266535780473825,2.6821507849134796,2.6557523405165777,2.617864098026156,2.5728945490708393
30.0,2,0.35476617306814345,2.851609380031946,2.987261848488579,3.1883736733507404,3.3281760468506874,3.4309574719674183
35.0,2,0.4393549252398968,3.7270261353945693,3.695491732103977,3.6173180612343145,3.6368513975180576,3.7407541645533824
40.0,2,0.24667396451955736,3.946549925946236,4.069574465797062,4.236858253465187,4.381139310229063,4.414382605481698
45.0,2,0.24935133479850097,4.626134071431948,4.735263076683082,4.798131416517109,4.7320247380106215,4.788014328391482
50.0,2,0.49684124473727487,5.1704368517942765,5.1501991961699956,5.1471707162311695,5.378270169193765,5.464553767759955
55.0,2,0.3450396502868762,5.607274574139635,5.704247160372725,5.861913941942535,5.813743010154022,5.954515084655195
60.0,2,0.6308851891920125,6.184567434048831,6.336213586418194,6.33186452174933,6.42295783747103,6.297153461691751
0.0,2,0.07485973346004036,-0.2,-0.1,0.0,0.1,0.2
5.0,2,0.10959239018907993,0.3564212083084888,0.3532681571737664,0.3955653295254985,0.41590280933172985,0.42648872861951465
10.0,2,0.1719045583238482,0.5590451388590776,0.7113951010959749,0.7652139927365441,0.86923892883529,0.9903993043911136
15.0,2,0.25243273708621566,1.145163377057673,1.0930360636730916,1.1907381897650495,1.2083313874057557,1.205669680975447
20.0,2,0.31165507531938635,1.3426894218779657,1.529059453876875,1.5293743913914137,1.6335120530125584,1.7559496116772244
25.0,2,0.2912713841471977,1.9013034616013715,1.8441386586817774,1.978319818287105,2.001646988573257,2.012822237651555
30.0,2,0.1643820474353089,2.166609822840622,2.314434265508831,2.312407486513539,2.4000737761367135,2.49235204675443
35.0,2,0.016064925379280077,2.6113515173809887,2.648392097720086,2.735076117179657,2.791246267096758,2.847457631335683
40.0,2,0.09991023519689049,3.03826603218117,3.0309306641783276,3.135943591795143,3.169766414376827,3.2062631611406958
45.0,2,0.7749214303835164,3.279069251509885,3.5259466970955398,3.447663962967048,3.579739562687565,3.696396622371134
50.0,2,2.247652880656272,3.937094360163472,3.687244173275018,3.9969936121345144,3.938495051974472,3.9166351320426864
55.0,2,4.1846806665255185,3.946076157367374,4.428299251462796,4.143938165241216,4.369394765169231,4.536400223308579
60.0,2,5.508270084137801,4.799275430959825,4.3777862751857315,4.835968236737104,4.709665403802277,4.6490594488233
0.0,2,0.026006907185973076,-0.2,-0.1,0.0,0.1,0.2
5.0,2,0.12205706510263753,-0.2227608358622746,-0.0717236132789825,0.11589154206921792,0.216229013256121,0.40432396998827647
10.0,2,0.42110198323014403,0.007620056296865536,0.10939946624094235,0.12125433084652963,0.3222826361018476,0.32336366285852813
15.0,2,0.9433566717289036,-0.05726003760807813,0.06721329785138076,0.3438187568846394,0.33264437075759434,0.6394638406315327
20.0,2,1.502504175236632,0.180231520101949,0.32112619515267077,0.25747460553402407,0.5585598367327763,0.4504481471679692
25.0,2,1.675402046773198,0.12643365697436562,0.22612306962144593,0.5471403559100726,0.47507752538338605,0.835025772972436
30.0,2,1.1147907093191523,0.35543544256647713,0.4844112829238114,0.43691417876165445,0.7192330682826813,0.6557664844994194
35.0,2,0.18734441305050503,0.3044535727593717,0.45696408452698384,0.6596045545736371,0.7372287630044663,0.93546955834192
40.0,2,0.6102220084551511,0.5204019707601315,0.5632071750484315,0.7728380692479178,0.7326388022915699,0.9465945920306371
45.0,2,5.282296304871635,0.5048749427873955,0.7746746049908082,0.5781359613221643,1.1526492757634366,0.9673059006872049
50.0,2,16.266396785699406,0.6750529565433856,0.564520994538459,1.265466897046351,0.6152370277183298,1.2993228858767876
55.0,2,31.260195215103565,0.6901715277347729,1.1356887511696248,0.4580490837688693,1.6313108159228746,0.9463406592993716
60.0,2,41.34149564853663,0.845382071908151,0.6012924232295994,1.6336935311175813,0.567543304066355,1.6556095837461424
0.0,2,6.998933854500132e-05,-0.2,-0.1,0.0,0.1,0.2
5.0,2,0.053266890261148746,0.2656964809740763,0.3592824429816974,0.501336163359782,0.551594354867442,0.6529838244577234
10.0,2,0.23026623976133953,0.7280402557518999,0.8603856205476345,0.8730552595850948,1.0662720510866692,1.134033346310146
15.0,2,0.5592867041530709,1.232408190091081,1.2470471449487153,1.4645626154851525,1.4337786188622827,1.6148832305349046
20.0,2,0.9576167262664748,1.614040387647637,1.8398352435874727,1.7958772291071787,2.050439437466117,2.0233807687544347
25.0,2,1.0797340046095807,2.1836914869451918,2.155528207245588,2.4117966250583245,2.33902750977702,2.5644225041774207
30.0,2,0.7065046943419429,2.576649829723923,2.75158276916562,2.7076819644928714,2.9633000971330925,2.9861449393287756
35.0,2,0.12047017619213618,3.0566224641510957,3.1581080313707117,3.31970760949226,3.3431746874542467,3.438640074016732
40.0,2,0.45102160951364006,3.5579054632796314,3.5705768200026093,3.7760897294713867,3.777662578847249,3.9649115415249034
45.0,2,3.868997459440221,3.9620856325149454,4.242296945319573,3.9909815867772847,4.435146591407941,4.347528643746755
50.0,2,11.865894662453789,4.529504151518801,4.3138785626962495,5.0228293616657895,4.510353826821498,4.9323667637048745
55.0,2,22.614560583513487,4.804877258829928,5.383091181141966,4.668217193099226,5.588557154814813,5.195083145162037
60.0,2,29.740223580689758,5.580485831533327,5.077771783847928,6.073592382941869,5.260975032114862,5.977894169250773
0.0,2,0.04865407797714176,-0.2,-0.1,0.0,0.1,0.2
5.0,2,0.11261331879015943,-1.5424612061121756,-1.3377940948991518,-1.174438083904374,-1.0313915154816373,-0.8508419254232057
10.0,2,0.22357156220304797,-2.5273951195384523,-2.499027674862652,-2.3886355255678886,-2.2535682202228235,-2.2052271114492856
15.0,2,0.36503563960460883,-3.934259285621494,-3.6907005978678926,-3.5613824700614813,-3.4419176445047692,-3.182520479406004
20.0,2,0.49549148635512247,-4.909782262052918,-4.891568916426365,-4.738050511652678,-4.589036371188641,-4.619269241961581
25.0,2,0.49368993190315597,-6.297299572418215,-6.049300308812109,-5.9436682784426145,-5.840869858415916,-5.553496111013859
30.0,2,0.3303675609213926,-7.293145060846195,-7.277677107481876,-7.136723430162761,-6.968774761476128,-6.945240594956298
35.0,2,0.10807616897237055,-8.644419483307196,-8.431546247442498,-8.288029601795547,-8.180583342141581,-8.013909106057051
40.0,2,0.038499827149786045,-9.747307791219756,-9.610062921828659,-9.507365693330355,-9.401021963337316,-9.229656236848305
45.0,2,0.5604614289275607,-10.883524507311591,-10.885673844431274,-10.71182784721268,-10.479853281403768,-10.471461952025566
50.0,2,1.944590825058163,-12.274727113299356,-11.887591301534531,-11.82734762571855,-11.871782829536844,-11.507819388116177
55.0,2,3.92643189441097,-13.141664736437956,-13.34629601608566,-13.095690117808143,-12.741550576168388,-12.98099363752584
60.0,2,5.768359674424806,-14.710836492225646,-14.208908822559193,-14.244689744613163,-14.349997487308297,-13.728689363140226
0.0,2,0.023555656122624002,-0.2,-0.1,0.0,0.1,0.2
5.0,2,0.02468574050748225,0.6636208290609077,0.7073299748901217,0.7682125854169414,0.8534556876233907,0.9110811699096005
10.0,2,0.04167968054205307,1.3797131992644163,1.4934473673660744,1.5776780460395146,1.623441779421973,1.7331201017099578
15.0,2,0.07494810168035843,2.1854383501963603,2.2421556065948325,2.333256245857029,2.4623620780954893,2.487888459959229
20.0,2,0.12267502445113501,2.992818940143564,3.076388726098397,3.1246984025553797,3.1374304751815316,3.2834644436250504
25.0,2,0.13871708206184163,3.7047682006514866,3.782701274420798,3.8974733406358912,4.056284143802145,4.077274274994612
30.0,2,0.11849824217793346,4.576276122034377,4.6592223331529175,4.703605778573436,4.692797706575918,4.790299541069252
35.0,2,0.09712542631432536,5.250949270994736,5.329964639131835,5.443283748185867,5.596668070230779,5.705035999763604
40.0,2,0.12187448139013292,6.169880927980477,6.21736702336036,6.2450476336062,6.296681609763419,6.30062478049735
45.0,2,0.34666689462418493,6.759657592153704,6.914238615821554,7.06864526636179,7.097714548446486,7.29304619932524
50.0,2,0.8467657318298012,7.777262846199976,7.747459481425105,7.732232705423443,7.9387308059337025,7.841316630027524
55.0,2,1.4714321638912953,8.316737496339073,8.501680142832415,8.668536080016544,8.561198181328685,8.892550815394008
60.0,2,1.9410134984472365,9.297295864739052,9.290881256265573,9.304830869773355,9.594199232724495,9.357195739309391
0.0,2,0.11719121273937358,-0.2,-0.1,0.0,0.1,0.2
5.0,2,0.12177199507635966,-0.15009609771381743,-0.11340776080326095,-0.04556635111956202,-0.04120185691596016,-0.07343391075886525
10.0,2,0.12785737028750982,-0.2757309456479367,-0.20293216257633445,-0.21263060238377435,-0.14139097801114042,-0.01472726600374111
15.0,2,0.15583002631662868,-0.3594544714612769,-0.3778015071630321,-0.24834826618123387,-0.16095777841761913,-0.12455590871123613
20.0,2,0.3646074598133169,-0.4293545426966768,-0.2711677379302222,-0.30972774832946004,-0.3447345638626736,-0.33983931642685805
25.0,2,0.4158591512416634,-0.5947445503833326,-0.6145208564601162,-0.4386183117630949,-0.2890569473314256,-0.18158922061941804
30.0,2,0.4421610034713875,-0.4504570098885767,-0.4321478864198032,-0.5490791668614978,-0.571823408830404,-0.5387283918686225
35.0,2,0.6553609184872221,-0.9352751041410525,-0.7460026682794055,-0.5220076947382706,-0.4093735178640379,-0.3532828561576399
40.0,2,0.6997071174568623,-0.526757623674053,-0.6546231327034504,-0.6991674165144935,-0.7445020020044764,-0.7645976435954421
45.0,2,1.2082786781083694,-1.0889315321540602,-0.8585043182913168,-0.8469082502312837,-0.6297048423343807,-0.38930485279236876
50.0,2,2.2695335443140867,-0.7394904950278129,-0.9092026080808094,-0.6937176443517973,-0.8467793825559763,-1.047869643098476
55.0,2,2.9683723589814637,-1.2924533086198526,-0.8908001911284487,-1.056640097033027,-0.8343476708243773,-0.5865244828206199
60.0,2,3.6442474984723634,-0.8072832886360441,-1.239664924073719,-0.9790706564184571,-1.0183971656701036,-1.0400556929394613
0.0,2,0.04616839997505877,-0.2,-0.1,0.0,0.1,0.2
5.0,2,0.2033877478958293,0.767680913264755,1.0031195239920874,1.1951557080764736,1.2911721333304582,1.405646439360746
10.0,2,0.23352487397190685,2.099128505063012,2.118969245468165,2.1993594591315917,2.3923088946989233,2.5157833316873477
15.0,2,0.17671634237548925,3.111346050327074,3.276784204899767,3.397607057253289,3.4839521570273386,3.7186346845660645
20.0,2,0.5167267427370247,4.226068154670639,4.396581394779433,4.591723201967733,4.746622728569435,4.690103392110803
25.0,2,0.3928419719856755,5.447604246950864,5.552750816384508,5.624284721721214,5.701211242736534,5.988022562329425
30.0,2,0.23021338534850763,6.545616024746009,6.608790976430926,6.738629508352715,6.985549117663658,7.098062680953724
35.0,2,0.5739334015653745,7.626377099216016,7.874102832855342,8.04278452298794,8.039451775451788,8.056706795660494
40.0,2,0.2571183982368982,8.770979490904073,8.876448955725527,9.016283123780687,9.186454174003046,9.452031999782497
45.0,2,0.8145638537189528,10.094762031252781,10.0630346583405,10.078446427204229,10.342968026027902,10.385761319395028
50.0,2,2.462692224513246,10.825540574965965,11.231132082365162,11.536459763451518,11.391344084728754,11.643270674733538
55.0,2,3.115539040634088,12.377205549989156,12.302977400885151,12.313289982179624,12.743737818818095,12.55331114639738
60.0,2,4.703032830977225,13.280386927067564,13.450355037271823,13.581830889307572,13.473375442706631,14.167348319940345
0.0,2,0.43206694172323556,-0.2,-0.1,0.0,0.1,0.2
5.0,2,0.4505034433684969,-0.9442436841950165,-0.6637815003810746,-0.32376369345973155,-0.06785862809880673,0.1779665196216895
10.0,2,0.48507406121448376,-0.9526503954003166,-0.7913945850255389,-0.7842148465172311,-0.6362894200474443,-0.4788127260353615
15.0,2,0.6178393224713608,-1.5676677195330677,-1.447750937488856,-1.0548772083709934,-0.8166279790661568,-0.5781191150797612
20.0,2,0.9535326254629466,-1.8351791316836599,-1.4664417612062122,-1.4772154586335084,-1.3285277350500975,-1.1793598594782817
25.0,2,1.1511312431825682,-2.1661798589921246,-2.1906077281716243,-1.7873911231165236,-1.572546666223949,-1.3916795560604593
30.0,2,1.0953956382702703,-2.627438894670712,-2.2487745363713034,-2.2560155672419895,-2.0523058907939107,-1.7455510299997319
35.0,2,0.8741963584165111,-2.8689241458545967,-2.797292415859263,-2.480549249016416,-2.299285274059989,-2.305715820800322
40.0,2,0.6908511291563803,-3.405674219102521,-3.1516462207298095,-2.902018916414338,-2.7604103268251268,-2.3536982090316987
45.0,2,1.98612609532698,-3.5159977790413426,-3.304469709299786,-3.4343279667851245,-3.0817232223935793,-3.0586102010965677
50.0,2,5.965276783812022,-4.172035849586726,-4.162354713490456,-3.3664983026747004,-3.422150098647954,-3.0937709007294707
55.0,2,12.09326595599398,-4.336272602272152,-3.6918608080034003,-4.320203855303355,-3.8677611369145017,-3.8223924491487677
60.0,2,18.3445405805148,-4.697459462630706,-5.231273790614542,-4.097866898009557,-4.087017538741442,-3.7465541481587596
0.0,2,0.42143349717308937,-0.2,-0.1,0.0,0.1,0.2
5.0,2,0.6451924849081567,-0.19591282686922068,0.1031945394083522,0.3352113957068824,0.6559540780220127,0.9956172790997501
10.0,2,0.8842830431143933,0.5874865593261214,0.6213821844739478,0.8163301815567795,0.8651882000876927,0.8977418052910016
15.0,2,1.1052758939582623,0.5025382733066545,0.9336111020310383,1.0983675108258084,1.4192176607164297,1.7284588492233812
20.0,2,1.3193091928910052,1.3969174791785695,1.2938422192619359,1.5320564853305008,1.6130356126711876,1.7404060650288957
25.0,2,1.1209141058210705,1.2909234864111692,1.745376524088223,1.861726086668383,2.165898233300775,2.406397996370349
30.0,2,0.5848753285696254,2.0040480186253182,2.05977628746563,2.345569208829114,2.4149495432199126,2.540043734066719
35.0,2,0.19766268395240097,2.2712935249314454,2.433917161354361,2.576319568250469,2.8624881425036,3.1144328605346234
40.0,2,0.5194491812208065,2.5547587395586824,2.924882093516335,3.020031144131007,3.2215389548677007,3.431304790868615
45.0,2,3.1835723194609042,3.1866735718151333,3.057405237953042,3.5700387921410934,3.5886388611680404,3.643823725232932
50.0,2,8.861790237715365,3.145509847905734,3.851577057867502,3.5012710426845066,4.02342654169886,4.418860163521459
55.0,2,15.641555099343023,4.190631335569295,3.6161584931712856,4.486125554302262,4.2561944935917095,4.285599242411298
60.0,2,20.1508830782427,3.6154040030545413,4.773607159546224,4.272435473591623,4.90397581020465,5.163351138016552
0.0,2,0.1197370940911505,-0.2,-0.1,0.0,0.1,0.2
5.0,2,0.21131392119357317,0.6696990827251594,0.6995331997895388,0.7726022567346762,0.734531766516288,0.6960119427983891
10.0,2,0.2821359209966474,1.2778407528659304,1.3752253579815215,1.3549115259733544,1.507221191236341,1.6295576690709348
15.0,2,0.3712153314632663,2.118508016478492,2.0434553287225126,2.181719298307384,2.155076746940512,2.2183753552432255
20.0,2,0.7109256637871103,2.660922870055085,2.901302140102874,2.855001069881818,2.957738164400364,2.9145487498160048
25.0,2,0.6859623249081497,3.5203818899246744,3.414557272168215,3.596149946677474,3.589992056350305,3.7408100776995306
30.0,2,0.44284112607013576,4.2364850543068755,4.315776097996277,4.200801687664079,4.330236047094203,4.35097060432282
35.0,2,0.42570363503230424,4.7543075907635135,4.917420619927126,5.103331525221547,5.1054166861673,5.126171317868753
40.0,2,0.5306794605764442,5.7851568973028,5.649040588309653,5.716285448757384,5.683425820078332,5.745117234064143
45.0,2,2.579721844487046,6.176553855943775,6.450022744624577,6.2424815653720085,6.588747181642603,6.693598889493357
50.0,2,7.322310465952252,7.210152092073166,6.939875982353852,7.481412900004306,7.0425338646123565,7.049807646596817
55.0,2,12.676650732559212,7.491937202920551,8.071856183942492,7.505103649040943,8.140701223996045,8.086562474304602
60.0,2,16.636368922147092,8.849708586547884,8.173852330244582,8.846698800228031,8.325219024743046,8.673060241005382
0.0,2,0.039615005251430864,-0.2,-0.1,0.0,0.1,0.2
5.0,2,0.051126069012122105,-0.3945107919253988,-0.2636677772106915,-0.09332145056603908,0.07524087784554628,0.22924940768583701
10.0,2,0.08429032265552827,-0.39347444766039014,-0.24396792929733124,-0.17929349641829154,-0.09751218630571415,0.02022859134022421
15.0,2,0.1492512421324656,-0.5609695329941038,-0.4724756791573695,-0.25460311564311444,-0.08170130564133252,0.02872043092365185
20.0,2,0.24019042460553058,-0.586155629488891,-0.4007547873296323,-0.38274039002372934,-0.29609955519413134,-0.12228857464665155
25.0,2,0.30079496313417176,-0.7132675994947117,-0.663698540914124,-0.4234948039237209,-0.2519887422092289,-0.1825989843120077
30.0,2,0.28155306842775035,-0.8054709034923622,-0.5826421748013322,-0.5447082631808084,-0.4659815321625406,-0.2832555313874991
35.0,2,0.17380725272091016,-0.8554181176063961,-0.811232025020444,-0.63466945607453,-0.4558856635446674,-0.37186287694926057
40.0,2,0.04795943656064976,-0.9918855061889598,-0.8341824125193426,-0.6977400637685673,-0.6086882152443959,-0.44358167564478596
45.0,2,0.14449773741512584,-1.0641113486373048,-0.8730997990160617,-0.8263269316723648,-0.6807785849820965,-0.5787709432289747
50.0,2,0.729946341430225,-1.1220222129314354,-1.1603640950424332,-0.857284045881971,-0.7253691514844461,-0.6050578363672307
55.0,2,1.868861955966044,-1.2814891895063707,-0.8993039167024742,-1.0522566098235684,-0.9434589845358748,-0.7405983753099147
60.0,2,3.277337513327054,-1.283745552487612,-1.470460424980507,-0.9725493100291162,-0.8041660292694132,-0.8331954932822387
0.0,2,0.025280174288537696,-0.2,-0.1,0.0,0.1,0.2
5.0,2,0.08885264794485251,0.2667143783732795,0.3793641603277306,0.555470494072639,0.6655540954347552,0.8511465986513207
10.0,2,0.3235783930895129,0.8649520181857754,1.0262365395846325,1.0465870779606377,1.2365766876854392,1.2621471303029677
15.0,2,0.7629959176339663,1.3666902079304322,1.4308082992468087,1.7144810965788377,1.7021175971608316,1.940651979662277
20.0,2,1.2637892917134486,1.9430509607998596,2.1411210765807525,2.0554745389981077,2.3683373570521815,2.3650149740080724
25.0,2,1.4240415049692585,2.4767664035964065,2.503507933709064,2.840634494601141,2.758829267405209,3.01151053498696
30.0,2,0.9289946146192811,2.9909355862503917,3.217473650362594,3.178416896355695,3.4571000153259583,3.4655722128639748
35.0,2,0.1275253261650837,3.5953127868575243,3.6503578293048036,3.8170366349137472,3.898717902083075,4.066322934859266
40.0,2,0.6085707503159412,4.090288525860907,4.174014056007016,4.431233454858743,4.414719988161918,4.635741789989651
45.0,2,5.160401718387129,4.617244352494863,4.942785525990982,4.693795594843639,5.194458062093544,5.015964006315046
50.0,2,15.741528912140454,5.265399033396242,5.009905598353924,5.7831209798140835,5.246522771585568,5.877548885448109
55.0,2,30.037244196621586,5.641717557830799,6.273187786097034,5.474235452559352,6.524199951868063,5.987406247102755
60.0,2,39.420223696195904,6.366751134926044,5.929404251722807,7.134741139876408,6.178129025881903,7.009971169910803
0.0,2,0.0038174414750501533,-0.2,-0.1,0.0,0.1,0.2
5.0,2,0.01764098814610117,-0.8518211838935984,-0.7785763780716344,-0.7080796699295064,-0.5983085627024242,-0.48935831121639645
10.0,2,0.025368439300594913,-1.5495291258992958,-1.455933236054682,-1.343960821489343,-1.2861651370605653,-1.216699891123222
15.0,2,0.033468589206048324,-2.279785597843889,-2.1486231713217885,-2.0630350447701367,-1.9393211411524158,-1.8476673623524493
20.0,2,0.0935539999295663,-2.8468577316371517,-2.8340000416612074,-2.7518324772107436,-2.690800283687244,-2.5810858890578654
25.0,2,0.10264706738676352,-3.69314429599358,-3.522386942772551,-3.4235315938304365,-3.289598803673231,-3.2020588927979747
30.0,2,0.09697285835586232,-4.227842589966376,-4.180038831393283,-4.084255980671501,-4.057289837524558,-4.007437395325581
35.0,2,0.13310909997921538,-5.0276581165362675,-4.9293089628670055,-4.837642522771318,-4.678553711851629,-4.509845426668687
40.0,2,0.0991159353843559,-5.608999162523843,-5.520167108966951,-5.473684503849278,-5.413622959039001,-5.392679112129407
45.0,2,0.20627573162126436,-6.425242057988632,-6.318854470248989,-6.109594981615997,-6.0532479362044915,-5.92835750626394
50.0,2,0.5184662106028766,-6.963664351079891,-6.866861359842588,-6.956339816002572,-6.773353078385548,-6.701222452825013
55.0,2,0.7861721835225965,-7.739408466815221,-7.73465841990048,-7.442439155123855,-7.459683689271814,-7.31139543283782
60.0,2,1.0993042781394866,-8.458062652222281,-8.182107337845501,-8.273564523503795,-8.090721067726724,-8.109273688464487
0.0,2,0.0709841713098732,-0.2,-0.1,0.0,0.1,0.2
5.0,2,0.0851204973526155,-1.0667406425157626,-0.9293423215075254,-0.7832894400675413,-0.5821341192566879,-0.392396322398034
10.0,2,0.07331359944441163,-1.7531708369689545,-1.6058443505669329,-1.4643211436363617,-1.3974824346212051,-1.2869869256976239
15.0,2,0.06008997084296372,-2.556717781703794,-2.4046258658093658,-2.2614504474690014,-2.0686990924772943,-1.9702153497771913
20.0,2,0.16547804466824798,-3.249723956356346,-3.144408888352967,-3.0207597008004305,-2.920636982642995,-2.680081854829449
25.0,2,0.18376874980687494,-4.022141083878371,-3.883341716299397,-3.7480976092440796,-3.56971525476242,-3.546218564543439
30.0,2,0.1866998748609735,-4.852669492155906,-4.642396673578971,-4.467277692085594,-4.385298887935922,-4.175774328716819
35.0,2,0.2756955638496867,-5.406926444581408,-5.398694225689838,-5.314015293042752,-5.134263577662842,-5.023420379241921
40.0,2,0.19874686562998828,-6.4048113574063334,-6.149058982111434,-5.9931997440412195,-5.82252411512763,-5.661628567277622
45.0,2,0.39037723463802226,-6.948672059472822,-6.86748414688889,-6.678131177396679,-6.6950016408500765,-6.595836587101254
50.0,2,1.0184052019033447,-7.843264473537739,-7.686589306415475,-7.650893121861322,-7.247302267012474,-7.1109792886282515
55.0,2,1.6473373183595121,-8.447080545661231,-8.360108820118777,-8.13103238299009,-8.313710426446308,-8.040999127984438
60.0,2,2.558079107283155,-9.414943433592692,-9.175832882358263,-9.071795931892181,-8.611620203990258,-8.772641697113034
0.0,2,0.3310453511396172,-0.2,-0.1,0.0,0.1,0.2
5.0,2,0.36905489346501086,-1.9366985756859252,-1.661030991667993,-1.385247824583242,-1.1418541516250562,-0.8717662486322505
10.0,2,0.36984767532463036,-2.994046986309522,-2.9012826580025557,-2.81980351398261,-2.6795431264649743,-2.598519299629255
15.0,2,0.3322075415673802,-4.699929178509503,-4.456684250002039,-4.179122357673977,-3.9746352297730847,-3.679422360624809
20.0,2,0.2676403934424346,-5.860599258636656,-5.705593499957718,-5.612951218983805,-5.437726180164855,-5.369521011034871
25.0,2,0.16911584366119709,-7.418340063626423,-7.239679071985078,-6.975996748626046,-6.805853987513932,-6.543119089220769
30.0,2,0.08029872822190988,-8.738863274513337,-8.5346980000289,-8.425082979393864,-8.222447491634979,-8.058495007595642
35.0,2,0.09625381681949977,-10.131528521927939,-9.995302219430707,-9.771712484679531,-9.598638290875295,-9.479003028447686
40.0,2,0.33471438367398126,-11.64255770092706,-11.383587526158077,-11.184091958832164,-11.040830882425627,-10.721714269212633
45.0,2,0.9732485159593753,-12.809732385277563,-12.73612454303955,-12.659656359908151,-12.368663706485783,-12.395203135038862
50.0,2,2.024521907077134,-14.545641950396346,-14.255714998521974,-13.876564695049671,-13.87500518323941,-13.413051094736787
55.0,2,3.1294292559215116,-15.555745436273337,-15.439844026263474,-15.533045116623816,-15.132541165249089,-15.30139996972882
60.0,2,3.64785742606247,-17.339024262502914,-17.159987369609592,-16.655598588913044,-16.682713269421647,-16.121850015885634
0.0,2,0.09236672045527136,-0.2,-0.1,0.0,0.1,0.2
5.0,2,0.08334727815373244,-1.4378781731846182,-1.2624963798113413,-1.0734516845370563,-0.9114859097143414,-0.7125087395600017
10.0,2,0.09464807930742353,-2.3910911713497565,-2.26636116384496,-2.176008622317429,-2.019814680297132,-1.9423661358054451
15.0,2,0.13516569592647898,-3.5566869577238047,-3.411943849141378,-3.2078166580497323,-3.1140797943495837,-2.902935401157558
20.0,2,0.18828325783924788,-4.598463858073656,-4.437609246741066,-4.36057912030475,-4.137359758191981,-4.057271563917959
25.0,2,0.20718088582859565,-5.658743756739128,-5.555952925614318,-5.353652818985043,-5.306061463508496,-5.1146934691897465
30.0,2,0.15647881570431058,-6.820455696460005,-6.61795104287246,-6.509823337963039,-6.280982598463205,-6.15771264508532
35.0,2,0.09459688531273201,-7.758984822653694,-7.681655390248188,-7.549503863530073,-7.453561263760804,-7.341040867458606
40.0,2,0.25289169710873743,-9.022083485308446,-8.829103700416757,-8.607418897351025,-8.48607527100707,-8.23788574037543
45.0,2,1.005576373303728,-9.898961711544256,-9.768349738254063,-9.792847622504631,-9.533299117486182,-9.586929791476997
50.0,2,2.5893752148572275,-11.179563132435709,-11.074726242630428,-10.66164007696912,-10.74527067489334,-10.317008741144795
55.0,2,4.630545572180893,-12.072912595587821,-11.84155222847474,-12.066250059047569,-11.595794504426003,-11.799520367344574
60.0,2,5.8710351362542035,-13.31552011542094,-13.29846706439819,-12.72918019227627,-12.965742162733136,-12.464941106859435
0.0,2,0.4572652572505445,-0.2,-0.1,0.0,0.1,0.2
5.0,2,0.44683305441247323,-1.0774102107116452,-0.8150842555444747,-0.5384258644805113,-0.23863986228525363,0.07482487814479567
10.0,2,0.3566602501666646,-1.2827376875416252,-1.1385604994986127,-1.021423494782373,-0.9183971143299448,-0.8283518336016301
15.0,2,0.2202524175847578,-2.0799936191521966,-1.8311098790978046,-1.5450488879417967,-1.2890652523706705,-1.0389883060688234
20.0,2,0.15285394051802292,-2.363659200616992,-2.211249460580652,-2.113351732626102,-1.9456959084174326,-1.7449849572672091
25.0,2,0.10042968153178311,-3.0259137079538005,-2.838823220849872,-2.564485729495191,-2.3510134105720932,-2.1934405055145447
30.0,2,0.15750862517117245,-3.556143811660409,-3.267918924790032,-3.106296617194583,-2.939439155757807,-2.6986133798597614
35.0,2,0.38285725989858344,-3.890837201390381,-3.853683627529987,-3.6698204300373116,-3.4398350447497292,-3.308970900432292
40.0,2,0.5464885289079147,-4.715755769688133,-4.35860425357707,-4.1250999581828545,-3.940422159109968,-3.6180003784587753
45.0,2,0.7408397604994833,-4.885192366392931,-4.800281801074522,-4.659886856698618,-4.497979163650301,-4.5092776460776225
50.0,2,0.9284335473499221,-5.762793037651139,-5.506685943606478,-5.211857810074118,-4.949486018631491,-4.516530338807989
55.0,2,0.9054407960924591,-5.886318656531484,-5.738133180633577,-5.73080632060033,-5.604805388179044,-5.582024917703911
60.0,2,1.1725927734555486,-6.863429213800974,-6.6262756827003635,-6.1382774211377376,-5.873939395437632,-5.634902065448856
0.0,2,0.026881054918629504,-0.2,-0.1,0.0,0.1,0.2
5.0,2,0.06878782925168517,-0.8420156656193256,-0.7914787862838608,-0.7799242229006027,-0.6799827795506848,-0.6075233504308349
10.0,2,0.16536714860574353,-1.6654177690267085,-1.5960068304405162,-1.4224220450968679,-1.4052873293885442,-1.3127156356179783
15.0,2,0.34482015236185953,-2.3900758666939734,-2.235686720137272,-2.2683722484659095,-2.113326847264881,-2.0953127317939
20.0,2,0.630897628115743,-3.052775845661921,-3.1173386692251928,-2.924893749058304,-2.939526823949946,-2.769164131245885
25.0,2,0.7043452732667205,-3.9282621895410372,-3.7015653061174016,-3.7507578764870955,-3.5628208607001866,-3.561217791080841
30.0,2,0.4879127137915647,-4.543252382438091,-4.563079211663697,-4.363428968347072,-4.407444265441903,-4.328344000821126
35.0,2,0.20768078841128562,-5.362714626715429,-5.2635077395910255,-5.248385956941621,-5.0939861602081145,-4.937879150041015
40.0,2,0.3530035410622128,-6.043848432305029,-5.931638459679746,-5.945215064226866,-5.8179706533589135,-5.8687258287119315
45.0,2,2.4090631963243676,-6.86326020069908,-6.879650014369445,-6.487317963270713,-6.655588671168165,-6.422506393560477
50.0,2,7.3053536381778805,-7.524479812712141,-7.2414858211682125,-7.711473519349986,-7.19395981315097,-7.337849081471932
55.0,2,13.724165381624218,-8.251734821539753,-8.56483865704652,-7.775974896813875,-8.267456313373318,-7.850168163865109
60.0,2,18.216613934426825,-9.171487129593546,-8.53298926891648,-9.227525493418883,-8.557310923875535,-8.921784841619536
0.0,2,0.113616599511466,-0.2,-0.1,0.0,0.1,0.2
5.0,2,0.13749531945165067,0.4176340120147105,0.43998423688607874,0.3954231489785662,0.4356176952292388,0.46417048869431576
10.0,2,0.26271544863309393,0.6939842075034405,0.7232067356038044,0.916272143126047,0.9505588123433073,1.0216372650292371
15.0,2,0.5374781349621969,1.1950616260578062,1.355359871398866,1.2379119680804547,1.3263330513233687,1.3438222285482484
20.0,2,0.9326159023488435,1.6651345894477139,1.531246984549173,1.7719592631294852,1.7736462042531034,1.8693312858321995
25.0,2,1.12087793632873,1.9715182513440563,2.236914416435835,2.0909143094017444,2.212420469913642,2.252380461919315
30.0,2,0.8990131179483632,2.5539003985659443,2.4308846731685847,2.6621086494256248,2.6371583029088876,2.632925466748425
35.0,2,0.4354366695270341,2.844536603075834,2.993579811892879,2.9560355963653486,3.0488883948402323,3.2267666664460553
40.0,2,0.491713443950933,3.4045410154465303,3.4558266830645565,3.4110980036778065,3.529368904482027,3.421802047752273
45.0,2,2.8597025493452564,3.7071658180498983,3.635548228600153,4.053695719027691,3.879371007870734,4.099685462677584
50.0,2,8.911739459460488,4.227082478479923,4.5923022503475215,3.9896188942361874,4.42879987200134,4.290492322963979
55.0,2,17.525860806714295,4.692521177182907,4.183429221980646,5.1258173137477145,4.692376133263381,4.986981553657133
60.0,2,24.28019520916275,4.903309116467862,5.736978678616443,4.7771019406726545,5.315468617177943,5.101096628699697
0.0,2,0.017360012336741695,-0.2,-0.1,0.0,0.1,0.2
5.0,2,0.051006238998495615,-0.09340746041109199,-0.0077785302168511304,0.015228855958728875,0.10814607829075999,0.16664118534240316
10.0,2,0.19840807855160525,-0.10377956131306867,-0.06464274804255817,0.12008504230353004,0.1547904777973087,0.2712070471826799
15.0,2,0.48437422410935327,-0.055953010774066406,0.11602668764446922,0.051669717853873955,0.21337826476439295,0.24136872740316495
20.0,2,0.8142499834471493,0.0176601514466854,-0.033815959184806774,0.22539930204374672,0.19941871989393356,0.34665830165623723
25.0,2,0.9409288781533285,-0.015796754997648797,0.21416131638800556,0.10701114802228871,0.3078177499692786,0.33095718543784347
30.0,2,0.6484908694637516,0.10423396345756267,0.060245488327799884,0.30071368524675957,0.2808720806334382,0.38691555611819367
35.0,2,0.12949679618240806,0.07332578359636369,0.21656794779043945,0.2305301189032719,0.345174390071137,0.4562126623865079
40.0,2,0.3765182121555013,0.14905420898078836,0.26953957076517326,0.25133620360968034,0.4284368970059355,0.4122741513501114
45.0,2,3.1208378069629767,0.1951937016744181,0.09886228858057394,0.5120618775991558,0.317090677365467,0.5762626154560441
50.0,2,9.632292046291795,0.15431364683978577,0.5856476290271297,0.0753319170661057,0.6309815822680934,0.44202651443850505
55.0,2,18.586934092471765,0.3676203261711402,-0.08049833338532669,0.8207173730116448,0.2648297151316977,0.7044623376743655
60.0,2,24.681762042228495,0.13047278016266065,0.8673937320614566,0.0043017516776780364,0.7895461106473263,0.4742471730183681
0.0,2,0.003553742899039792,-0.2,-0.1,0.0,0.1,0.2
5.0,2,0.010176462198846787,0.5881405347907983,0.6700814101209254,0.7473948991371638,0.8224366842395437,0.9296590383146598
10.0,2,0.030976349443620606,1.3055630910277713,1.3971782459370028,1.5023401096283138,1.626793837413174,1.6835498491999175
15.0,2,0.06981776761600028,2.071901767460858,2.183960472441417,2.2696915627431307,2.305513947771474,2.442069949392396
20.0,2,0.12365173791930334,2.8364041541280383,2.8885112216335274,2.978526822776211,3.1444180136002546,3.1829900542743252
25.0,2,0.14932358850019933,3.5573541870072374,3.692035977140785,3.7836352734161705,3.7991726454768613,3.956364749974364
30.0,2,0.12492789438678176,4.337301930775138,4.39750987348752,4.499892304410326,4.64781129903878,4.6637599919067325
35.0,2,0.06422221041973657,5.071834761558577,5.182169595596546,5.251344536629807,5.322449021555946,5.476190050880652
40.0,2,0.022226607572780707,5.839386156940688,5.9130631110001195,6.031557049299328,6.097662384430694,6.1800318311537
45.0,2,0.17367658690892587,6.561099398740412,6.675073641921501,6.73948759527685,6.914057476474055,6.9296949870148
50.0,2,0.6640552663358955,7.3509067262810674,7.431791943149231,7.556757653033694,7.490779496912319,7.7468898466543665
55.0,2,1.4357520094953045,8.086062605423098,8.147122943721573,8.190290333248859,8.5246257764481,8.38673657379208
60.0,2,2.2028304761482005,8.802705417888465,8.981834073484903,9.129530432237804,8.911554785291976,9.266926090333792
0.0,2,0.2773719676199526,-0.2,-0.1,0.0,0.1,0.2
5.0,2,0.3707011039250588,-1.305143988037922,-1.0981868779644153,-0.8265352723027194,-0.5955005812147869,-0.29468261949739455
10.0,2,0.5390804698384627,-1.8757893721480678,-1.703853983690235,-1.671655053619619,-1.5061503803187473,-1.4826498882577934
15.0,2,0.816491175724826,-2.9402481473624116,-2.77406413688677,-2.394418432840059,-2.2823451928598293,-1.9690721071026378
20.0,2,1.170533672224617,-3.53939495416705,-3.340261671648408,-3.4199738825575134,-3.120797180608401,-3.0597696670876013
25.0,2,1.2189859359635633,-4.528013492996212,-4.423910740184934,-3.998052165611232,-3.9625355018059225,-3.687734794487919
30.0,2,0.8028200754285422,-5.30497191966953,-5.003071940265021,-5.009379523800733,-4.74577458685564,-4.657098063512552
35.0,2,0.27453316779937753,-6.049017356570496,-6.010769798893684,-5.782188131773677,-5.595454317216473,-5.402915768666335
40.0,2,0.7101925546064373,-7.0165447110798675,-6.794014862387649,-6.506344285176403,-6.479510862830584,-6.163979990663433
45.0,2,4.412715185875555,-7.721801733994501,-7.426001815962623,-7.5762911924202765,-7.083916679617904,-7.2724326291599946
50.0,2,12.87619603538456,-8.605726536684132,-8.7282175135334,-7.9635998760971916,-8.318584829916928,-7.5843646339409245
55.0,2,24.036304644172525,-9.383402328470169,-8.799331573294863,-9.5028470407175,-8.579405720848007,-9.055556065859353
60.0,2,31.490339983120197,-10.303737041718584,-10.57738233214664,-9.318662129560597,-10.016578645267373,-9.224231919513935
0.0,2,0.3353781110692941,-0.2,-0.1,0.0,0.1,0.2
5.0,2,0.46858977294565174,-0.4297266777260228,-0.21413624149579197,0.0345640759248498,0.3324675222552454,0.6501351504731823
10.0,2,0.46828210198845016,-0.07404036913198161,0.08267702981258064,0.1841686569983421,0.2516706481810997,0.302131693002894
15.0,2,0.36178140072074844,-0.30760248102115395,-0.062315537950580174,0.2454734146972043,0.5009938978832783,0.7433621946856572
20.0,2,0.44779961234706667,0.11356579269432866,0.20696845324113725,0.22567480841971896,0.3744478259882425,0.572558437382426
25.0,2,0.31753190431573486,-0.1168673762923616,0.10168272024611032,0.43125276724568384,0.6495231662347901,0.8009278697230546
30.0,2,0.24009123221711023,0.10413733484653645,0.36451614850562875,0.46559245696862456,0.5675966881238179,0.7379803481440892
35.0,2,0.4907172490394237,0.2311901365878142,0.250996583387274,0.4464086106882694,0.7385116837631139,0.9460197915936343
40.0,2,0.34304794844619996,0.1420063097467487,0.45633172355365625,0.6487769276000523,0.750023668126005,0.9892920064250575
45.0,2,0.49308553204377803,0.3642447692283019,0.5295689511836877,0.699752951544121,0.8908139632604181,0.875353829666389
50.0,2,1.0009936928708154,0.33372455039641535,0.447825608824658,0.6903036814793517,0.9067720324492937,1.3544124211646211
55.0,2,0.8963160360889513,0.580639199708262,0.8047258732964848,0.7911247237239928,0.9628605789183136,0.9669917480987167
60.0,2,1.634763811275373,0.3045950510428577,0.5181053331063652,1.0589054168028185,1.209818495068177,1.3882216571569495
0.0,2,0.10818217050164193,-0.2,-0.1,0.0,0.1,0.2
5.0,2,0.12975764627145558,-1.5052530950200074,-1.3034909199056537,-1.078826728450327,-0.9031014326275344,-0.7374078835856961
10.0,2,0.13589837862395318,-2.4103086656606907,-2.2943991967092083,-2.244006460516098,-2.1211285007073797,-1.9863172955850659
15.0,2,0.1472678089341138,-3.663223825709048,-3.545119495437477,-3.303182189707102,-3.1234456624179274,-2.9492690054961406
20.0,2,0.23338764689901936,-4.7065242101372435,-4.47366989198857,-4.417569294117549,-4.312138490773626,-4.202418351339916
25.0,2,0.25771975803271197,-5.809305958997543,-5.765548432295466,-5.523304442355452,-5.347572543034749,-5.194668921262878
30.0,2,0.23971224520964024,-6.93500351765613,-6.714580059112072,-6.669886573370108,-6.526642520906915,-6.322367686490069
35.0,2,0.2366091793682411,-8.023928759244248,-7.91353665203915,-7.6918149663896624,-7.552311186263312,-7.5149688531880265
40.0,2,0.15678024191912074,-9.173762734687815,-9.006118685096087,-8.849014567223172,-8.724725154872106,-8.47101933483445
45.0,2,0.3865851542907598,-10.167238219696113,-10.031835743802477,-10.02863928257431,-9.803697363349874,-9.721309926879998
50.0,2,1.1695159394066175,-11.43547993309939,-11.337954860617309,-10.91562681470411,-10.886769651953243,-10.704969335517886
55.0,2,2.2623753162923945,-12.41419553136927,-12.083611587193687,-12.302173925205027,-12.050951372602546,-11.957948239110705
60.0,2,3.56673777666207,-13.530663638647987,-13.721424077729377,-13.17077819248524,-13.0696756743129,-12.844419131894904
0.0,2,0.10245678689100662,-0.2,-0.1,0.0,0.1,0.2
5.0,2,0.19288588340448312,-0.37006931315423264,-0.38513642951927163,-0.4288082738226186,-0.40304242117838013,-0.3422802520193066
10.0,2,0.24143537446596744,-1.0002148606560137,-0.9053466076536252,-0.7245220580760611,-0.6319778634549731,-0.5966119895469426
15.0,2,0.28189997613627393,-1.1992267215276142,-1.0979420032064344,-1.1637951533963593,-1.1843978634382102,-1.1426483275128325
20.0,2,0.5228957330127455,-1.666443969894423,-1.740803221933503,-1.5759036526168526,-1.41369813574272,-1.3204977785877472
25.0,2,0.5536057025424574,-2.035952212521312,-1.842484983365943,-1.912607410248529,-1.9550979921384206,-1.9005408501948375
30.0,2,0.4894116691115362,-2.459093565685751,-2.4777447396538395,-2.2708810345779207,-2.166384993219526,-2.2019158050257817
35.0,2,0.5141531066398107,-2.755291461197959,-2.6975514202548183,-2.7791252099803354,-2.7387877579032387,-2.534600978520211
40.0,2,0.16914142097773519,-3.2167362304386087,-3.1504943296892525,-3.0633919400883687,-2.976249549334389,-3.02782146799973
45.0,2,0.33257890950857066,-3.629338167458628,-3.5748831445908897,-3.380994927523871,-3.4104028018926362,-3.3684111657780935
50.0,2,1.4340684809389053,-3.898700320852574,-3.780056432912277,-4.026236064095496,-3.872059804515416,-3.7163142745621367
55.0,2,2.8177987135800295,-4.354946530214198,-4.554234587109263,-4.109501136259403,-4.084981204872717,-4.1190401281760645
60.0,2,5.169796391982343,-4.845859851832234,-4.30982887266865,-4.670056655578303,-4.707788873922586,-4.618506022323675
0.0,2,0.05738968495831712,-0.2,-0.1,0.0,0.1,0.2
5.0,2,0.026008255616788326,-0.06832915042477293,0.06477649459655858,0.22056054295223024,0.38945189007887376,0.5426798565725517
10.0,2,0.028717523652555203,0.186935006260806,0.35176840114859287,0.46873518118727214,0.5724698996924228,0.7183707792617826
15.0,2,0.08577126975865057,0.45634701114462844,0.538071983403862,0.6914240988124765,0.8431855013211317,0.918390306644207
20.0,2,0.2045908146733852,0.5868795109609948,0.7937494697767086,0.9071836724347754,1.035965856116732,1.2727800258125177
25.0,2,0.3257718587999131,0.9829719518452428,1.0146762075552453,1.1578356610978948,1.2904861882816037,1.2997281600971506
30.0,2,0.39748174170592676,0.9712321920859479,1.23684356751753,1.3856785945637813,1.5240169741704837,1.7770664743148175
35.0,2,0.38521208528945783,1.5034669524547088,1.500253884495874,1.5915497021923897,1.7070960817091678,1.7416108155758458
40.0,2,0.2836154577176104,1.4163823207159365,1.648431013383793,1.8472499943367275,2.0351158703683114,2.245937871398628
45.0,2,0.26448840821581154,1.920482841451593,2.0335180095123753,2.0813063468808135,2.1084633203405216,2.1984861857935587
50.0,2,0.5506895113866708,1.952913197735125,2.020761821157146,2.274150345211883,2.5659018677019287,2.677669105948237
55.0,2,1.2645530260910094,2.3032924343615973,2.5748987298870096,2.538479363163234,2.4807819404278524,2.743083503690084
60.0,2,2.3876372942021815,2.4793170890988305,2.4179115843004086,2.7734075795151205,3.115479202409596,3.00356014998129
0.0,2,0.4456423390387635,-0.2,-0.1,0.0,0.1,0.2
5.0,2,0.44598945516258987,0.3197778787819778,0.5637105901586633,0.8398043798191437,1.1557043210707667,1.4587102433273964
10.0,2,0.37689311536008285,1.4830167957216132,1.6537350889435722,1.7625977083805326,1.8300715829634981,1.9459936503067063
15.0,2,0.2963062554698678,2.0873847704127844,2.3047344600988953,2.607426567071539,2.908841409265839,3.104735032624838
20.0,2,0.3634878565301422,3.1837341254139084,3.3659455980412667,3.435440060384616,3.545984260744236,3.8197256080478135
25.0,2,0.41692014988112214,3.911084260559342,4.060259671901459,4.362174417970579,4.637689177073696,4.717329538284661
30.0,2,0.5085305961195283,4.758174014578367,5.088989441105936,5.226210571200078,5.328458256475728,5.624412195587596
35.0,2,0.6563916218080976,5.823442939768083,5.82085620155598,6.021296910775671,6.294950997194521,6.403404842811378
40.0,2,0.5149177968776713,6.386107687036283,6.751898468041903,6.965063658002645,7.148809017758915,7.449780474423936
45.0,2,0.44171703833906906,7.564637806601454,7.685076527887689,7.848482982781019,7.941685984910645,7.999483416240946
50.0,2,0.7345301407161478,8.155425224159892,8.328208500850655,8.599505907771364,9.000359890275778,9.293574608522142
55.0,2,1.3965858944277145,9.310047106068057,9.568225979620069,9.57975837670811,9.506313509899796,9.750436572441863
60.0,2,3.2519206542895467,9.831771260097032,9.939963796693135,10.449435377793563,10.944196488988474,10.887122034323768
0.0,2,0.11715046056997992,-0.2,-0.1,0.0,0.1,0.2
5.0,2,0.17520002048976538,0.1661407832281752,0.11875606630744882,0.12221065806480581,0.15378565018635273,0.16664346410971312
10.0,2,0.2262364093084473,0.06376865919574654,0.2349138498647953,0.3109851919652127,0.36875574004792505,0.4766498027193277
15.0,2,0.26475968154525337,0.4263401628694129,0.3765606078870758,0.4498235859135689,0.4898934189246341,0.43999209009483065
20.0,2,0.34788382117346367,0.4236224825764342,0.549997104937545,0.5383584055655317,0.6062518889171961,0.7919166055893357
25.0,2,0.28107871767833686,0.6623217510181667,0.6406613898648494,0.7624705127594169,0.8155162794383598,0.7567131764017652
30.0,2,0.14410059690715712,0.7327462933783925,0.8711119591734652,0.8825759650713719,0.8974632004096829,0.9813223133461434
35.0,2,0.11704225376580964,0.9310401576696276,0.9217861186966727,0.9741688135433821,1.0822178464962604,1.1835434168696295
40.0,2,0.14881031454556448,1.1168566734872496,1.1212563818237737,1.194857016881577,1.2127438947177895,1.1745790082617196
45.0,2,0.7088226996818834,1.0464849029062986,1.3095477786004888,1.3239906810739555,1.3574178696688082,1.5103883648190743
50.0,2,1.8957061000493198,1.5904851691294088,1.2938171010098478,1.425352957153027,1.5298284801791031,1.4358825114937586
55.0,2,3.0949510314378825,1.2462405552193698,1.6909454052331492,1.5783979349876354,1.5907970487888399,1.8965218966326591
60.0,2,4.118134922835411,1.859967698831038,1.5493280762363884,1.8467554905922423,1.897004473272998,1.5773837238255095
0.0,2,0.07750994948137661,-0.2,-0.1,0.0,0.1,0.2
5.0,2,0.09479812331827424,-0.6148246052047779,-0.5633034443270497,-0.5382839743752024,-0.535969813646368,-0.5285641877301226
10.0,2,0.09427870835508301,-1.2892436346967748,-1.2340901963068982,-1.1283728894640659,-1.0052045681396182,-0.9049807619596751
15.0,2,0.08971824149640366,-1.7294232512936898,-1.668959167687406,-1.6768848409542982,-1.6659047889244065,-1.6016660269907326
20.0,2,0.13963059164933342,-2.404702234289085,-2.34228160735946,-2.1941753428725814,-2.097929940157005,-2.08469497645587
25.0,2,0.15252587034153894,-2.8711579982383637,-2.784320812819146,-2.8048372407623074,-2.7820852673988212,-2.662328807198855
30.0,2,0.15523762372406608,-3.4410444291819715,-3.455818269386639,-3.3461217318410665,-3.2323111997384193,-3.210380521552934
35.0,2,0.17795242337921488,-4.07020300636687,-3.907411947044401,-3.859446118335842,-3.8554622379406127,-3.774098867296844
40.0,2,0.08563576178884293,-4.513479778082354,-4.522440002787225,-4.471122653451855,-4.383361168917516,-4.357164599029173
45.0,2,0.06778506100977216,-5.157627625433801,-5.106904314595352,-5.020837386124116,-4.933330783965345,-4.80981411743309
50.0,2,0.23835683049849438,-5.670055339506545,-5.5272914294473,-5.532050062924489,-5.543954326143814,-5.536109094813138
55.0,2,0.5092387993921315,-6.268920786594887,-6.316183758328154,-6.111951057136178,-5.963375136375039,-5.9299755396846
60.0,2,1.1633471039488792,-6.73491471715751,-6.566840329562702,-6.737664046888853,-6.766805001189827,-6.565128208603483
0.0,2,0.32222177264433105,-0.2,-0.1,0.0,0.1,0.2
5.0,2,0.39367657000455886,0.22001494213335882,0.45970971685539613,0.7202207444749777,0.9711615944677954,1.280019068254657
10.0,2,0.4454319250391733,1.2435887732995365,1.3712855052805892,1.456236628782327,1.600395743636594,1.6307454813733082
15.0,2,0.47990474836407926,1.6855579390639928,1.9284360373434395,2.23414720180526,2.3947441364847935,2.7104928838610167
20.0,2,0.5267847632248767,2.691997816619009,2.81076743177497,2.8430557621877703,3.093050738013582,3.165632516149358
25.0,2,0.4284597198332545,3.2069742203681626,3.4080046566640982,3.7247283219612206,3.822113597639498,4.093809534297899
30.0,2,0.22571963346957982,4.027317687450789,4.257468724118224,4.352551245642952,4.582723482909784,4.686695256995279
35.0,2,0.13516670920304374,4.815790444709002,4.895055753602357,5.087902781985958,5.280918421686079,5.478215061319792
40.0,2,0.4240945531796167,5.381827549806299,5.651771501416862,5.8958738666757835,5.989739906040622,6.289795705549706
45.0,2,1.8597807677681848,6.315338398969146,6.469206431829158,6.49802924505258,6.852571923000011,6.724988596824463
50.0,2,4.76264045081056,6.825898219345471,6.974484921870718,7.428154852471372,7.316638146777782,7.966084521396115
55.0,2,8.168990102931659,7.831612149278569,8.053416115596098,7.806647704539538,8.413352229210204,8.05735852942307
60.0,2,10.246672358856959,8.190044219168204,8.348698997854974,9.082819649111956,8.754112812715103,9.437837115383308
0.0,2,0.0713845873688206,-0.2,-0.1,0.0,0.1,0.2
5.0,2,0.10999828057769068,1.346870155652892,1.3531149169783634,1.345960802750939,1.379276140070995,1.437033617095581
10.0,2,0.122828913368918,2.5258809897726775,2.6269528498517514,2.772629351599154,2.87117860333947,2.927869470534505
15.0,2,0.12502258240527617,4.0530043777129,4.131137592662733,4.117661381924905,4.1177921832020985,4.167171362143716
20.0,2,0.20964263543937695,5.34327130205825,5.335877156783667,5.463334788053635,5.609199853500878,5.6973394297987126
25.0,2,0.21631032043863338,6.748582033659575,6.889438428804699,6.878983233278948,6.8648207086271835,6.929453758373512
30.0,2,0.2001059049045465,8.085133835546447,8.105058808367392,8.258453148680072,8.363306535790443,8.361581466908483
35.0,2,0.23013616190780833,9.51402306460843,9.582194121905834,9.558501847663708,9.607421458462607,9.773648935201058
40.0,2,0.08567772693189518,10.854546591694232,10.908158095368124,10.998601110105808,11.075258146861339,11.06148111636095
45.0,2,0.08548756879269546,12.176442090300304,12.268371781433569,12.399930429616365,12.428459808483995,12.487096583105068
50.0,2,0.3801207427301092,13.67330797827787,13.733223394123792,13.636303143956784,13.725836814711904,13.853884994417902
55.0,2,0.7399439984427927,14.937852056660649,14.8899532876819,15.15661814112992,15.251503562756035,15.248884909808586
60.0,2,1.5920661233365567,16.312879784938826,16.62911543714916,16.475228671247887,16.415687729435476,16.5141559678146
0.0,2,0.04162528585172305,-0.2,-0.1,0.0,0.1,0.2
5.0,2,0.056915832082517284,0.7528011878188521,0.7936423809343581,0.8504778459559527,0.9344080068779032,0.9484005969506892
10.0,2,0.15873212164834766,1.5493622073626996,1.6545404419939738,1.7286887975397132,1.7350433061203032,1.8918252840588197
15.0,2,0.3458765371055439,2.4273428959875014,2.4597004723057183,2.5352100258804193,2.72682513969249,2.690111521747125
20.0,2,0.5474280430240043,3.3005312817187415,3.4099326069083427,3.469480486641433,3.373910603194717,3.5650650956877676
25.0,2,0.6279883174608207,4.092119462423613,4.13703280150345,4.2324475297408535,4.491431043107859,4.4456192559130345
30.0,2,0.48869635989092314,5.068984557397257,5.143403913424312,5.169056499828627,5.0690030180549766,5.227932122521415
35.0,2,0.23265362341270188,5.74563463704397,5.839635096146383,5.985573322009096,6.167051024285469,6.220216050279363
40.0,2,0.30378842619254287,6.8290107484287175,6.855758559348942,6.816124314170008,6.883002584281237,6.853943942073128
45.0,2,1.4234415511293144,7.425699408851143,7.558227719951105,7.782824863426487,7.711208873861855,8.039609300749156
50.0,2,4.1002496723464645,8.56075431012823,8.550988514728179,8.421197000319305,8.809163817602203,8.455196542599609
55.0,2,7.836715835907279,9.122835256816792,9.30211595849984,9.614993131712211,9.19994075859373,9.837145098292854
60.0,2,10.642523917584843,10.279458060635081,10.211519098604393,10.032827492413674,10.701892008911424,10.131063561888528
0.0,2,0.0019267604320181036,-0.2,-0.1,0.0,0.1,0.2
5.0,2,0.02914699323909862,-0.7636593589840884,-0.6437237191874485,-0.5486128302096035,-0.48070245917162463,-0.3509686214900338
10.0,2,0.1405277035335963,-1.3538313453374717,-1.2677327329392702,-1.1324233359698446,-0.9391917260716276,-0.8821548377673812
15.0,2,0.3341366824294756,-1.8376961949430533,-1.708349153330756,-1.6490281478489561,-1.6763406650920225,-1.491586805913572
20.0,2,0.5477287821148985,-2.508980349319591,-2.426544782424557,-2.258271143593408,-1.9811055630661694,-1.975766117767421
25.0,2,0.6614439861388766,-2.9191497909799566,-2.7897425312838164,-2.756556559742819,-2.841135562347219,-2.6317505008601176
30.0,2,0.5720610406961304,-3.6487060314767064,-3.5614851560607343,-3.373821698288555,-3.086030327335662,-3.0559587210950427
35.0,2,0.32503631602162586,-4.014965397223671,-3.9034724835452366,-3.8892421412718248,-3.9143469876815105,-3.791641913577235
40.0,2,0.23620643486103224,-4.7834470226518695,-4.655300515851121,-4.441051489632479,-4.301359079258326,-4.1201778049484385
45.0,2,0.866736498254598,-5.109306352205667,-5.06292951560359,-5.084202718643746,-4.871660809072524,-4.960903505859444
50.0,2,2.689212136756386,-5.912683091170737,-5.706598188879647,-5.458684238226367,-5.620653716329904,-5.178050655821198
55.0,2,5.503080430533917,-6.226816822434546,-6.255821313290366,-6.288582432081563,-5.761998558968468,-6.131117752695618
60.0,2,8.002693672032377,-7.005321767566522,-6.732711666544344,-6.518746307382668,-6.936406497210935,-6.258817629808885
0.0,2,0.0001579796823021699,-0.2,-0.1,0.0,0.1,0.2
5.0,2,0.02171659737073107,0.8931240583848005,0.9515066090974209,1.043858957316491,1.1525695944437915,1.2531686766603416
10.0,2,0.0513071211284925,1.8768764030164689,2.0362005984384086,2.129515073505361,2.21642125408153,2.3294424627639203
15.0,2,0.09214273317118184,3.0209736958763367,3.0595968637260187,3.188113861274648,3.2848107644245697,3.329188502406962
20.0,2,0.1703838066494231,4.003116339923533,4.15653120398363,4.202562523488573,4.314438337921162,4.5002631782944995
25.0,2,0.18552886057102075,5.144011018352099,5.172957789429541,5.321387962005432,5.410400745498094,5.42238196422907
30.0,2,0.14730777125815314,6.0890445039834855,6.280560357905893,6.356574315773333,6.445478289112731,6.593709908641572
35.0,2,0.10641462597792715,7.28852935560249,7.2985129294857805,7.382998977272077,7.501396258025891,7.5881577509336395
40.0,2,0.027719939105360778,8.233705188682793,8.354748712043683,8.493844266944778,8.586996207584786,8.684528791966924
45.0,2,0.15978294966892395,9.313685721881104,9.499739281446242,9.532475229806003,9.602825007256554,9.69932582273592
50.0,2,0.638019281060331,10.462013632912155,10.371332806309168,10.580428381513329,10.727837966557757,10.800666171736276
55.0,2,1.2917545866468427,11.366707322136497,11.702181344795479,11.615729869510174,11.673630973299149,11.878257345190285
60.0,2,2.0760382672031454,12.584696737204016,12.44057766765465,12.793053284711831,12.909998135315153,12.80240892594888
0.0,2,0.0004237943872115224,-0.2,-0.1,0.0,0.1,0.2
5.0,2,0.04663616240132625,-1.2561441139160525,-1.0987552592518484,-0.9916783499981108,-0.9046059229584913,-0.8239402604350942
10.0,2,0.08202930127464289,-2.194377197677714,-2.16782492232374,-2.045231877252228,-1.929630911827128,-1.8131829040383907
15.0,2,0.11895347169088585,-3.2706452313532446,-3.1076251992692763,-3.07266649526967,-2.9550165274027886,-2.819418266383792
20.0,2,0.2594764882479342,-4.2677458376562765,-4.20644601943946,-3.9940155592221265,-3.9306169981420966,-3.9016712117784045
25.0,2,0.25689891056735065,-5.28836308408182,-5.125951704493208,-5.132266413586524,-4.997977985444339,-4.831060345192091
30.0,2,0.17931036812006082,-6.254757596801412,-6.2530789079185825,-6.08727685000635,-5.975374959430256,-5.880255125200949
35.0,2,0.1738519262021016,-7.3659170205876086,-7.1611247027780855,-7.058953367762931,-7.003601698190359,-6.936270556598169
40.0,2,0.07120643038162028,-8.31455780768725,-8.220403268358773,-8.166490508129783,-8.009036012298077,-7.890503656002858
45.0,2,0.4580204561522742,-9.268990396945497,-9.319049839226176,-9.119389118431684,-9.058701928663192,-8.90998387576989
50.0,2,1.5695604455491345,-10.489590723734977,-10.094787632986652,-10.172839626451083,-10.014685495428756,-9.979335586994589
55.0,2,2.8104125166390785,-11.241629829665072,-11.476491329745102,-11.0613423131259,-11.073506221298501,-10.97339327832113
60.0,2,4.111366670900156,-12.471250312084587,-12.057265110046767,-12.385763163472355,-12.105206225457248,-11.882002067654492
0.0,2,0.4219497771864313,-0.2,-0.1,0.0,0.1,0.2
5.0,2,0.5436680958876889,-1.0674145840604627,-0.7475806940992574,-0.45389300497201435,-0.19227507336411837,0.10860032490135373
10.0,2,0.6335439953436146,-1.1056293232375962,-1.0559734361034183,-0.9623676388644312,-0.8184984532988765,-0.7626572116846695
15.0,2,0.6575736802356353,-1.993162827279878,-1.6729063679059588,-1.4000787324661823,-1.1761705273843703,-0.81537063974711
20.0,2,0.5963653001537019,-2.104660156277876,-2.01358201177688,-1.8836789513672347,-1.7086811417061627,-1.6996498652498173
25.0,2,0.39525992769478324,-2.8591076307122663,-2.590627352898439,-2.344973927872537,-2.1555685150666313,-1.8125377314225957
30.0,2,0.13926475870275432,-3.1243441485556875,-2.9855153471845344,-2.8481244708401827,-2.639045510931783,-2.518348712054739
35.0,2,0.04207901361682086,-3.7016615857909922,-3.503144022484044,-3.2644861500028806,-3.078708788375473,-2.9199406745080156
40.0,2,0.33808490322651985,-4.210381879387025,-3.9397349904138497,-3.763411292415308,-3.617417276761511,-3.2895588137781657
45.0,2,1.3448247684833536,-4.453632614513514,-4.446647204546241,-4.289393370193229,-3.9695011539635447,-4.0138929411338005
50.0,2,3.0267610691622293,-5.337538260366765,-4.880455206673811,-4.606994246343182,-4.621338792115604,-4.079303810445435
55.0,2,4.724597849754941,-5.269690875440367,-5.363105191876728,-5.279815792353986,-4.841935982946016,-5.123645504922123
60.0,2,5.51082646394887,-6.324083685659254,-5.877837856387492,-5.564353954523998,-5.605287085919442,-4.859193796643414
0.0,2,0.00029637267657316174,-0.2,-0.1,0.0,0.1,0.2
5.0,2,0.014657957932195036,0.9445822694837244,1.0258568231191585,1.138751327137305,1.254979857456616,1.3780350463095479
10.0,2,0.032842955387024274,2.095687629022621,2.229255333228919,2.3002476202142996,2.3895365066800958,2.4696835578667833
15.0,2,0.058330120268382774,3.219754043197208,3.2989557096516307,3.4654423773899072,3.5675711196408084,3.674892720639468
20.0,2,0.11108925785200778,4.424740182580509,4.541877885501252,4.552773028621788,4.667655312648637,4.781774884673192
25.0,2,0.1205279999937455,5.5035055243386815,5.582119662445782,5.779372976438216,5.874701365161418,5.971327089147704
30.0,2,0.09275065209242728,6.703494545215415,6.849389070386731,6.881904082187258,6.967461008450937,7.050983234797889
35.0,2,0.06953271969409412,7.8246046851769195,7.886327930145946,8.018845046438978,8.165345753492616,8.300313849290218
40.0,2,0.049997831020623815,9.010639406426549,9.102086477356368,9.216117567921142,9.258181125769497,9.350618010577467
45.0,2,0.24748744359906846,10.066509375733803,10.26810092579393,10.31099049864835,10.48445437773393,10.549792733647253
50.0,2,0.7738309557135604,11.368466775919062,11.293312018955227,11.525616575489673,11.53282004885232,11.70183781584728
55.0,2,1.4347124683311498,12.348583469831818,12.660111580209929,12.540065921972879,12.780962978186508,12.83453460836884
60.0,2,1.9968050187454267,13.624386675776265,13.52711746389103,13.930126269155364,13.860755333265958,13.964078139987643
0.0,2,0.0001919743853939222,-0.2,-0.1,0.0,0.1,0.2
5.0,2,0.05840659913666564,-0.09303869254204224,-0.036862727251200454,0.08618591718254094,0.1592287844786135,0.29813001940063627
10.0,2,0.2521728231913598,-0.05474845471774162,0.11172968646232283,0.1354128344050344,0.3038169221852331,0.33107561420223935
15.0,2,0.6125497899669625,0.06437379857505551,0.0881664472753354,0.3261621350096108,0.2920063389995682,0.47022118394605195
20.0,2,1.049910880947145,0.13463372037597757,0.30819086155407677,0.21227820167530015,0.4932096274890616,0.5062607939797402
25.0,2,1.1840940747740971,0.22188484519407248,0.23179469791155302,0.5325370456505135,0.4415903910596591,0.6404095265268954
30.0,2,0.7757785990551922,0.28100947989233627,0.4762740148214078,0.42531013626806996,0.656759154108535,0.6425070225208405
35.0,2,0.1352924835741563,0.400555095119841,0.4402854841885954,0.5759171020554745,0.6530287946691536,0.8257166328465667
40.0,2,0.4971944613846499,0.488977411531946,0.524584473204754,0.7437447693938242,0.7037277658044341,0.848111990213112
45.0,2,4.2420556738030895,0.45631064025783064,0.8011273671285822,0.5726215049759069,1.0137026428489166,0.8790275562053584
50.0,2,13.003869286977034,0.7810081182906763,0.4509295691759329,1.12530241500734,0.6315927317594621,1.1476001784517094
55.0,2,24.77717185642841,0.5493684332646978,1.1878666425288364,0.45531464282046086,1.397719142579769,0.9598074527598975
60.0,2,32.58313424117972,0.9386999551505545,0.477333950145924,1.5640733739313695,0.6618590016468807,1.3217533343475474
0.0,2,0.054061560519840714,-0.2,-0.1,0.0,0.1,0.2
5.0,2,0.168299692304357,0.37137325563941803,0.33632720722204484,0.3530779593452971,0.4288403479875806,0.4755886673590891
10.0,2,0.26621368282449787,0.5281258741097052,0.7227292263022538,0.8267064063360473,0.8659104831830512,0.9869428851758013
15.0,2,0.3502997384562459,1.1374122374829625,1.1066733802246518,1.1831492866265985,1.2678146267828831,1.2005727815432037
20.0,2,0.581266338914162,1.3815629476009221,1.511085121206899,1.5266620525076058,1.5873149864210716,1.854204642477267
25.0,2,0.5242243224445048,1.8876093920014612,1.879452336435933,1.9959680150719283,2.088994516186123,1.974012928071793
30.0,2,0.32811719747764473,2.13764198836617,2.3285562155280073,2.39097154726586,2.3927560149243736,2.5413188592363016
35.0,2,0.2888785367012774,2.7051525768975555,2.646148229492889,2.6774524451398394,2.8160615441022836,2.9116372672416353
40.0,2,0.09804398046801205,2.9955640101946113,3.0784486594363156,3.1768347521141678,3.242513896328722,3.2282981823538908
45.0,2,0.6920237030490304,3.2931074365043047,3.5331794274556474,3.6020299322471008,3.545391679887657,3.7131584618865348
50.0,2,2.35767102087117,3.9985996599948055,3.743604066574596,3.8104175572075403,4.106323634793422,3.993129456964327
55.0,2,4.080022188625595,3.9836346277493258,4.398347008674029,4.393059185379137,4.204034728059609,4.638206263226118
60.0,2,6.1200192816715395,4.737536807106688,4.51297892024212,4.751377107511198,5.041904925266311,4.538691490515364
0.0,2,0.2670188136470259,-0.2,-0.1,0.0,0.1,0.2
5.0,2,0.25404837632758237,0.5792208755345437,0.8352366505069884,1.038247784240769,1.2895029794548198,1.5428147823274818
10.0,2,0.2654921296102264,1.8834852923418122,1.9555137760949395,2.1452162615582577,2.2408559562443027,2.344974857889912
15.0,2,0.3115789435348398,2.7263060619196304,3.0230233262200876,3.137060827087996,3.379157271709695,3.589521729256417
20.0,2,0.37082151503085997,3.95254689524861,3.9943224983785153,4.262751983826288,4.378105453414841,4.552365457390141
25.0,2,0.3568303979205132,4.917151239371086,5.192885870961635,5.243835701407257,5.463931909473909,5.607310639108984
30.0,2,0.24777718090394033,5.949087249963053,6.0895647187882425,6.3886092380203925,6.532361817000695,6.750515408615081
35.0,2,0.19003812728423947,7.173085631838639,7.281509042605263,7.36875646022277,7.528898642680361,7.642911727104916
40.0,2,0.5607512726986613,7.9258269447230285,8.270908173967204,8.432519953984405,8.698677895396893,8.952251608444978
45.0,2,1.9697912599931788,9.404177787780116,9.291137354232138,9.619508332700788,9.587538964239641,9.662845209628255
50.0,2,4.711141564302896,9.934856392227188,10.51931272617528,10.382100775275719,10.877870939377406,11.136089887589913
55.0,2,8.027002508514721,11.620089352254814,11.260602104685962,11.865039209791098,11.624035421311872,11.765487704666164
60.0,2,9.896380122212422,11.973694874185089,12.74277814973833,12.437598601373807,13.064988975550328,13.201216263926751
0.0,2,0.003764837088491284,-0.2,-0.1,0.0,0.1,0.2
5.0,2,0.0381577273684911,-1.270889329128726,-1.2226326860353423,-1.1627810032804973,-1.0596634140170416,-0.9600705165300593
10.0,2,0.04813399398236687,-2.5071238192992555,-2.368388638249573,-2.2408793413709778,-2.1659612761530767,-2.0697208229104533
15.0,2,0.04037411042513619,-3.553401409793665,-3.4788635721181818,-3.4072928047294924,-3.3146577103826056,-3.2738953499510783
20.0,2,0.10568705606355062,-4.738358328485846,-4.6603051669125835,-4.5652655614119855,-4.4607453847974865,-4.27947335435883
25.0,2,0.08306877058635372,-5.836337776566473,-5.7415662732142625,-5.661715571931134,-5.57571426951115,-5.564850853735357
30.0,2,0.051710832587807,-7.047325193645292,-6.914736738006202,-6.784792238871763,-6.7124201273920985,-6.596947396034754
35.0,2,0.11186205062657238,-8.058492331634719,-8.036390467638144,-7.996854166816762,-7.880484859086577,-7.7600368177655685
40.0,2,0.042582927725594716,-9.306609064406269,-9.178369427521952,-9.064044376928525,-8.957408088900843,-8.901864634175817
45.0,2,0.13189471938679614,-10.416291223962935,-10.28942354221076,-10.16280969610839,-10.16018523700964,-10.055622841633282
50.0,2,0.42430618816058346,-11.480375945460633,-11.46559117549814,-11.451201698742722,-11.213541284237545,-11.149659385977603
55.0,2,0.5334911618740169,-12.706533463726714,-12.574573547280766,-12.413779253936186,-12.473967280989063,-12.267552892975472
60.0,2,0.8216303587308265,-13.813026198295795,-13.690878228889936,-13.63103729236169,-13.422542021154392,-13.554959647198077
0.0,2,0.11452627168531146,-0.2,-0.1,0.0,0.1,0.2
5.0,2,0.19677548032404318,-0.22759914511403415,-0.11745444986341806,0.06667014519713599,0.3171217953107149,0.5147739218221674
10.0,2,0.34781273438910976,-0.05952078852291659,0.17471791995309244,0.2669367434299071,0.28373728774299495,0.441153372102064
15.0,2,0.6380177147860164,0.01626014389415796,0.07903358492132556,0.33426150743972144,0.6064158529759698,0.6245657128265515
20.0,2,1.2488590092178657,0.16688962006580937,0.3990045209210921,0.39624183452700085,0.43205889603399944,0.8198541978624159
25.0,2,1.531505364255397,0.2857749600183029,0.2957679712490381,0.5838655186487883,0.857545793007893,0.7446070938389067
30.0,2,1.4241830547536383,0.25720489439562944,0.6307429638294236,0.7022554899426584,0.6988943009795279,1.0319759549683318
35.0,2,1.0842908788411743,0.6417223500939564,0.5382342217355195,0.6938402633263245,0.969109708150938,1.0316793281614614
40.0,2,0.24400330498681821,0.4650137430025029,0.7482205930323148,0.9189647912798153,1.0613005335773142,1.2345984779288544
45.0,2,0.5865237265843528,0.7204318578369913,0.9590688334218544,1.072404621654116,1.028296057262291,1.2014090359981422
50.0,2,3.42357430442042,0.8772703236043773,0.7236415456119152,0.9664353733223601,1.495078530196191,1.47269690079107
55.0,2,8.388411694100736,0.8498883821533437,1.4010269748310096,1.3074797657809876,0.9631848356176452,1.5670549824953566
60.0,2,15.597203797479061,1.069115118417963,0.7828793079847227,1.3501374312452687,2.0326107403666493,1.4074046102161555
0.0,2,0.12075300561753749,-0.2,-0.1,0.0,0.1,0.2
5.0,2,0.20940611109794044,-0.5773285299847108,-0.6435525361695954,-0.6157518722310541,-0.5935768090246824,-0.583834142027526
10.0,2,0.3872531519731819,-1.4394984158354827,-1.2270772407776493,-1.207077421357293,-1.131409614614692,-1.023025086290016
15.0,2,0.646835996849279,-1.8022882346270173,-1.9216696966227356,-1.7639702913681943,-1.7531690929381467,-1.8010343527566062
20.0,2,0.9481762116986164,-2.588277728667807,-2.3723801358973597,-2.4935037258596733,-2.3902591162737723,-2.211754851051619
25.0,2,0.9551538323509485,-3.0579939362228297,-3.176346752718098,-2.9371111762166637,-2.9224022866723205,-2.976365295357912
30.0,2,0.6112182316621687,-3.767355600889985,-3.5516158811454233,-3.6438463153724077,-3.6030088921679737,-3.5184366470496418
35.0,2,0.20881863102073167,-4.3094477492314915,-4.352781584167966,-4.248848797890906,-4.137289810116434,-4.049939284656227
40.0,2,0.2959265888662227,-4.842895538322832,-4.8777308436828,-4.765263229726758,-4.807740188732927,-4.818721315035256
45.0,2,2.2377506233857676,-5.739677167602736,-5.342131230223194,-5.495984573215807,-5.327554885459958,-5.221047148436375
50.0,2,6.808964611265657,-5.80535944354368,-6.3519232605578235,-5.90848027895505,-6.023472156318111,-6.051203755000873
55.0,2,12.833133976963046,-7.103484805045191,-6.298800597826691,-6.855552310153851,-6.557757460713317,-6.338887610073963
60.0,2,17.480383662535182,-6.975566061781404,-7.722084482766529,-6.905974580575396,-7.166303542740958,-7.398598005386238
0.0,2,0.4457186595930537,-0.2,-0.1,0.0,0.1,0.2
5.0,2,0.6768455932517228,0.3870862391170425,0.625049778103364,0.8805204349084209,1.2037236298755338,1.5768500444530837
10.0,2,0.6969805920367795,1.6433097510317618,1.7875486191629613,1.9171079924446535,1.9967131611386193,2.001780729136892
15.0,2,0.5298543189428995,2.2086649736180908,2.5242653553511554,2.830655646575176,3.0744358980143303,3.3816685058135763
20.0,2,0.6719940457246817,3.5792839016351174,3.600849269780152,3.6436740285836207,3.8509272431890818,4.018186062641734
25.0,2,0.37420610575383706,4.1167230521632305,4.426180652499716,4.74789577561804,4.930895488212633,5.144455663793581
30.0,2,0.1491955130530537,5.250172870094146,5.483717144893995,5.633668918656198,5.776759741850137,5.8950620832502265
35.0,2,0.5824377373210097,6.244781423433188,6.2716710533206035,6.439919135628276,6.740129528077105,7.016109744742995
40.0,2,0.4888653956211329,6.966964347315986,7.324966815442225,7.544194214541325,7.647984652481665,7.901730981878341
45.0,2,1.1377455204478701,8.108070702486671,8.23943425685723,8.454218339268483,8.677900779780602,8.579447059723956
50.0,2,2.4661436093117963,8.86582689868956,9.078615292641288,9.262036886195961,9.443961689849733,10.081860497197766
55.0,2,2.3544413162938507,10.101264799817958,10.170962412661469,10.253550187110505,10.537754364876438,10.341999626565206
60.0,2,2.9705936124473125,10.462950842270544,10.942326064360339,11.418937266102672,11.427339698644214,11.827207646111214
0.0,2,0.1502662129634713,-0.2,-0.1,0.0,0.1,0.2
5.0,2,0.20895553660220928,-0.35814200355699827,-0.12015663952178998,0.08760123585004279,0.3099752734101107,0.5141351400775769
10.0,2,0.26210602178081543,0.010172353535300965,0.06550027099324603,0.18186904828441175,0.25023808860658586,0.35904625109834387
15.0,2,0.30241649621760586,-0.19014739915574974,0.0635550846744418,0.23209272377118623,0.4970033808978733,0.6977352285890805
20.0,2,0.3208763080314116,0.16124628685136028,0.22759957729461036,0.39137966782252603,0.41868049091492937,0.534746002152351
25.0,2,0.2754847475677772,0.018539610387848085,0.24965524701531505,0.3894648330941414,0.6698739769498256,0.8395313638475941
30.0,2,0.16809960698713805,0.2927617367686708,0.390613722791051,0.5436154374634675,0.5994131347646166,0.7740740057658709
35.0,2,0.07683416510793992,0.2528390322471281,0.4198600098900206,0.6118803248765756,0.8189492537150854,0.9303624230838182
40.0,2,0.1690112070904683,0.3673212452080476,0.5923449086622947,0.6625733600679653,0.8267581296000162,1.0183064065332428
45.0,2,0.7464167817157138,0.5617735033426395,0.5394664233955225,0.8378308681184518,0.9047474991367926,1.0568987623370778
50.0,2,1.9669432110747085,0.39991317610693017,0.8275359178253394,0.7672631451644192,1.1101996633945805,1.2292181600981447
55.0,2,3.496449590851897,0.8396348048138735,0.6711999189115818,1.1115187336335635,0.9658780043377734,1.1793116071515577
60.0,2,4.449752549380616,0.5239607914882444,0.9957182850134183,0.835075255267645,1.3791663813282435,1.4670353620097545
0.0,2,0.4149455079204804,-0.2,-0.1,0.0,0.1,0.2
5.0,2,0.45564782606509513,-1.4532058838966,-1.1817325080115464,-0.9237849945041923,-0.6717728700418496,-0.3329843518275141
10.0,2,0.5307511079405669,-2.0681577215857074,-1.963138087784118,-1.8273022005373518,-1.640316451766797,-1.6280467548894064
15.0,2,0.6331431132314822,-3.2478615415833167,-2.948479166412227,-2.6980548401705122,-2.580229075891985,-2.2158172007870314
20.0,2,0.7437245001750082,-3.9312635774529885,-3.8550480221215664,-3.724313080258214,-3.3918919535377587,-3.351405799756194
25.0,2,0.6441114019205008,-4.985437993673258,-4.721892842811081,-4.494548796343814,-4.469349185651063,-4.146174222929235
30.0,2,0.36781572340005636,-5.911206612519846,-5.706288000515314,-5.500998710935584,-5.174817630260681,-5.087572695458798
35.0,2,0.23363341810472604,-6.629574567096944,-6.536201434334687,-6.414116668626986,-6.2867216862680255,-6.077749901645284
40.0,2,0.7144771256360309,-7.878750276821511,-7.5506549097498,-7.250452088872926,-7.089507002525255,-6.7384805882841405
45.0,2,2.7867829052484763,-8.377963702589065,-8.326332954899584,-8.278974775983079,-7.939135275823188,-8.148918765240323
50.0,2,6.789856576707831,-9.756427351413077,-9.410386826011923,-9.017341367872897,-9.131262161648321,-8.319388375870876
55.0,2,11.430439934403688,-10.120164743669324,-10.1430517830102,-10.243277973237209,-9.570154528258328,-10.121637662923654
60.0,2,14.237139811617162,-11.687183411173814,-11.21548985547642,-10.657301661670543,-11.070652455902355,-10.131139915157227
0.0,2,0.12063323788871977,-0.2,-0.1,0.0,0.1,0.2
5.0,2,0.18140767924277448,-1.1002552318783625,-0.856861418164621,-0.6469612735830969,-0.4550423245108483,-0.3158554458283806
10.0,2,0.19735423227770355,-1.5307876750347589,-1.4743088294432762,-1.3646522018018146,-1.2821046350959444,-1.098098046554837
15.0,2,0.20459209229274458,-2.3881325416370385,-2.2024496546855956,-2.0686531060244056,-1.7990500875250444,-1.6666416920238611
20.0,2,0.3998670378067209,-2.9898307508792676,-2.818393049207604,-2.6041412187627055,-2.620058566239328,-2.4674791907723286
25.0,2,0.39218740897671295,-3.66424173849128,-3.542405969387087,-3.4599418556778923,-3.1556839936626204,-3.0526049126076895
30.0,2,0.30114224766755093,-4.339397839405064,-4.203197890883077,-4.037344425508806,-3.97349578059872,-3.696418227396235
35.0,2,0.363646335517668,-5.0312714242919885,-4.860826494911163,-4.668178460371405,-4.52512739752774,-4.539426080654978
40.0,2,0.2939531947889763,-5.753897772681246,-5.539739416098491,-5.466944748461491,-5.234576134577773,-5.004647479903664
45.0,2,1.1019294957376171,-6.214956508868039,-6.277662305163447,-6.033567914042828,-6.044957810049286,-5.803636707564354
50.0,2,3.210395959072536,-7.267312618855169,-6.814343441645885,-6.815769811227998,-6.379108573463252,-6.473222494460977
55.0,2,5.555321797168635,-7.538498257794229,-7.648683995080632,-7.2397961071562165,-7.567181588656441,-7.130572684931156
60.0,2,7.780573470699693,-8.49117744509194,-8.222048006769858,-8.42391757370193,-7.6275137482117294,-7.735051553808575
0.0,2,0.016520624509100922,-0.2,-0.1,0.0,0.1,0.2
5.0,2,0.16360173587262586,-0.2140843931594659,-0.23101450349341035,-0.1751651177338336,-0.08724013855160923,0.04580915597341643
10.0,2,0.22760649951286605,-0.5085083538897222,-0.30792330849201194,-0.23955780230489976,-0.14405145816704235,-0.12334907107613284
15.0,2,0.2568142456854462,-0.536975290809452,-0.5200398152920068,-0.3383433090573494,-0.33626424527638216,-0.253462330459519
20.0,2,0.6565693227008457,-0.660932029494215,-0.5696622965674536,-0.6631904354117939,-0.4441608187448253,-0.3088344076413338
25.0,2,0.5897006633516185,-0.851719052240163,-0.8006665170328179,-0.5443665812363347,-0.5864982246080125,-0.5252246097071968
30.0,2,0.3577612398526039,-0.9889250217303795,-0.7973192189370838,-0.8063227766446714,-0.6879335176453409,-0.6896694468319156
35.0,2,0.5022044031125502,-1.032190401921674,-1.0771927917770514,-1.0121428637132361,-0.8662744207935903,-0.6440645005487017
40.0,2,0.3345543438475983,-1.2064441342347456,-1.1408099597296533,-0.9650764458737253,-1.0062370083682899,-0.9749924275126876
45.0,2,1.8290334995160054,-1.5118922142753646,-1.1583492742794175,-1.237212500388479,-0.9933647811687014,-1.0544362025720018
50.0,2,5.630034136493901,-1.2380044344794243,-1.6257654167844222,-1.2523514183214155,-1.4303808048380269,-1.070447895225493
55.0,2,9.374714230619844,-1.8311479874165073,-1.2653255915659258,-1.6925438138021773,-1.1651975786491633,-1.3244299951798943
60.0,2,12.750470825614736,-1.6532357746230606,-1.9373405815334288,-1.1520681427061001,-1.6882241741827735,-1.5094712905331642
0.0,2,0.025399082800293044,-0.2,-0.1,0.0,0.1,0.2
5.0,2,0.07420611825349256,-1.0505874033793197,-0.8737260188011524,-0.7577377261153739,-0.5814336681420279,-0.4660967995300301
10.0,2,0.2564622198989975,-1.6711024779359949,-1.6293702841126922,-1.4544917463464477,-1.4315676470946677,-1.272631076446002
15.0,2,0.5991818660376274,-2.5441387240171616,-2.3258468780539294,-2.3113227576657054,-2.03527075950748,-1.9721657286594596
20.0,2,0.9885917270894311,-3.1765317398483215,-3.156653701504489,-2.880123747576126,-2.9536981874667836,-2.7513190874759643
25.0,2,1.1170556815692687,-4.019642977433854,-3.7932321528531436,-3.8365124383722615,-3.5109152594600945,-3.4876052517202902
30.0,2,0.7343397476076952,-4.684459672598143,-4.649118208852181,-4.400688679486004,-4.434763944466057,-4.2084591904051685
35.0,2,0.10614063255500708,-5.478746261848382,-5.3283646379932135,-5.234119654370703,-5.0611343397080635,-5.004706417855151
40.0,2,0.4793430950994784,-6.248862455965324,-6.035489259788962,-6.038592384972363,-5.8012723088732985,-5.712436518143599
45.0,2,4.0242762891128185,-6.855540261290076,-6.98885382112826,-6.5353388230619585,-6.747734336481232,-6.438767301750057
50.0,2,12.278172826240397,-7.868328679694383,-7.3213319023529735,-7.769220263464178,-7.053269082160882,-7.283666232007161
55.0,2,23.45726844549766,-8.250912307895094,-8.67451324154569,-7.756204787295956,-8.475900351708608,-7.867867087202485
60.0,2,30.811235181767454,-9.398734135593527,-8.693519813412777,-9.48892011856125,-8.37465299863785,-8.799152325410844
0.0,2,0.01980783243971947,-0.2,-0.1,0.0,0.1,0.2
5.0,2,0.09520903467222212,-0.38295038103595136,-0.331754279864187,-0.3060087035525193,-0.22264822719050442,-0.20433251328172994
10.0,2,0.2901027895803828,-0.8285280614349534,-0.7159550393487905,-0.5426630987142291,-0.49922433157232865,-0.3090176787794782
15.0,2,0.6052756088808666,-0.9234586348251482,-0.8738700331815743,-0.9250370132169078,-0.7715478056239345,-0.8491688279270804
20.0,2,0.9288026958484923,-1.4331186206502082,-1.3270830068724528,-1.0860178303915213,-1.1087058144745163,-0.8358511473108149
25.0,2,1.033124592345604,-1.489804433134518,-1.4333525412425512,-1.5251526404946996,-1.3346800948234359,-1.45548081492914
30.0,2,0.7313935309904851,-2.0129540406418616,-1.9045280029193978,-1.673152369897877,-1.6722902216172377,-1.4232399944727934
35.0,2,0.21521289694159224,-2.0801509227308985,-2.0433629484657514,-2.050104750184274,-1.9761134488154541,-1.9841266642776274
40.0,2,0.38846007580072583,-2.5686067865556708,-2.418004839630475,-2.365742624010537,-2.132675728498718,-2.0965228607034017
45.0,2,2.754744733792339,-2.6931943425901927,-2.723009356471789,-2.4558558676114757,-2.72888304732907,-2.4283043303210534
50.0,2,8.391168445396602,-3.1063839818628667,-2.869697665327081,-3.158129561919256,-2.500683692036063,-2.84204614810313
55.0,2,16.1395067901469,-3.3196080632231744,-3.4356389492658144,-2.823536297811348,-3.517387259137059,-2.8284645847359453
60.0,2,21.42238377543199,-3.627246037178139,-3.344680393954459,-3.885982507328006,-2.934290657518241,-3.5801296631193966
0.0,2,0.024520471548632943,-0.2,-0.1,0.0,0.1,0.2
5.0,2,0.1681483434786087,0.5012558580480971,0.594363161251869,0.7136218756801292,0.7497023003165104,0.7287651758267762
10.0,2,0.234409244559326,1.161058898371559,1.251274922218604,1.2578595757300137,1.356480045772952,1.54874330015362
15.0,2,0.25456199866948886,1.8632230500926323,1.8320279354547053,1.9676192858645098,2.0894927773545136,2.1107620646037497
20.0,2,0.612307812860997,2.388135789015212,2.6575147812713085,2.69301655045535,2.668385847852216,2.743780515899401
25.0,2,0.5426678323008776,3.1875917590695457,3.0974670052163846,3.2455392422119913,3.4233450818082063,3.4845987673107044
30.0,2,0.36940307795275573,3.8296317715490753,3.9488784203201193,3.898771421291542,3.936019470665954,4.1129491429135205
35.0,2,0.5589240033606492,4.3249927666888714,4.4863993537337965,4.706328916577472,4.775275466488214,4.7209620943751816
40.0,2,0.2062375758893839,5.227001313709223,5.190194626532827,5.215417383028287,5.284388916016088,5.384664729700478
45.0,2,0.743997728276095,5.694014063662628,5.859873806099464,5.825779574503736,5.9731831768634756,6.236524718980893
50.0,2,2.495434162903293,6.482912768082717,6.419500362011506,6.746165645013082,6.741933416039199,6.4865715200869944
55.0,2,3.7387084068485823,6.908205260290681,7.335149043503295,7.131606812646047,7.199503177528473,7.590327788388344
60.0,2,5.922317978821862,8.047561344493868,7.529129763839618,7.846264043702426,8.073973759596672,7.955571541847472
0.0,2,0.23843208451167605,-0.2,-0.1,0.0,0.1,0.2
5.0,2,0.45330168150777883,-0.47389831267343346,-0.32838640946016406,-0.1053920055232873,0.1775716526115455,0.48742940948282176
10.0,2,0.48279923988404205,-0.35626850647479513,-0.13420805643599268,-0.05344799627788051,0.009480199439792834,0.04909302862384717
15.0,2,0.4074722746129685,-0.6053235211593821,-0.4412658101529888,-0.0980352177830234,0.11183095476200502,0.3047665976458384
20.0,2,0.8635747817643245,-0.3821572613295526,-0.24695942442771895,-0.3243631762734434,-0.13422801241528687,0.11700521219596294
25.0,2,0.7759395295345826,-0.674901113659253,-0.5350369124885794,-0.13397255698394767,0.02333180715796087,0.10720044816127136
30.0,2,0.6193016445223548,-0.6614214421018239,-0.3224479134944022,-0.2811074123699544,-0.1779535558386323,-0.013123669570229306
35.0,2,0.9973248567759101,-0.5518588262336017,-0.6256698552309289,-0.4499099651924409,-0.1477897154787174,0.07649870319817881
40.0,2,0.45537703193689033,-0.8265747276050782,-0.5316955511617312,-0.29677392568900335,-0.2483595736581663,-0.03800154638597316
45.0,2,1.0899353065712325,-0.7874567493075498,-0.4851394865939204,-0.43369515476559,-0.2088657335354592,-0.26892386585988265
50.0,2,3.5094189704043743,-0.7435597654346081,-0.9178562635539135,-0.502407814326575,-0.3744732208748318,0.11154040856505919
55.0,2,5.358180158961548,-0.8858382996112945,-0.3491541673142107,-0.6745635568536219,-0.3750417956078495,-0.3848345018003389
60.0,2,8.830186215093814,-1.037858328286992,-1.1475318703666704,-0.2259592124321447,-0.29038988764010243,-0.2103686880238541
0.0,2,0.04471955633845137,-0.2,-0.1,0.0,0.1,0.2
5.0,2,0.07494225608638083,0.15184628784782142,0.19601892446936361,0.254743555224212,0.3252712033434953,0.32329514028826106
10.0,2,0.1780165471486128,0.3291732160162889,0.43458603678770985,0.5067946817141533,0.5291139704077066,0.7026823174204428
15.0,2,0.35218673793628125,0.6395687089699571,0.6518759225643366,0.7180486839884334,0.8948987881397996,0.8491332298569171
20.0,2,0.5484757851895017,0.8383290475698716,0.9812923792132582,1.0564684001546285,0.9700199559667377,1.158590661788107
25.0,2,0.6000690263047868,1.1079378189735156,1.1191971387059276,1.197728685501634,1.440784904010435,1.3902270086742496
30.0,2,0.43487481524895516,1.4064337743574133,1.493656209627712,1.5257710184466187,1.450771074992251,1.6304185896149064
35.0,2,0.1816459792487746,1.5270427320507396,1.6231792951501525,1.763910409305901,1.9127791034123947,1.9313142382928024
40.0,2,0.2178602513759828,1.9648846993712024,1.9880222819901245,1.9633784891778607,2.0501461976856055,2.0429692211602926
45.0,2,1.2967074022475402,2.0056564815677462,2.1280814963709322,2.3132112477424496,2.2416671327824376,2.5719596420945137
50.0,2,3.9110271492752076,2.478639509833002,2.4746258880573206,2.3976295148971754,2.766885599311647,2.393970599631966
55.0,2,7.513564855690488,2.4652848808988947,2.6671371603858844,2.929203179034908,2.529890169963364,3.1714108326211043
60.0,2,10.340172017704468,3.0432418061734006,2.910300992772688,2.762748006641247,3.4251994704219704,2.872611058067888
0.0,2,0.44013541714313287,-0.2,-0.1,0.0,0.1,0.2
5.0,2,0.38623200954805575,0.3027001788156629,0.5817559052583788,0.8467971559481015,1.1272895467395048,1.4262322222431612
10.0,2,0.2852642741713276,1.466587467912302,1.5810556415065404,1.7245024667929387,1.850085924900036,1.9473185168978049
15.0,2,0.15933850775905298,2.072882099444807,2.3425075099258468,2.5711001094860224,2.8045049100879864,3.063330398069726
20.0,2,0.05712239900295715,3.1082724744042354,3.2424974675024814,3.4174869661144402,3.6001036322964723,3.7707394957015934
25.0,2,0.005897668776989449,3.8920152921472715,4.101439325825253,4.291370866100307,4.479292681515589,4.659756879435653
30.0,2,0.07223498140963418,4.680254272814188,4.9268498453692535,5.150733759707336,5.356418431629818,5.594393744508292
35.0,2,0.30692860317241116,5.761051048475814,5.832707834414292,5.980013316549805,6.155088636673891,6.264564226919887
40.0,2,0.6609609964555954,6.2621426978389225,6.625681279499377,6.863049192117001,7.094739423692633,7.432587478890567
45.0,2,1.0754506179914711,7.56531289983963,7.56499001668368,7.730702637223191,7.857892170717079,7.844077356579754
50.0,2,1.386302117064024,7.9155114171073455,8.321278109910407,8.536155839089103,8.820814998838708,9.25398972510254
55.0,2,1.3768999872164915,9.329031760007684,9.293451972144736,9.448710086046756,9.540576792392049,9.52075448846172
60.0,2,1.0853137368418777,9.600090958009089,10.015621657488488,10.286547816557697,10.59068703389795,10.924352642104523
0.0,2,0.0005529915321608043,-0.2,-0.1,0.0,0.1,0.2
5.0,2,0.21528309940685442,-1.1901716568410237,-1.156967449341168,-1.133221032087122,-0.9591670874518261,-0.8190404259587211
10.0,2,0.34334038866305916,-2.3440913540290427,-2.2032951221312977,-2.00287700693397,-2.0273634748248983,-1.9395083454405162
15.0,2,0.4579927491473998,-3.3715757501917603,-3.2121928029317446,-3.199177192718491,-2.9883956692854743,-3.0043615399120998
20.0,2,1.0966837162711798,-4.312251596294873,-4.375023982939042,-4.217900454350039,-4.222813278354533,-3.90628129478095
25.0,2,1.0392140571743664,-5.523765098732283,-5.289585988059197,-5.276911873492894,-5.049517598477407,-5.1530576996374675
30.0,2,0.6443270032995904,-6.521949177155627,-6.426730940302455,-6.198029098940011,-6.277868535583911,-6.126828158097057
35.0,2,0.7035293999070321,-7.4670084177637195,-7.493208971559363,-7.5062063213366566,-7.267507315100083,-7.076042535999125
40.0,2,0.5134469171746311,-8.664655024730063,-8.441825990095444,-8.403933599457451,-8.25797973116099,-8.300146867994838
45.0,2,3.2482876681299415,-9.697514191060382,-9.655446508937096,-9.222594382186218,-9.485081962237327,-9.26647182069757
50.0,2,10.135814788457033,-10.637982054855206,-10.464648401249999,-10.95373923760556,-10.209647862762873,-10.319658960324553
55.0,2,17.584472291387453,-11.728599320151748,-11.914725858917818,-11.127603861813748,-11.8218806637243,-11.25143446387008
60.0,2,23.80476764642708,-13.00818183807245,-12.379847325517082,-12.932536444084702,-12.055202415084045,-12.727043797399016
0.0,2,0.00045815887043060456,-0.2,-0.1,0.0,0.1,0.2
5.0,2,0.3751598550176001,-0.3276940224146393,-0.10445059547326357,0.04766017088530891,0.09176977688703283,0.09640813203361513
10.0,2,0.3721195401598301,-0.20281205468121277,-0.2329367526067619,-0.15485513472301607,0.0010570769132666005,0.19693378893385183
15.0,2,0.10433792682473231,-0.31628331942725013,-0.1895147402053915,-0.16203695586541608,-0.029345176967333866,0.10826057821959126
20.0,2,0.8472479470252205,-0.4540820844945077,-0.2711090888355476,-0.0025195508387588165,-0.004535744556573354,-0.05297968360234502
25.0,2,0.5357442734731047,-0.33742644429601504,-0.2724405511684112,-0.31830374613625056,-0.1346312233928416,0.08126927458387076
30.0,2,0.2747213167497986,-0.3855290876338514,-0.40848929632351766,-0.27581586494872445,-0.1368898630773764,0.028884883491906325
35.0,2,1.3133939732849471,-0.6143687076538047,-0.29360489799645867,-0.10989210084749113,-0.13725391302425144,-0.21902614705146195
40.0,2,0.4012638353580447,-0.46995857452848394,-0.44108159365872185,-0.4231858003862601,-0.21540234033034056,-0.020823995751539634
45.0,2,0.9433274862122024,-0.41774136400307643,-0.5460998573455971,-0.41858938895512404,-0.3166951139363911,-0.06763311849701162
50.0,2,3.245928448480708,-0.8501502763106179,-0.3165167145692876,-0.2619812820316724,-0.18529904291801738,-0.34911806498949255
55.0,2,2.4744210548847425,-0.48311095020934713,-0.7226708760551217,-0.3799069237218032,-0.38944885768279885,-0.18423431123194445
60.0,2,4.67263042604641,-0.6303286541772088,-0.43244369129428345,-0.8073101375969075,-0.3961495594527787,-0.08944641446177391
0.0,2,0.08876030190976178,-0.2,-0.1,0.0,0.1,0.2
5.0,2,0.14438653706526097,0.6467492391298947,0.816763720418197,1.0188513765377851,1.2080892895491115,1.4206509203538253
10.0,2,0.20626913836517877,1.8603498208302298,1.982949806260235,2.037334668212868,2.1414870300162265,2.2000877666580565
15.0,2,0.27195061049655495,2.6706823459492903,2.832729091213667,3.0980964229039905,3.256392836874887,3.4754129410245977
20.0,2,0.3384429213113788,3.9189486890084506,4.045310313962171,4.036386149155653,4.182415740415042,4.2613572914138755
25.0,2,0.3336987033129223,4.730432486935127,4.866692327866937,5.161954750036911,5.298931542295004,5.497511622809985
30.0,2,0.2422159695915371,5.910602920082575,6.089604800514594,6.10899713809393,6.23331145447206,6.324110962769561
35.0,2,0.13134321073688746,6.84220750227414,6.936422608180422,7.145520961365814,7.344119944325102,7.509460805776057
40.0,2,0.15705964130128974,7.9094344209924055,8.066137066779241,8.214144046257589,8.255378052205135,8.443742781675873
45.0,2,0.7062762954111335,8.897543864887288,9.0957201226239,9.139402446549177,9.43401678560962,9.433257694229056
50.0,2,2.0263888344259655,9.951961597349582,9.965815635629376,10.326280961323967,10.25020779684902,10.616779468735807
55.0,2,3.7857504915344,10.97212470358346,11.284937202385624,11.072175332389945,11.502560089844057,11.390352677673468
60.0,2,5.038434568119394,11.932620920124924,11.892423373464634,12.49760436801864,12.319367105595754,12.691238784661534
0.0,2,0.05215289368843626,-0.2,-0.1,0.0,0.1,0.2
5.0,2,0.11191987247900853,0.2780077109913667,0.46531021261312455,0.6379317578232435,0.8346298344111363,0.9545074092416532
10.0,2,0.24576727048603503,1.1024519559993935,1.179232498132271,1.2818255863730714,1.2984344270147559,1.4788293826415628
15.0,2,0.4746085059600269,1.5536427198467624,1.7161649746114325,1.849916846401852,2.162838954311667,2.228597280069909
20.0,2,0.7708814299173622,2.3356661705926136,2.4656994228026727,2.6219611668743057,2.5214517353224553,2.7367692047300864
25.0,2,0.8893895245932621,2.847821174760439,2.9768352333469434,3.086832255712567,3.4601221850785406,3.4803237765041257
30.0,2,0.6941284217381247,3.6038524902305835,3.7275476945731434,3.8465437760626786,3.7876321250553833,4.056745464561289
35.0,2,0.3147792756470501,4.116441962754462,4.250722907434663,4.452008679355613,4.6755880820982645,4.697946843920466
40.0,2,0.2722387064298739,4.826631277151342,5.010800819578757,5.013312127128796,5.192682027876985,5.319669148907992
45.0,2,1.8288151175024723,5.482964302219278,5.479619139884432,5.81074184937346,5.717245096834079,6.042911937412977
50.0,2,5.944663879051025,5.993378647401141,6.318189658419404,6.161652413888683,6.744290563295347,6.486357967800058
55.0,2,11.852692414213012,6.790878303171654,6.745517089766797,7.265601617693242,6.703489883287166,7.368769281966223
60.0,2,16.589106248589715,7.295424793648553,7.527295914815119,7.224786674583861,8.23288758270072,7.7642481352173505
0.0,2,0.10520440586948394,-0.2,-0.1,0.0,0.1,0.2
5.0,2,0.21520667666388182,-1.0418285604576498,-0.8843043358669804,-0.6832615092663257,-0.531062292824347,-0.2668844583047511
10.0,2,0.5094703227934073,-1.5958117632583777,-1.4476910663391218,-1.391538073366602,-1.1787531916984786,-1.2008882187775292
15.0,2,1.0193187872353437,-2.4018698736657766,-2.246336884993979,-1.9544025146599964,-1.9733887966325203,-1.6460254002079067
20.0,2,1.6325082930509862,-2.9527652796613055,-2.8230587404259486,-2.868480301883587,-2.4752461897838187,-2.5098141151256215
25.0,2,1.7598736770698369,-3.7295797085522553,-3.598182761954643,-3.2665629526021944,-3.387512545651358,-3.0548678148398953
30.0,2,1.122630186432734,-4.41104175513943,-4.197091992980952,-4.165587637955588,-3.818950812021819,-3.8513747422226428
35.0,2,0.23575827466952143,-4.984560160133563,-4.922814059635905,-4.784567171076056,-4.697969644404051,-4.461477061790919
40.0,2,0.7648191041507062,-5.81911159439475,-5.660640526524082,-5.3531229119016155,-5.347539718158796,-5.078314502781361
45.0,2,6.071676794224915,-6.388342454142686,-6.114999877257208,-6.321073225361157,-5.777351564737105,-6.064303288982544
50.0,2,18.33876018856744,-7.1176797749397975,-7.227257038807616,-6.490210212500611,-7.059700638571565,-6.1785639023812315
55.0,2,34.61414402364432,-7.7521996765220225,-7.304470735074309,-8.007568157838072,-6.816315346257176,-7.600198808229171
60.0,2,45.523743912451366,-8.558236431450034,-8.67963501645461,-7.517398396513265,-8.628563175554781,-7.504260860668013
0.0,2,0.016140231142395784,-0.2,-0.1,0.0,0.1,0.2
5.0,2,0.10225498985507184,-0.38940067078757895,-0.23934266326818196,-0.1589275181967919,0.005678750486970153,0.18335467522723065
10.0,2,0.2830131113557293,-0.42201121566558925,-0.3871553356776387,-0.18406387202858687,-0.1260156619892323,-0.07802876771566948
15.0,2,0.5701427337437744,-0.6900586115867571,-0.40491090138244396,-0.40112405049344513,-0.230268213298261,-0.06955050285419295
20.0,2,0.948128241714048,-0.5871630144446628,-0.7047760132840167,-0.4517300848692721,-0.37754357284495893,-0.27333702071059524
25.0,2,1.0272483217482957,-0.952146080506637,-0.6008157262290161,-0.6396824133156026,-0.47091190963526935,-0.3296310030053765
30.0,2,0.7063041437655008,-0.8906669763547262,-0.9233984647399349,-0.6462915331179877,-0.5910471783701835,-0.5404204066475092
35.0,2,0.25399242640857306,-1.0748015863784064,-0.9280724161379502,-0.9049119873514396,-0.7476492310077537,-0.5350267648932516
40.0,2,0.24830599195513242,-1.233032548218991,-1.0232001887380329,-0.9755789619475241,-0.8065324131299151,-0.7507553002727818
45.0,2,2.3394373305935994,-1.2458529113773325,-1.3511078874500302,-0.9166672238493566,-0.9912623821152048,-0.8828464340538101
50.0,2,7.585375558798301,-1.5614483798027383,-1.0296193095572763,-1.4835022824247763,-1.0399121286030306,-0.8718921649963653
55.0,2,14.712141793835935,-1.312692820472854,-1.862590288056528,-0.9858521381998598,-1.2613694540681097,-1.1625069911252284
60.0,2,20.288150903095733,-2.026633414129495,-1.0237940399547563,-1.7390215693415676,-1.2404475499285035,-1.1537525451066017
0.0,2,0.0009175841728734811,-0.2,-0.1,0.0,0.1,0.2
5.0,2,0.00985535859403339,-1.4621870694151589,-1.389113329269376,-1.2845031009143584,-1.201294747038684,-1.1119191607937013
10.0,2,0.03999277818491067,-2.800126281182239,-2.6615612414498906,-2.5930159118333345,-2.473819349728159,-2.369512030668934
15.0,2,0.0930241586204121,-4.023573360748768,-3.989450877067686,-3.8462639062484936,-3.7862303891951976,-3.7015336890336825
20.0,2,0.15002620314337348,-5.3935464990609665,-5.222188123081335,-5.190237084055529,-5.049151583306659,-4.940946340220576
25.0,2,0.1701122901684467,-6.595348331488099,-6.58040248493144,-6.416346658894849,-6.36821192416278,-6.284777637679176
30.0,2,0.11864987817157852,-7.971984474492794,-7.805533341257838,-7.763789659914791,-7.630206408913679,-7.52259056000847
35.0,2,0.026662502055636274,-9.190293198028048,-9.133136629941411,-9.02172495595496,-8.939431330933743,-8.85853573716066
40.0,2,0.04973713331788742,-10.51727279628671,-10.441060742121458,-10.297122510241914,-10.228060705915947,-10.10862250488411
45.0,2,0.4514856506299511,-11.823335843001427,-11.627813773723263,-11.66709840905666,-11.490580634906582,-11.43232800619352
50.0,2,1.4270641823740355,-13.031237266902266,-13.125551917782387,-12.795156851727421,-12.842309109026289,-12.695918928874384
55.0,2,2.790845779846415,-14.468609781749578,-14.101552697482981,-14.332722122534548,-14.037926715827991,-13.998380164149024
60.0,2,3.767271594718544,-15.5587204660441,-15.784348433480378,-15.308621480279898,-15.439779503012762,-15.296739006358159
0.0,2,0.0033314504517226355,-0.2,-0.1,0.0,0.1,0.2
5.0,2,0.13682745172224398,-1.0156767076333462,-0.8604351493938283,-0.7035520413044573,-0.6230588831585075,-0.5896658031424105
10.0,2,0.16390170371311785,-1.7160179809994,-1.6264040144541456,-1.5700019502105482,-1.4391858031422946,-1.2331674204586953
15.0,2,0.12707993806927684,-2.4327614515125067,-2.407725829686706,-2.289190269426068,-2.1534039819401682,-2.094084221332199
20.0,2,0.4592628125128812,-3.378823098528781,-3.0957694767042168,-2.95849823626784,-2.923163943573245,-2.813299583456088
25.0,2,0.40279713445516924,-3.882364062560786,-3.9393682545377553,-3.847431147038602,-3.6818630609253082,-3.6109163981002688
30.0,2,0.3087289571001211,-4.824260112897618,-4.657228341358609,-4.588674670296104,-4.465897675791403,-4.218270707451562
35.0,2,0.6022993126724504,-5.52592947745855,-5.381520543839699,-5.206856331424492,-5.174500683273025,-5.2579130564320815
40.0,2,0.18216422174668023,-6.306265821614535,-6.2252240780099015,-6.1213913389241865,-5.945091055038534,-5.741136383473264
45.0,2,0.34681319221093465,-6.948499752881753,-6.885865587174958,-6.897694177457821,-6.806229861698617,-6.593207882479869
50.0,2,1.3436737813593065,-7.9079012471773575,-7.765832342419742,-7.450060113533199,-7.328563918819265,-7.471528224376019
55.0,2,1.5795448940187513,-8.565709379547046,-8.308949147841243,-8.39179752439624,-8.396349523030992,-8.05346885614279
60.0,2,3.136865778396128,-9.144256681276728,-9.433135098885248,-9.209986907242026,-8.85008423144487,-8.871200096742028
0.0,2,0.003956626256124252,-0.2,-0.1,0.0,0.1,0.2
5.0,2,0.011553891896179266,-0.2029001349079297,-0.06744319953242472,0.04988445752988574,0.16635646455434028,0.26574899375748134
10.0,2,0.018847186924909498,-0.10693968696083457,-0.028941656692371965,0.08306495201770184,0.1754023855937829,0.30070716884442694
15.0,2,0.02916705096510021,-0.10323246093752389,0.024531331063699566,0.10825885241505048,0.25270924491509106,0.3526727767477379
20.0,2,0.05824346433097698,-0.05033779772148178,0.05275737577223094,0.2060389952632849,0.2634534733781451,0.37467427891323024
25.0,2,0.059104569261770545,-0.0025974357699540826,0.11454520641980606,0.17794565926500208,0.3361093666159671,0.43223011047594206
30.0,2,0.0383417076118517,0.04161010101498792,0.1287349711225394,0.26344236213766176,0.346027694880424,0.49006435925249703
35.0,2,0.02822478036367946,0.07118199586242296,0.20047007097484015,0.31246006956329736,0.41545931268111747,0.48195462072777956
40.0,2,0.03315162049981741,0.10833513575728616,0.23412387378150212,0.3130527454416484,0.4582712445204945,0.5793896517098768
45.0,2,0.2068378446790599,0.2098248875793614,0.23955793584996274,0.40690081242571247,0.44684956881776267,0.6016860279393571
50.0,2,0.6239120039195265,0.13614424180806017,0.3733591917334072,0.37999315273843326,0.6067373661588699,0.6202318615747395
55.0,2,1.1239000174458467,0.3106041080749414,0.28449381386112427,0.5553944355309353,0.4804293384609511,0.6971906994869123
60.0,2,1.4942300879045438,0.2526211935710243,0.46876475137972584,0.36959830232699864,0.7158232511021787,0.7329514784362804
0.0,2,0.003478566140498546,-0.2,-0.1,0.0,0.1,0.2
5.0,2,0.0060037120240840625,0.525100319852656,0.6133567718895452,0.6933442565264273,0.7683634347300919,0.852565411924004
10.0,2,0.010436456576382059,1.1783965267735161,1.269590285159523,1.3777534838245638,1.4930433555515132,1.5866767385363334
15.0,2,0.01718206838747056,1.9097492255908013,2.0037706771969486,2.0728152306762424,2.136230261065519,2.2356251902386854
20.0,2,0.025627190851496028,2.557053549481751,2.644002597264215,2.7630871679665727,2.88610757079154,2.9606698941868563
25.0,2,0.03082337211288908,3.287700563757142,3.3893118484605957,3.4528405348455995,3.510680167526303,3.62311786002407
30.0,2,0.028897949130716003,3.9482315577378815,4.023586190929542,4.139714097047261,4.265250069966247,4.3395992538555115
35.0,2,0.018943764140625634,4.656683859075153,4.7660902074293725,4.838814072660735,4.903107402050837,5.004415823243135
40.0,2,0.005010558144051956,5.335906319705853,5.418257632569694,5.523670681253603,5.626493508501914,5.717513417350896
45.0,2,0.005342122659852604,6.039348336751767,6.12343639480248,6.207288714685153,6.312197692474616,6.392300615590648
50.0,2,0.041232154384353556,6.712717783278888,6.830213990666126,6.919220221419965,6.970797118103082,7.094352835759278
55.0,2,0.12134622455501237,7.41957017745497,7.471520643331506,7.582775446716617,7.737798301402154,7.768367575244791
60.0,2,0.2334267217077568,8.10114681371511,8.242935794026394,8.294808470515436,8.306067297745042,8.487803963070856
0.0,2,0.27347273085733687,-0.2,-0.1,0.0,0.1,0.2
5.0,2,0.4566502750149945,0.15736263083357943,0.3802575123675413,0.614727325784892,0.8835501735765435,1.204050364488931
10.0,2,0.5577664946426379,1.1069671096895792,1.2192477117687324,1.321067648596451,1.414717538472424,1.4178960055757936
15.0,2,0.5637384666230049,1.3972857801144167,1.686967043268167,1.9730716765719711,2.176742375853946,2.4857771453459994
20.0,2,0.6614620772855587,2.465009618648776,2.4850130689110475,2.513782942931683,2.70525832138395,2.7907280763306157
25.0,2,0.47753477877238837,2.7107109177252973,2.999876357889763,3.305517607165636,3.462153443150139,3.721481709326776
30.0,2,0.24216785127933999,3.6262306441082224,3.792084763764806,3.8927389009357034,4.03406141205705,4.094572321443336
35.0,2,0.29737858214628027,4.192763713046519,4.281627908883163,4.471323683421938,4.73414195924647,4.999778784762596
40.0,2,0.2861741362944259,4.796952524275596,5.063035014821147,5.238827686636074,5.301250339003339,5.51951849167614
45.0,2,0.99934512794077,5.516891757399476,5.654743548325349,5.831027708578509,6.119455514242709,6.037413534917769
50.0,2,2.502019106747646,6.07339212016685,6.265964956579774,6.4745943226210585,6.496353387090212,7.089175284057436
55.0,2,3.5847988617264974,6.939919036751691,7.010550091849302,7.03829195547999,7.458604261450155,7.192062732035762
60.0,2,4.540828950258215,7.141397023673944,7.540907276281474,7.99375031710733,7.8374989100840455,8.365822557471676
0.0,2,0.0011336752726188756,-0.2,-0.1,0.0,0.1,0.2
5.0,2,0.01753520051320439,0.6730242851334871,0.7669121837152312,0.8393580754468274,0.9107627951927544,0.9882964304795399
10.0,2,0.05107301703028619,1.4317869654709003,1.5292302604245,1.6701952615697635,1.8034926554385629,1.9220023970319617
15.0,2,0.09719775362887556,2.389197446631277,2.4756098297719484,2.498959187208835,2.548174895457328,2.623119950834153
20.0,2,0.14930042136793734,3.060260074232491,3.1701284939697496,3.358902965320059,3.506176699861938,3.617946846487163
25.0,2,0.1843712136393046,4.088010365824363,4.170375150789409,4.16359400016587,4.197594602253298,4.272194730806264
30.0,2,0.19191170919787542,4.725711997509008,4.827784955030077,5.017697102406852,5.1860200681749635,5.312908496686104
35.0,2,0.17318704665852983,5.752585928915583,5.837989448054957,5.857446806480875,5.871832396150676,5.928621810172699
40.0,2,0.13459703941833095,6.400966750005912,6.52880781897259,6.674057393849482,6.848021248256021,6.9749769486586555
45.0,2,0.12761737949607843,7.42715363311293,7.451999827228397,7.53138531596852,7.557743792021744,7.636901361378891
50.0,2,0.19516232630195618,8.076230570863185,8.27631619414911,8.339569363841566,8.494301585346287,8.597119985477988
55.0,2,0.3265033198884235,9.06822748326693,9.043025840366944,9.229960776288452,9.271134944662641,9.349542425061037
60.0,2,0.48088697536826436,9.806775154099627,10.019727621237056,9.9685013602269,10.107091007600854,10.238150096449267
0.0,2,0.08289686722557987,-0.2,-0.1,0.0,0.1,0.2
5.0,2,0.12703653387560515,0.9659044780327138,0.995527910831694,1.00165034963516,1.044223132716435,1.024904396745413
10.0,2,0.23131310850254463,1.8190349877731775,1.9004590822131038,2.035111379481961,2.0709844175314505,2.2388306689231308
15.0,2,0.40065132892403754,2.9747678394165646,3.013969022605626,2.9685677002944475,3.101730690967404,3.0375955506002086
20.0,2,0.5764931596398091,3.8413232874761474,3.914145530077011,4.100501433948003,4.0431734359409575,4.229697384403579
25.0,2,0.5976125928575596,4.956249598431311,5.022179088737882,4.9563753821333965,5.145333925196544,5.0809133453079856
30.0,2,0.36511917294249585,5.912484468601673,5.938790816113827,6.087213632057526,6.047039123220384,6.207733567775252
35.0,2,0.05026677374050753,6.902895925009084,7.003720429477612,7.0425027359530095,7.126362707142581,7.149990078147789
40.0,2,0.2792957422193668,7.970467777138278,8.017287272932446,8.000003608806413,8.150207372222145,8.119716112592252
45.0,2,2.130665015690096,8.902862576743052,8.91327182379384,9.174555178821839,8.989839823804727,9.30936300848945
50.0,2,6.308083802436229,9.983299171544402,10.155795100004257,9.861857309880815,10.346600712271098,9.97455038591359
55.0,2,11.842204769466441,10.899692871934574,10.807313675380707,11.37274128770496,10.830753886593575,11.44381122596173
60.0,2,15.432151312446255,12.03454432562836,12.2495086245646,11.705739778020725,12.466476579059906,11.930253908263197
0.0,2,0.015433957452449522,-0.2,-0.1,0.0,0.1,0.2
5.0,2,0.0753182143267376,-0.32045390278277147,-0.26402599419133455,-0.23178808223934672,-0.1204019308084882,-0.08259826089485313
10.0,2,0.2702519236014196,-0.6224760834252144,-0.5217877725499508,-0.3569183185772519,-0.3547496490024214,-0.18260451827875734
15.0,2,0.6176776735989802,-0.7377605230002227,-0.6491997020119482,-0.674858591147227,-0.46567684401558024,-0.5303088525754295
20.0,2,1.0031943852520628,-1.0053296978198134,-0.9528468296609633,-0.7437618094537828,-0.8245420597848792,-0.550592286947769
25.0,2,1.1194778433830141,-1.1628483303649793,-1.0478481042413714,-1.1003670751175854,-0.8369777855663805,-0.9482995592937384
30.0,2,0.7378782059169986,-1.4155841947349734,-1.3424282364574127,-1.1426571838866464,-1.2192152748887488,-0.9957241355331423
35.0,2,0.11771880465562165,-1.560516923317137,-1.5043791882600035,-1.4705092773939674,-1.3200741006639984,-1.2793977067827047
40.0,2,0.400129696876847,-1.8173263530919153,-1.6738818375424576,-1.679625206053104,-1.487079261577141,-1.4962327090700682
45.0,2,3.593037868601642,-1.9950601125803222,-2.013449604849348,-1.6490831685881608,-1.928446580158862,-1.5873740720748677
50.0,2,11.110396181640795,-2.2018059391512166,-1.9563359024714604,-2.3651974947299883,-1.6447116299585998,-2.0246307428571226
55.0,2,21.349623677243123,-2.3950511138799015,-2.556850434808642,-1.8150221102266173,-2.6019852741557274,-1.8430409470143552
60.0,2,28.29344196180369,-2.638974487766992,-2.259653311328358,-2.9066506009454547,-1.8422045691432063,-2.5837350818181135
0.0,2,0.04514849435561798,-0.2,-0.1,0.0,0.1,0.2
5.0,2,0.09637692486152392,-1.7335345521856151,-1.6785114815722806,-1.628725396568625,-1.5985318584269572,-1.6027439735521527
10.0,2,0.12967230178288397,-3.501278155159581,-3.407179927500573,-3.3112303585701763,-3.2127293730961237,-3.0516767102847915
15.0,2,0.14388953373279317,-4.994165905967295,-4.9841187985851425,-4.9637365679956025,-4.890115840916076,-4.89400467345276
20.0,2,0.20335693274318584,-6.84262068603212,-6.684958159327548,-6.545362965092648,-6.508303699837601,-6.386943538932585
25.0,2,0.16249886641637445,-8.289839875076288,-8.29030201722569,-8.282845457490762,-8.180747440292784,-8.166501521442603
30.0,2,0.08917255373906793,-10.07368628741792,-9.991292898410649,-9.892178092231811,-9.82167959110152,-9.673446704671795
35.0,2,0.09754318677607418,-11.680932394853498,-11.573214627887886,-11.500477782426552,-11.470205427004135,-11.469500603967301
40.0,2,0.06843253954239328,-13.313452979675006,-13.281465289357904,-13.221161671665739,-13.089466988550777,-13.030831169195462
45.0,2,0.3200102703668391,-14.977561473201096,-14.904474535517842,-14.832434707781497,-14.837572047924146,-14.6263825963259
50.0,2,0.9181094453129036,-16.612809700280685,-16.53807946540958,-16.485678324863493,-16.303842821922135,-16.48006231057998
55.0,2,1.441243180624981,-18.34073226878986,-18.217818322305092,-18.07211931037501,-18.185968807861403,-17.845881176030325
60.0,2,1.9401205791513256,-19.77729710886169,-19.84477359614912,-19.919275611744254,-19.600753001861072,-19.762467829051435
0.0,2,0.014219647586748293,-0.2,-0.1,0.0,0.1,0.2
5.0,2,0.10481130329865603,-0.055618281753834355,-0.05693922066811174,0.028197463333310396,0.0777789987921279,0.17196105212306217
10.0,2,0.31894561668920407,-0.20140308519905517,0.012833614394014755,0.04584640081720747,0.2034337726098137,0.27004932103112866
15.0,2,0.6799617052947059,0.03181188266406924,-0.030336763575421755,0.17430774852211567,0.12145631696486789,0.19890085090404327
20.0,2,1.1352119734778785,-0.12483269419823435,0.10807583488890894,0.01002264843134836,0.28005493951053906,0.3881993186736891
25.0,2,1.245280121435631,0.09876512241344858,0.014107392603717963,0.28489200487473404,0.17786791312961117,0.2512676261113218
30.0,2,0.8262778836439663,-0.08507373890499452,0.17791746315463858,0.1374741357029248,0.35357660688851344,0.4083856041183295
35.0,2,0.22164141336613694,0.1700498182682694,0.12824241456850222,0.2134035302550225,0.26477543334788745,0.3811888863462713
40.0,2,0.47163389334731276,0.06706534311323016,0.10704900264118422,0.34926177486866744,0.3379723209186405,0.46169165307074433
45.0,2,3.905748279174334,0.04442624056176408,0.42588349475607384,0.14716823760466305,0.48044460986399184,0.39049752365248996
50.0,2,12.050406950831091,0.3576115275173306,-0.10795756040104645,0.5900265192418088,0.2224834900341208,0.5916361418732663
55.0,2,22.922381050378075,-0.04433477874888539,0.7460368393506658,-0.054945284861673854,0.7015701073045754,0.4708532470472637
60.0,2,30.401601140620926,0.4720118774295628,-0.1948904225402367,0.9481214537050574,0.20770742977049372,0.551609803553611
0.0,2,0.23266912910685716,-0.2,-0.1,0.0,0.1,0.2
5.0,2,0.2443667934915435,-0.028239217478306815,0.1728404488970253,0.45373922087521784,0.6475227265808623,0.8872794556345137
10.0,2,0.4264493651065856,0.6003057867778495,0.7930621717762342,0.7978793214952059,0.9925154212349918,1.0825225677343497
15.0,2,0.846216041614906,0.9096088160271844,0.9800075641181797,1.3592857006210384,1.4483744909750607,1.702151331786479
20.0,2,1.3755902207816286,1.3496898517644644,1.6856015497260852,1.6088538966505452,1.9007731281528213,1.9876521117433579
25.0,2,1.63134990725806,1.8634851687639673,1.822137150564882,2.2397368852566237,2.2604174671319637,2.479936500829163
30.0,2,1.2443252651843386,2.125411905015689,2.498525019489663,2.4660259393613795,2.7652946113187635,2.9435983318704415
35.0,2,0.4817420139481677,2.7631403446827765,2.785803971668148,3.0264539452555868,3.1426801890653695,3.213919990893417
40.0,2,0.9221117825359861,2.9640391617854402,3.1607742318257595,3.4798233702418773,3.5463214691684897,3.9141828430530845
45.0,2,5.375694098414877,3.5943508705273097,3.911042286676139,3.6213682593633068,4.107565905175894,3.9639563888413765
50.0,2,15.990406513715847,3.8872694509505643,3.676957610660647,4.649302140013055,4.2621701120488655,4.855727031420317
55.0,2,30.76965323437374,4.328100574347866,5.1227259602842965,4.175213456028912,5.092028544115652,4.74650044482622
60.0,2,41.187288575137366,4.880570378474295,4.231768375755253,5.698137900526734,5.048265583833756,5.738969375522402
0.0,2,0.08417104256157627,-0.2,-0.1,0.0,0.1,0.2
5.0,2,0.23472129299724387,-0.031041554426373054,0.03604021692836325,0.09667504234476082,0.04725769408822946,0.02279427148723
10.0,2,0.29816527534666737,-0.10969610193420841,-0.05049420563323639,-0.00531238548800155,0.19670600589177276,0.31224802800808393
15.0,2,0.3199619186944749,0.09596291663559937,0.08215690351115312,0.12818061581761148,0.05253244703857626,0.15634412826367414
20.0,2,0.6692917951804825,-0.1300836436237241,0.06201716688878631,0.15917705254125278,0.33878217386593457,0.25700993201657735
25.0,2,0.6193496349526496,0.17106771047352867,0.13268142386791482,0.17251540042507763,0.09102946046888134,0.2913343568756334
30.0,2,0.434263701090682,0.06659222016453391,0.09850866357614635,0.12766102134253388,0.3625732391991988,0.37501887825082675
35.0,2,0.5577966219256655,0.06247011874401636,0.25668030078755066,0.3517389320336821,0.2596842150715847,0.2715061263186299
40.0,2,0.31323134464964175,0.21705237443970646,0.14021371738966842,0.25805874860441075,0.32180243050530255,0.4366780924386021
45.0,2,1.377070491741885,0.18654419641919262,0.3085371402924349,0.14152891326550043,0.4345151730354423,0.4744056107873106
50.0,2,4.338384468828441,0.2191181799460173,0.22668603312217334,0.6460025203311084,0.24734320060526704,0.37810677021750455
55.0,2,7.312997667451885,0.1717306090072112,0.4077071248453119,0.0892353294929763,0.7229237994815715,0.49738551181724494
60.0,2,10.406611570782163,0.5149968792211095,0.2388687234912208,0.5881612618000223,0.06001811919215612,0.6586630613620105
0.0,2,0.3171579911692075,-0.2,-0.1,0.0,0.1,0.2
5.0,2,0.48835834312673543,-0.3684421542196338,-0.03643360582717391,0.256567863375376,0.48456822763552776,0.6900081295540945
10.0,2,0.4787040169551496,0.2638639407971815,0.28775614758453716,0.36471025216484426,0.491461477647995,0.6447451028418041
15.0,2,0.32114773791967455,0.11019152840312232,0.36804163896004166,0.5918037095601401,0.8701673788807015,1.1386011257505166
20.0,2,0.46749113224512584,0.5324916863591914,0.7175106798057495,0.9088472070344534,0.9509676268902306,0.9952566419830402
25.0,2,0.25463695238217043,0.6190358729072002,0.78689796834715,0.9576110588477915,1.2529354165145867,1.5148619859741161
30.0,2,0.11816887007210583,0.9441117722636332,1.0754007971608686,1.2058735599637385,1.3477075266441405,1.5845171070766664
35.0,2,0.532168695467474,1.0122625369920732,1.2579852888896692,1.533881715450484,1.6838075388919196,1.6959421434030955
40.0,2,0.38569361441724426,1.2468888190291905,1.474582634140298,1.5799696454225038,1.7902065586248501,2.1185000269286034
45.0,2,0.7663408809348616,1.6838213628123593,1.618648075785478,1.8041669741373763,1.9927922285862412,2.1369875033421657
50.0,2,1.6499218305799765,1.3949328774411673,1.9362706442339106,2.1376151626104223,2.3202584509585207,2.473607469937764
55.0,2,1.2880263879333802,2.1648089181014427,2.0554158764938144,2.276053458534701,2.3346177469571283,2.4580570656128815
60.0,2,1.7997112978374508,1.9475351612311427,2.2278396069223425,2.28047718432123,2.742231476688444,3.1171380970549105
0.0,2,0.019925521256675852,-0.2,-0.1,0.0,0.1,0.2
5.0,2,0.1362701461538657,-0.11411817826653907,-0.010416047710587841,0.07607559022971706,0.08094884440649557,0.09279302826744992
10.0,2,0.16856715871247785,-0.14730452808382222,-0.08259862225922486,-0.005459853225595513,0.17383416980616925,0.3120953076155508
15.0,2,0.1420750306865621,0.008568721135872663,0.03703287899077078,0.08098981115732505,0.0765150718514577,0.1727432276441949
20.0,2,0.364409442999396,-0.20029652133373513,-0.010379974884095679,0.1411697766573223,0.28844244295898425,0.28219722430770405
25.0,2,0.3043980296797026,0.09028846163078137,0.0843934857330935,0.10301948124334817,0.09654837765731403,0.25216637836820505
30.0,2,0.21986503985419198,-0.06316441746473514,0.004456421746873446,0.09901897379018164,0.3097628223227019,0.40162562116428235
35.0,2,0.4278508769072379,0.009460817691923853,0.18046746709929617,0.2683217722004112,0.2122980427977124,0.2064345586964994
40.0,2,0.17617293109260632,0.03421746942926564,0.045586477128730526,0.17081274682217085,0.3011373968836519,0.45051180514855704
45.0,2,0.41781092221320654,0.13095989126042704,0.18934156832555776,0.11969433066275054,0.3024117175388115,0.38514162455136053
50.0,2,1.3232758495632182,0.009530125650650208,0.14488891916964144,0.44400163738196136,0.2899962119712768,0.36441547509190114
55.0,2,1.6489129374628066,0.11154101854106854,0.23445787287747694,0.12399224616081714,0.4802057404594716,0.42791872815310683
60.0,2,2.6236621505848063,0.27231922472129216,0.16319846123708412,0.33650664821873694,0.16562690655108103,0.5657476023902454
0.0,2,0.03055146893144419,-0.2,-0.1,0.0,0.1,0.2
5.0,2,0.05843996737610501,-0.7702465708629788,-0.7169345801330074,-0.7020943378505048,-0.6425862955870758,-0.5843549460061813
10.0,2,0.113541469586158,-1.5805347973989896,-1.5053569749782916,-1.337379178720145,-1.2521055257267972,-1.1570569840552707
15.0,2,0.20352987777854678,-2.1519664589553082,-2.036604816923161,-2.0771926256939763,-2.0121627390897996,-1.970723550657001
20.0,2,0.3179806794940757,-2.913855069848434,-2.91596295266436,-2.7084893728425263,-2.62248098124336,-2.5040785451603065
25.0,2,0.3628668489118907,-3.543106488916988,-3.379848206913917,-3.4472735707660003,-3.3781863393990768,-3.3326690462027333
30.0,2,0.2855641909026144,-4.279770943776062,-4.269853622654995,-4.058447194888875,-3.9795413316776593,-3.9096872896408787
35.0,2,0.13620411402674457,-4.897453728724368,-4.798798949343164,-4.813945213439748,-4.760017991972616,-4.643301229598311
40.0,2,0.11860061454644213,-5.647317610875985,-5.547700164823111,-5.482376387653175,-5.334263256828831,-5.318076423336934
45.0,2,0.7257119081116216,-6.2785007121508905,-6.287911243320614,-6.056335013858081,-6.130888134878461,-5.9923154697498475
50.0,2,2.3346205906863693,-7.009791109624276,-6.756826776119102,-6.996861232174519,-6.698386831062159,-6.700301355417655
55.0,2,4.647424933598685,-7.609930009850365,-7.837100551380188,-7.314650310552346,-7.500794895238943,-7.315908267815698
60.0,2,6.500275817368651,-8.439117446322136,-7.951496348428357,-8.397770427862257,-8.075554522261895,-8.130662020402696
0.0,2,0.07223758742742876,-0.2,-0.1,0.0,0.1,0.2
5.0,2,0.12208705837545338,-0.7766411600349378,-0.7391141488726951,-0.7175923218971405,-0.7149922711345135,-0.7162766461273954
10.0,2,0.15289725522535544,-1.6818353630692364,-1.5946468894504313,-1.4792348005532554,-1.3504892339761456,-1.2230268090843004
15.0,2,0.1612712439319314,-2.210686466570854,-2.191215775039999,-2.2067970377456687,-2.2030519988117305,-2.182098366031794
20.0,2,0.18492674915273197,-3.178600474390069,-3.0632382787899077,-2.9040911778015963,-2.7937513693161153,-2.7187848919690434
25.0,2,0.16187894347026727,-3.6824399332788764,-3.653766111719874,-3.686478436094064,-3.6775905301651615,-3.6228077290753964
30.0,2,0.1321153125133354,-4.586466533405227,-4.536819014323007,-4.404445419755591,-4.271754156161197,-4.188214164755
35.0,2,0.1392964494364816,-5.229231824618808,-5.120062356459359,-5.101344879609035,-5.119716726307066,-5.081960049472411
40.0,2,0.08339970079502582,-5.997110076969319,-5.9746862412342825,-5.882868443669108,-5.756816549410845,-5.7054510732497405
45.0,2,0.07286184394466176,-6.708371355793453,-6.647118441129361,-6.6073450248961185,-6.573955739030534,-6.4447583717505745
50.0,2,0.126505692495726,-7.454103273081786,-7.362638915260177,-7.307007388821043,-7.244216935852104,-7.278198967651656
55.0,2,0.11708112363247095,-8.228676026712353,-8.18390972745325,-8.051719527706627,-7.9863678230931425,-7.860108923768051
60.0,2,0.27140901375868043,-8.821044558577023,-8.771214671537116,-8.856000276921051,-8.796527040209106,-8.73061202955592
0.0,2,0.16116703314847594,-0.2,-0.1,0.0,0.1,0.2
5.0,2,0.18620891254025668,-0.4308408637395301,-0.2697193773602104,-0.09739093711748134,0.15108775792094262,0.38676866813411676
10.0,2,0.15242826921563996,-0.3759013897871881,-0.2110123255580758,-0.05250895546056578,0.004098381113484958,0.1151347853680152
15.0,2,0.10874394606211445,-0.5182531387132943,-0.3354687107891338,-0.16745250106143753,0.0651908037560641,0.175699290321292
20.0,2,0.29847148352604913,-0.47446431921081955,-0.3685800538221841,-0.23475340530628105,-0.12735893802967743,0.16477770772024738
25.0,2,0.324640222958099,-0.5685118315725489,-0.40597123039482463,-0.24994822127832153,-0.04033951216304663,-0.03570296540218868
30.0,2,0.3399010430755141,-0.7254314342418626,-0.46874347183128257,-0.26105476742233863,-0.17869862891878208,0.07335978944112462
35.0,2,0.5437341008011749,-0.5028202035786283,-0.5285561094787248,-0.44601252127669816,-0.2316057889117237,-0.11166864188956752
40.0,2,0.4108522265914732,-0.9068295523169221,-0.5805755163788547,-0.39652030025635193,-0.19619250210589975,-0.0006401462395131962
45.0,2,0.752710158535462,-0.6569198905095092,-0.5859819197489625,-0.3608573512267023,-0.4124763771126787,-0.3246172308618873
50.0,2,1.85611253617321,-0.9283019185417033,-0.7357512060466965,-0.715056428097975,-0.20020954690020532,-0.021628422035357836
55.0,2,2.8697835738597957,-0.7511347904222095,-0.6767928207561728,-0.4017298056096714,-0.6734427001931457,-0.3579421568029426
60.0,2,4.464025381588502,-1.1348881108351054,-0.8232407351933453,-0.7016992515116748,-0.11647579206342452,-0.3448331363428357
0.0,2,7.629741562151091e-06,-0.2,-0.1,0.0,0.1,0.2
5.0,2,0.028956086721073734,0.1316584319387498,0.2546343398128541,0.39640547680205224,0.4873434270657626,0.585567711116125
10.0,2,0.077074104063072,0.601610166187676,0.6807840777438344,0.7085669034999197,0.8191523706368133,0.9011052554028466
15.0,2,0.1476539140841352,0.8508366263195477,0.9455041854845054,1.1343658966927415,1.2364425455283958,1.3996789061814494
20.0,2,0.2663883880585742,1.3451602609398712,1.475595249294487,1.4764272126446982,1.5632039915567977,1.562050832506325
25.0,2,0.30612202339488187,1.5753074086461214,1.6556990836452752,1.8726912087888776,1.986179845435631,2.188169387161842
30.0,2,0.26757041385881053,2.1393332577412707,2.215133305533494,2.1855164744260023,2.2775836726168897,2.3160896100956725
35.0,2,0.22574802280690764,2.260851661289455,2.4308960387692706,2.641690567557917,2.7697947565957004,2.8860326829365768
40.0,2,0.2154303919339753,2.8934165979755893,2.9087781711397853,2.9738831050736216,2.9809135732298624,3.0878836464656465
45.0,2,0.6464791830015281,3.0491611460436565,3.23246341427444,3.249183174462032,3.543329708176768,3.6263470376632054
50.0,2,1.7359243250683434,3.5772448336562768,3.5697458684450183,3.873608714885175,3.6873299157725277,3.848164534596665
55.0,2,3.086268017394327,3.8051364896548634,4.085874882360215,3.903418862864703,4.335970337987996,4.281302681223412
60.0,2,4.078922397986515,4.346986937453039,4.194028773049067,4.6040614047133674,4.384530182200777,4.7377053434106156
0.0,2,9.23136001026157e-06,-0.2,-0.1,0.0,0.1,0.2
5.0,2,0.0008300008294395473,-0.14565798119847162,-0.04111360586822798,0.055179023818581724,0.15537675819004998,0.2614897817181869
10.0,2,0.0035251016539790034,-0.08253628108323642,0.007674652681373521,0.11668712545079034,0.21914188663031706,0.3095805696409928
15.0,2,0.008124543776490693,-0.03743942817886724,0.08101659924892557,0.16937294308494563,0.26497685315434477,0.3778949626710073
20.0,2,0.013286956191703447,0.03798484916641274,0.11404214025558364,0.22918250248217203,0.3368118609258061,0.4230745538105008
25.0,2,0.015570392488564844,0.07359925091848114,0.19967669383175976,0.28364438984546564,0.37646443433980004,0.4929851143650885
30.0,2,0.012481804183209745,0.14938974781924846,0.2293262639679263,0.34558983187063114,0.45199964237375506,0.5353383739291506
35.0,2,0.005162260196360415,0.19512052802645774,0.30582077369387795,0.39615982869123645,0.49278037142621267,0.6070363347830374
40.0,2,0.00047819120096092194,0.254291715124914,0.3580317274777259,0.4558217022104871,0.5587011002368119,0.6553455682310085
45.0,2,0.01265190041871521,0.3192531018496557,0.3990969610560236,0.5207337715473535,0.619825121374315,0.7085568341137303
50.0,2,0.05435097684238245,0.3552774191842164,0.4986766687431665,0.5576430568276523,0.6563951362141082,0.784747485632077
55.0,2,0.12357434913137565,0.4516616877083661,0.4832608096368728,0.6422141300119775,0.75059560120825,0.8102815146958947
60.0,2,0.19586586340121237,0.44913763860979394,0.6401308246769913,0.6717728611156094,0.7560364882787682,0.9062099072403336
0.0,2,0.06913367425675158,-0.2,-0.1,0.0,0.1,0.2
5.0,2,0.11746790318860031,-1.0959684122100661,-0.939584030840935,-0.8261703483740129,-0.6003689007339768,-0.4384712061141135
10.0,2,0.321660209440598,-1.8095836744859417,-1.7032375253826553,-1.487186041477925,-1.4832806060765364,-1.3178379491231362
15.0,2,0.736419488450339,-2.6427907286476575,-2.432979365129521,-2.413110273592268,-2.1155247620866056,-2.0972835653632202
20.0,2,1.304471279737312,-3.369316611170669,-3.3361059560188058,-3.0517494736463497,-3.091747485406745,-2.753332066849747
25.0,2,1.512844184838357,-4.164275161129356,-3.9481169475480606,-3.9852490736632697,-3.6603218722437805,-3.744851436780862
30.0,2,1.0921988884346792,-5.032374141938771,-4.8891623936547655,-4.5755273717355935,-4.6057052010034205,-4.300608281305747
35.0,2,0.4094428152226384,-5.5968739584467295,-5.567394196489577,-5.536426281155458,-5.333127146345779,-5.270118705473743
40.0,2,0.7841767034419991,-6.676766871742861,-6.354498858101859,-6.2871807061876055,-5.9986052170922415,-5.887451533059718
45.0,2,5.116488830757349,-7.13843885851514,-7.250304147422904,-6.782093355747559,-7.109558228095728,-6.824671494675898
50.0,2,15.398579255847304,-8.243073133667565,-7.7584226271427355,-8.223703257890115,-7.290080273121349,-7.490349690908284
55.0,2,29.260008934283192,-8.64042239303999,-8.992186049633748,-8.057573560089573,-8.974434283252547,-8.241575594986918
60.0,2,38.83006040496786,-9.894627950964995,-9.171118936339589,-9.888803083497722,-8.585101562524851,-9.26710324594866
0.0,2,0.0930797354245563,-0.2,-0.1,0.0,0.1,0.2
5.0,2,0.14770974598255587,0.544857680532686,0.5899082878042153,0.6171586094547781,0.6105953827527503,0.5851121941303935
10.0,2,0.14836697321871078,0.9953937263031359,1.0620490933857256,1.155094037788751,1.2712706001419094,1.4114568517301191
15.0,2,0.10548068520758266,1.7469497511190208,1.7621350385733348,1.7536045610213131,1.781663959647786,1.798543153663004
20.0,2,0.1551932639703643,2.1395454133532787,2.2618414966167046,2.408648201455792,2.4650219092245442,2.5154715980489932
25.0,2,0.09668332882700532,2.9093394796262775,2.9301887284985697,2.907442205604786,2.9622228395750136,3.028967520069464
30.0,2,0.056928671431838856,3.4140328336825836,3.432361174487671,3.525153735425244,3.6167251610196502,3.697520023433765
35.0,2,0.17364058124777895,3.965988230991213,4.11698397826171,4.1792290109778065,4.174943836928482,4.196280025564528
40.0,2,0.11198840083583501,4.656365768803463,4.63753830852185,4.680549337156464,4.786958602264973,4.81964522065184
45.0,2,0.20776035097130027,5.167149111403556,5.226653820062212,5.286924738608352,5.331426080068456,5.5165356419308225
50.0,2,0.47223398967501357,5.799283438517293,5.899864653595688,5.933461921563364,5.987393255781954,5.85631827728993
55.0,2,0.39754811987864347,6.30221397159222,6.3487555440616665,6.506505533986393,6.533050902811713,6.733427748971102
60.0,2,0.619459135370599,7.103419578624986,7.102291971192734,6.960798623586516,7.09215605954897,7.112919623144702
0.0,2,0.03203457807129554,-0.2,-0.1,0.0,0.1,0.2
5.0,2,0.0602493569914464,-1.2070660648429918,-1.1534857697130443,-1.1253457278635444,-1.090859143872253,-0.991849794950815
10.0,2,0.154252697416225,-2.419484549049439,-2.352707649583074,-2.2220184870503,-2.0766508313675245,-2.066351485434985
15.0,2,0.3342087671010725,-3.480485706874353,-3.345004071327154,-3.321121437609327,-3.36025911567118,-3.19894917224593
20.0,2,0.5887645851076102,-4.581318900998087,-4.616132256689762,-4.497654351058918,-4.274327233208727,-4.304993263015112
25.0,2,0.730904714813275,-5.7531716982487495,-5.55579053629219,-5.530371142956352,-5.606648702360097,-5.397050426355837
30.0,2,0.6531109820816666,-6.806051451019365,-6.828330658732417,-6.68924938818734,-6.50102242829534,-6.586985081221473
35.0,2,0.37635674469036773,-7.960448063450564,-7.826268812338954,-7.819832921387805,-7.794047945665801,-7.5796477658555474
40.0,2,0.06771878912639143,-9.037939533873669,-8.99779983977185,-8.879901611343492,-8.834645870179887,-8.79856515477258
45.0,2,0.4055743241601255,-10.207377976895106,-10.123084160028851,-10.044763925334923,-9.844228432937493,-9.898004015987746
50.0,2,2.0382775199970897,-11.263027302797916,-11.132104245183497,-11.102813603554573,-11.28355207471489,-10.90456778617581
55.0,2,4.97247738026827,-12.371374906316252,-12.479424037413915,-12.338794854569294,-11.85187022934939,-12.213207486020464
60.0,2,8.481469174452556,-13.612626433509078,-13.207489527003965,-13.216124942005381,-13.687735932134272,-13.099301180259229
0.0,2,0.0008534071043021556,-0.2,-0.1,0.0,0.1,0.2
5.0,2,0.030831180822041296,-0.7970159837582408,-0.6637584824608224,-0.5315865433110551,-0.4414634173127446,-0.31211980295472364
10.0,2,0.11076117194910573,-1.2445603681438338,-1.18295783271377,-1.1257579038881118,-0.9902793154025994,-0.9483330394468565
15.0,2,0.24142836516402882,-1.9285959936213897,-1.7831407924115588,-1.6213303151182588,-1.5601956928845198,-1.3445698953569996
20.0,2,0.39247256489077714,-2.325198466999817,-2.2592986037471596,-2.220545203926901,-2.065491009895542,-2.1132436346209147
25.0,2,0.4537720700296552,-3.046853203018708,-2.8948872388732445,-2.7160246701538022,-2.6676117756953364,-2.404344261246834
30.0,2,0.3617646462947979,-3.3946959065633213,-3.35881358807781,-3.333945635396445,-3.183256354630933,-3.2049538941169993
35.0,2,0.17993060166676564,-4.165515455697829,-3.9813162665814703,-3.815222021198573,-3.7139984595606204,-3.5455574055446166
40.0,2,0.1588999804586174,-4.50873347659248,-4.47156652250658,-4.377528232374203,-4.362778191162032,-4.2469474157454385
45.0,2,0.8287626834129409,-5.205799756247579,-5.065364751173552,-5.0306628742201385,-4.705124389639233,-4.706546296897828
50.0,2,2.5790473645383836,-5.681322112017168,-5.590990153414938,-5.33617556721747,-5.5928890529680295,-5.258065412358286
55.0,2,5.0770529116870735,-6.24791817076504,-6.130601481637154,-6.232183404193772,-5.659552073896935,-5.93513139728069
60.0,2,7.049068352868894,-6.814678917604523,-6.723532071093604,-6.400241072951945,-6.809553519849967,-6.203325176071323
0.0,2,0.082460074402184,-0.2,-0.1,0.0,0.1,0.2
5.0,2,0.26010822637859315,-0.5920422788655703,-0.6551850945042205,-0.6631706691232395,-0.571532861193422,-0.4974772036937915
10.0,2,0.2830411941068261,-1.4157734433830198,-1.2282816358902662,-1.1232083497283745,-1.1280088617628905,-1.0635439239959303
15.0,2,0.20029215975435416,-1.8850934746504457,-1.8696364936191867,-1.7813248152415366,-1.6776410047177055,-1.7245285339118497
20.0,2,0.6035310293221111,-2.4399736951352033,-2.4214929703376957,-2.4594293374198903,-2.423688999642537,-2.1730474269856384
25.0,2,0.4566900297919469,-3.1704852527781267,-3.0829005314910485,-2.9283235516701147,-2.8110005275247363,-2.904330673437142
30.0,2,0.287824018802593,-3.677178854829452,-3.5501887729325197,-3.5197947103962237,-3.593105025020203,-3.536181281102951
35.0,2,0.7560039813754547,-4.280421536528633,-4.3348983812532556,-4.295441052099547,-4.075020744138675,-3.8700750376414286
40.0,2,0.4038567815081751,-4.813704550171936,-4.754065815773417,-4.712820060074608,-4.725116956449865,-4.829557476571879
45.0,2,1.0177601075589522,-5.7048185960307585,-5.426071690054333,-5.253098269886806,-5.295259756289115,-5.13542465416081
50.0,2,2.7857575649843986,-5.768997007347419,-6.066496182305484,-6.1625405826461,-5.866150945283268,-5.929896356219756
55.0,2,3.195417270215575,-6.914147692150181,-6.566953043467831,-6.4348865506268575,-6.621864507987873,-6.235637386949457
60.0,2,4.7925903959680385,-7.1794527282053355,-7.225868691571864,-7.095200750299663,-6.8651854962217564,-7.387189622263873
0.0,2,0.07032359762754399,-0.2,-0.1,0.0,0.1,0.2
5.0,2,0.11355405910052843,0.4406381638774315,0.43651144837448186,0.47255240117596775,0.4990046034249244,0.5100580356419442
10.0,2,0.17916120040378722,0.7125098886861942,0.8676658570893273,0.9377250813807814,1.0351316012010405,1.1644968766321464
15.0,2,0.25351585102304863,1.399174621675927,1.3512757531520485,1.4298455080740509,1.4574202634834892,1.4385778110987244
20.0,2,0.30093369220969113,1.6585679463023213,1.8391287284658404,1.8649686695132688,1.961205969499069,2.1111872961984752
25.0,2,0.27260464817815117,2.3246682587582637,2.2734951404137056,2.380911984733273,2.415069435342435,2.399678443226052
30.0,2,0.15465142770130816,2.6362681112518236,2.7892484201666248,2.81708584432502,2.8980393802316495,3.0119461589933443
35.0,2,0.02171553891835753,3.210861990133818,3.2349915700516028,3.3019553010732308,3.3575521501090315,3.4059915560954725
40.0,2,0.06255104297864522,3.6677061177643813,3.6823839557452605,3.789239496402108,3.8476852236845525,3.8831024263615608
45.0,2,0.5348586605940562,4.038382889934519,4.2606651041413235,4.213333073081082,4.291867222290476,4.424633583005217
50.0,2,1.5743600314880077,4.737945432782294,4.524590184242451,4.773793142352846,4.803386071067481,4.7479316945023395
55.0,2,2.9455837659060142,4.869127471456717,5.3014530814936425,5.10386891091545,5.22064081953577,5.451320894040662
60.0,2,3.9441278985532664,5.760520872634697,5.4035461261308475,5.767891189673815,5.759580916082199,5.6136367254155495
0.0,2,0.0021120269272810574,-0.2,-0.1,0.0,0.1,0.2
5.0,2,0.17604869886549665,-0.027009282319937055,0.1664974189675138,0.2874005441508282,0.4056729889442314,0.4336386720498893
10.0,2,0.36040361708821517,0.36982292515375076,0.3669472808530327,0.5000058957500632,0.5402944377504064,0.7553301440777852
15.0,2,0.6199706127879636,0.5143176338315948,0.6813937236729628,0.6728770475157211,0.9464030757183352,0.9836095446389305
20.0,2,1.2679820172162806,0.7894584668976173,0.8846279710857079,1.1823770485725131,1.036165096079479,1.1721727845347507
25.0,2,1.299875861297412,1.04658786173104,1.1906514019646217,1.1104701871224505,1.4696166429121602,1.513675615232301
30.0,2,0.8323523928939223,1.379909529842291,1.3677187253230243,1.564124370926803,1.5172179214126835,1.7682315032502576
35.0,2,0.5471252683117716,1.452303937348602,1.6936416887995236,1.845988380679852,1.959041188181983,1.9124271975375342
40.0,2,0.5987692445930876,1.852156437110972,1.970804002954965,1.9079164840189824,2.151981484846657,2.2467443254083377
45.0,2,4.307020947518955,2.165424935796813,1.996344760055283,2.4010211671415234,2.2115222404960684,2.6214899726426255
50.0,2,13.321925164862613,2.1264959537490995,2.718415552044671,2.328688738866423,2.9658508880478665,2.5225522852165736
55.0,2,24.243191786104806,2.735039195976801,2.329646934854537,3.2039157972842784,2.4686087568963724,3.1909930747049517
60.0,2,32.347187390418846,2.767750518462469,3.2698659875097484,2.397479701121555,3.5936458075304025,3.165662086885096
0.0,2,0.20317225999414976,-0.2,-0.1,0.0,0.1,0.2
5.0,2,0.25843714800470186,-1.329425889464121,-1.0499168129280094,-0.8197206467790217,-0.6026461845520004,-0.44263411461832675
10.0,2,0.26884415057539296,-1.8899345264660021,-1.8423759993233544,-1.709688561872515,-1.6224582796225115,-1.4242299293985612
15.0,2,0.28697597212571885,-2.9433960484155386,-2.723960259309038,-2.6017329906171276,-2.3046034620202454,-2.1593381846624657
20.0,2,0.5489322820280111,-3.7246326773482616,-3.5510585710334905,-3.280609668064166,-3.296745267099072,-3.124328409820876
25.0,2,0.555528503660485,-4.542067744072205,-4.397407479163113,-4.347777168596951,-4.01865959603596,-3.915806253839095
30.0,2,0.43551311325302966,-5.440049335131175,-5.293101273380331,-5.071613640934687,-4.990593845861708,-4.670703794740836
35.0,2,0.5078693723719713,-6.2399825578938755,-6.064559315155641,-5.881848335119862,-5.7445930923532575,-5.779422237867469
40.0,2,0.5422539459071823,-7.227733066670019,-6.959870095040306,-6.8711141825596185,-6.583915339187203,-6.312116503274338
45.0,2,1.9662448217958077,-7.736492667069969,-7.863775610381045,-7.576134701013204,-7.6359101042524165,-7.386779752356241
50.0,2,5.410640988520814,-9.120065089852165,-8.538243287387493,-8.592829925080949,-8.049366582394114,-8.142931598699585
55.0,2,9.34999487496547,-9.397696412090411,-9.623031371871924,-9.089345749695962,-9.527160018331317,-9.0505465797659
60.0,2,12.641682079648966,-10.675109129744897,-10.268509743086362,-10.594579116531312,-9.636340870699756,-9.757584920034546
0.0,2,0.02672126879087898,-0.2,-0.1,0.0,0.1,0.2
5.0,2,0.10872397361684066,-0.6318683681196513,-0.4908098293261965,-0.3718362693769282,-0.1859820428062875,0.0036411604484602464
10.0,2,0.18497486625486662,-0.8407175879888914,-0.765838123436984,-0.6259730267523829,-0.5855971079238356,-0.5355848522591061
15.0,2,0.25736770075066273,-1.3773636176313027,-1.1398954782323862,-1.025178494672697,-0.824188269750673,-0.6639401872547415
20.0,2,0.4166314751301696,-1.4243231203939093,-1.4697294743153648,-1.3474215589685117,-1.2945144846816208,-1.1714327583629869
25.0,2,0.40007465278157306,-2.0784349416606607,-1.7973865596662102,-1.6840752181782872,-1.4778984920235234,-1.346481534374328
30.0,2,0.2785871069329768,-2.1560461999993588,-2.11416287286704,-1.9625606188968716,-1.946744310706791,-1.8816180926135806
35.0,2,0.23449055752404502,-2.64022219854989,-2.52401748509651,-2.41219325999453,-2.1881637812450467,-1.973390719378279
40.0,2,0.17026379800559283,-2.904987311868193,-2.7249342495861972,-2.6779075289494387,-2.584663323997068,-2.5223503790439827
45.0,2,0.7773234094147323,-3.286931213638041,-3.2499286124646596,-2.9110531407294458,-2.8779128878148774,-2.7658722879784574
50.0,2,2.3245013379847568,-3.6128150891633917,-3.3265747181925738,-3.5467049066994165,-3.2244525497113194,-3.0580062280393814
55.0,2,4.047515906483494,-3.8247115093696955,-4.019643516874677,-3.4953189486906533,-3.620277406656546,-3.485457459395123
60.0,2,5.488453137342043,-4.496323288713487,-3.8992418794868415,-4.159361404219834,-3.795824758191017,-3.771512859556138
0.0,2,0.04062239719402479,-0.2,-0.1,0.0,0.1,0.2
5.0,2,0.1047199909598273,-0.28336773362848955,-0.25140816668477,-0.25486719156887855,-0.18110825801434852,-0.14412223194370577
10.0,2,0.23194684440615562,-0.6770808656891661,-0.5822085645189408,-0.39573097056736095,-0.3542802399986876,-0.2204465229062186
15.0,2,0.43400306458261073,-0.7406281239325868,-0.6486910477413086,-0.7182608286298271,-0.5991810662394449,-0.6378596789774036
20.0,2,0.6797362651240488,-1.0853323434774995,-1.0763632307001758,-0.8459772271155842,-0.835063804285735,-0.6167577217817997
25.0,2,0.7321158486211607,-1.2111550440254122,-1.0709473709830073,-1.1718778885214287,-1.0274019849369687,-1.0929856207341944
30.0,2,0.48755968825224116,-1.541056090651946,-1.503043323839222,-1.2659574494004622,-1.2632122080767083,-1.115972419072922
35.0,2,0.1431129804506422,-1.6354335043632486,-1.5804320176003732,-1.6133271664402837,-1.5275551766314468,-1.4473672078461384
40.0,2,0.3158092441972161,-1.9788286676288753,-1.8506104679058155,-1.8147036442277198,-1.6291150725889614,-1.645730802370375
45.0,2,2.339956959731505,-2.128146030384248,-2.155724573401845,-1.8435726657113172,-2.0735154469662547,-1.8329035200983326
50.0,2,7.0893216931279115,-2.3831629814799795,-2.1311119300134056,-2.518487068309151,-1.9526547664261664,-2.163319072173583
55.0,2,13.39748794963915,-2.559705336131209,-2.7969524272479664,-2.0961523121497074,-2.655063510088368,-2.155735814625371
60.0,2,17.619472935882325,-2.8892728269213963,-2.3966293039436866,-3.033197090244153,-2.2967784124124933,-2.7626053485612454
0.0,2,0.013859115184719975,-0.2,-0.1,0.0,0.1,0.2
5.0,2,0.032361889912779676,0.33043861365698524,0.4401690106043001,0.5011313007457179,0.5832527493779821,0.6293170469145617
10.0,2,0.09992830968147572,0.849699294513961,0.8761182762188329,1.0056107414331232,1.0569313809760188,1.1802577494571658
15.0,2,0.23398560446024214,1.2923582866431924,1.4439156688249215,1.4422477068412445,1.6057344741450639,1.6686700274442265
20.0,2,0.42745280170417826,1.8610324657103363,1.8673466032072112,2.067280913837092,2.029515473222152,2.1120594292214148
25.0,2,0.49758236836722874,2.2536352695760833,2.4373989468115123,2.4066726602065023,2.619277588790216,2.704559141113471
30.0,2,0.36906005657856716,2.9108588090012053,2.8687642650249034,3.019408367459519,3.006998852045433,3.099822034266305
35.0,2,0.16632259452881684,3.201622418382284,3.3948157219274826,3.491775105207903,3.607386487093713,3.6945613164855873
40.0,2,0.2655256962700143,3.8892474690521186,3.952305832760958,3.919597523750402,4.050641442347326,4.062677502485742
45.0,2,1.601108041800324,4.28541274426086,4.240548081963049,4.5665926576840645,4.5031274827092815,4.7630975250788925
50.0,2,4.7969478665479794,4.764056798864082,5.12440630555294,4.805504053666956,5.164468370382573,4.984651684529213
55.0,2,9.075913011152176,5.3617797150378514,5.073167872405892,5.732480289808842,5.396648148776417,5.763319908266427
60.0,2,12.067329852778995,5.731644568245772,6.2181519955395865,5.6073120420916736,6.204699203705875,6.04989684601215
0.0,2,0.2130160903839492,-0.2,-0.1,0.0,0.1,0.2
5.0,2,0.2681820931493206,-0.1396105189747294,0.11439287350129762,0.2933022376927731,0.5548208091322341,0.7843693632862082
10.0,2,0.4410722573949994,0.4429121597455036,0.4845130055985682,0.6957752488206658,0.734258292019408,0.8570908230914296
15.0,2,0.753585381030471,0.5041534290643607,0.8335571596186789,0.8956140889522608,1.2115309140538852,1.3769687022241661
20.0,2,1.0906852735776484,1.0719062689548549,1.049849061426716,1.365792164846683,1.3655012754297058,1.5760502878931855
25.0,2,1.1521960208998747,1.1975114332149293,1.5299978687279085,1.5178468823505569,1.8489979330035498,1.942019705892016
30.0,2,0.7253852788999353,1.6149779062505585,1.6871616513803256,2.014142571337644,2.045088501231716,2.2822779576265444
35.0,2,0.13767572084616447,1.977891125298432,2.116968969530374,2.2069166094010026,2.417457361093161,2.531689287141655
40.0,2,0.6880409291062499,2.10831316637993,2.450099578500221,2.517098363185752,2.8005227429666077,2.982164266069966
45.0,2,4.555312510653418,2.7680631075500797,2.5805821796905306,3.0906750292395926,2.910305748394537,3.1158468168655524
50.0,2,13.182113568876249,2.6009230570966806,3.316989861353407,2.867126614175847,3.6281284925093185,3.659579621242762
55.0,2,24.592211282861335,3.566252453407668,2.992008760975645,3.995116274242666,3.352456336791231,3.7741885855984574
60.0,2,31.865610388150078,3.1183085810205893,4.126143954361081,3.357094690063031,4.438490961693378,4.247258988515282
0.0,2,0.3950602168230924,-0.2,-0.1,0.0,0.1,0.2
5.0,2,0.5040631404054702,-0.5745353380522209,-0.28836533342347076,-0.05024562912703968,0.26992877260352466,0.5646559636749295
10.0,2,0.6229783904090022,-0.22044953836210804,-0.15629745189059213,0.022032026533158944,0.04815066910905874,0.1494411659619233
15.0,2,0.7608351919471305,-0.6256638063445201,-0.2685990740163767,-0.09784245213132862,0.2677704878593212,0.4886501516600408
20.0,2,0.9080298938828725,-0.24567042069858344,-0.24884905139688238,-0.017376203629153535,-0.010344204950104215,0.2079936233775345
25.0,2,0.8378920209006765,-0.6042865685263011,-0.25804945274355556,-0.13607028704277194,0.2379809204241201,0.36761756626697856
30.0,2,0.5092705643103013,-0.41013532446427853,-0.28097879546012205,-0.01879654654297637,-0.0007465890780995842,0.23928786959959777
35.0,2,0.2063039494419675,-0.4544606753514273,-0.33143400256723027,-0.16716987612936,0.12387991517740525,0.2792536886003781
40.0,2,0.5999655518458731,-0.6130684965507652,-0.24039904476888793,-0.15622502974512723,0.08093806824749657,0.30026198822265615
45.0,2,3.100755700116863,-0.34881939923789707,-0.45649680434992596,0.029533493085125533,-0.04857250445290412,0.11730113603655734
50.0,2,8.52098312715931,-0.7785467825748046,-0.15620736227603849,-0.459796174113607,0.2289279475577279,0.38000672816324793
55.0,2,15.416090376650084,-0.21096488510787076,-0.6129836695678479,0.19769848276558633,-0.29810045236566535,0.060173316707840006
60.0,2,19.83540025069054,-0.9850661102309358,-0.10685125071476108,-0.5557312515994389,0.413239671310194,0.29167016934248174
0.0,2,0.26498909624532974,-0.2,-0.1,0.0,0.1,0.2
5.0,2,0.3624719423889795,0.3382482644768256,0.6603192419937802,0.8813844716038809,1.1126461068167937,1.3165653361874623
10.0,2,0.5042684170120343,1.55011236238233,1.5379140751743106,1.726874154582457,1.8264801899055192,1.976946060112847
15.0,2,0.7149458416762065,2.1183845857956274,2.457076861521748,2.5153802634682765,2.8058550181391477,3.0307935343113726
20.0,2,1.0757989691528818,3.1633287660070275,3.2035093728751574,3.5762417811275173,3.5956426074050607,3.697931156900108
25.0,2,1.042505363345797,3.932445752678005,4.234216064198058,4.188351279930214,4.496548367537931,4.6942556410493665
30.0,2,0.6325964111474601,4.84867312013634,4.886227815664659,5.214353482797675,5.33098332870125,5.5747427791724435
35.0,2,0.3351748950133706,5.703130640499132,5.944197687017133,6.077281128614803,6.2007068781540555,6.238827613266055
40.0,2,0.7336216053561947,6.4195985626502985,6.72798266592572,6.805039951501791,7.126066467775231,7.394619720776901
45.0,2,4.0203514027519915,7.701577221366719,7.4382727521930985,7.869593743019999,7.789158351748854,7.983868721380117
50.0,2,11.27968727003262,7.858330668940677,8.733581434895727,8.426768259271432,9.006958365894825,9.065995481784881
55.0,2,20.150862166325826,9.571701662596169,8.921788429038116,9.836495193346575,9.397572262989849,9.67324008389544
60.0,2,26.10778969186746,9.615646476807555,10.581391287464998,9.825198398352256,10.77013264297126,10.917592247348743
0.0,2,0.034800647170681875,-0.2,-0.1,0.0,0.1,0.2
5.0,2,0.05606468021487794,-0.2841592509335969,-0.2743725773477714,-0.20369952985944656,-0.1481649310415532,-0.0658830541750837
10.0,2,0.12145103109474725,-0.5824112741216332,-0.42875585620933676,-0.39824041148572126,-0.29587571069310664,-0.2472754342051176
15.0,2,0.24699756796306413,-0.7238480031200422,-0.7178329191789665,-0.5367603718611449,-0.520851249156743,-0.42954548675549403
20.0,2,0.4447484847131732,-0.9006550451790037,-0.7773435802666285,-0.8660003732515964,-0.711037330814372,-0.6500810439182678
25.0,2,0.49797128112363287,-1.1668187177857914,-1.1439851819295865,-0.8950434695945011,-0.893139669186284,-0.7824096782911892
30.0,2,0.36207859435000694,-1.2770048274750179,-1.1443692531540195,-1.2065725008489827,-1.1111726071878991,-1.1185568714789438
35.0,2,0.20025213197336422,-1.5678710784917738,-1.5205700726093077,-1.3882766607191268,-1.263584215055832,-1.0936533766263272
40.0,2,0.33998559825393515,-1.6047002914033504,-1.6155712105513251,-1.5030859598511979,-1.558603133763218,-1.5282741512908116
45.0,2,1.756437549459463,-2.0844295904057493,-1.7591263035543574,-1.8459160472156906,-1.5542061828553713,-1.5428359661863147
50.0,2,5.025311406211334,-1.8670034875332167,-2.1950147633077437,-1.8010631537472364,-2.0647050652258807,-1.8350069637609618
55.0,2,9.21916253104186,-2.5235147556724056,-1.979760595007005,-2.408974039843341,-1.8569526579902151,-1.9698707284197243
60.0,2,12.049580299704632,-2.3103127890025,-2.689190142504329,-1.9825701963821047,-2.485049468597217,-2.2482295238042647
0.0,2,0.008625598172180277,-0.2,-0.1,0.0,0.1,0.2
5.0,2,0.033225692113338076,-0.3576321720036802,-0.24683386529527315,-0.11448009456522093,0.038564907532431074,0.17797390561537216
10.0,2,0.062030008521863425,-0.3833061989962936,-0.26512681920490005,-0.18672112961978862,-0.1310674887157547,-0.03859300089600259
15.0,2,0.09475168953706796,-0.5939656178907927,-0.4728989323180238,-0.30007002010024203,-0.12424956222512519,-0.01603782361492792
20.0,2,0.1497020240982694,-0.5445730107020843,-0.45020867825064514,-0.4178096942904323,-0.3697936551112312,-0.22724423651109346
25.0,2,0.16884456502790152,-0.8095420434908257,-0.6880769310865491,-0.49168738458441075,-0.30334747269796025,-0.2193827617221156
30.0,2,0.15971136075081038,-0.7688372335262604,-0.6371425612625333,-0.5913956387592829,-0.5670123087998382,-0.4500561699503264
35.0,2,0.1427183999915483,-0.972275770225356,-0.8913617479322002,-0.729230256535286,-0.5294891626765932,-0.3944942936451903
40.0,2,0.06682602789621406,-0.9845761245214573,-0.8637246706834609,-0.7925048075182187,-0.7326230671412662,-0.6458298798666118
45.0,2,0.050563827313039295,-1.192890629893852,-1.034663901841866,-0.8816096260753633,-0.7728104708886939,-0.6396912397476309
50.0,2,0.16377793099102458,-1.1651444402388789,-1.1393314250257387,-1.046978157171717,-0.8738572258345874,-0.7987619388928683
55.0,2,0.3469944365552825,-1.3704871399018645,-1.16557535654105,-1.0807121047586328,-1.0609602868927175,-0.8487456177859013
60.0,2,0.6982823282359127,-1.4359491287692447,-1.397716887031782,-1.1938199411708708,-0.9707642093126828,-1.0306376583119616
0.0,2,0.39054914349686504,-0.2,-0.1,0.0,0.1,0.2
5.0,2,0.5714757775825662,-0.5805266358997901,-0.28339695492791006,-0.0376165328356326,0.2639005160364908,0.5856843199023923
10.0,2,0.7472270313235418,-0.1827655521910847,-0.14314335920205346,0.016071670829648138,0.08302846114136504,0.12289820397322913
15.0,2,0.8751122694862717,-0.6474670470278496,-0.2552252032484921,-0.055529436848441485,0.24365774782540023,0.5586980761260653
20.0,2,0.926411459696975,-0.17406631604089912,-0.22285439398751458,-0.030157023137839446,0.06152123679295562,0.15773534547558646
25.0,2,0.731700169698029,-0.6329772448249136,-0.2360783384586002,-0.0730542485703331,0.21018500892706174,0.4721483843046957
30.0,2,0.3578644440132582,-0.31847901532865197,-0.24298183314290864,-0.01644763095965371,0.07288841134449697,0.19328834174026863
35.0,2,0.1048963212305208,-0.47184991958461375,-0.29867481962022807,-0.11972870118572886,0.14935445016592766,0.3772119761538364
40.0,2,0.3575946138556673,-0.5227021335729056,-0.1941341668574663,-0.09029910375790459,0.08190169666848049,0.30959140572461785
45.0,2,1.8840604920828783,-0.3321885673615768,-0.4085410427364852,0.008078666103004098,0.11130419101568498,0.1537491634597995
50.0,2,4.916863005340982,-0.7114564530905759,-0.10427872883625809,-0.2851739594266704,0.08727167003741076,0.4940845940720929
55.0,2,8.418964229724853,-0.14092762093303177,-0.5533901307447376,0.08834733299287892,0.030920169661207954,0.0035420840552297917
60.0,2,10.564998294282898,-0.9568511888963761,-0.03376046836000936,-0.29964015801858884,0.1565604790650917,0.5102278835169886
0.0,2,0.0030936511601168896,-0.2,-0.1,0.0,0.1,0.2
5.0,2,0.07218621211483282,-0.3802017072522882,-0.29501505845713205,-0.21012576843419353,-0.03440845735769807,0.08480700976551783
10.0,2,0.19866316489697955,-0.5471612198005888,-0.420579242523103,-0.2740979899772052,-0.2815923793728398,-0.14645713179784398
15.0,2,0.4086287436205398,-0.7508093622083628,-0.6190280589971483,-0.5439479324158711,-0.2960138590126555,-0.2950327325733176
20.0,2,0.7492581030489329,-0.822152524619192,-0.7760532958668191,-0.6430101123329492,-0.6913684955831275,-0.4071914985410356
25.0,2,0.8287293103877957,-1.1018297661174956,-0.9476423078880147,-0.8751879258839493,-0.5901896105878229,-0.6598702982016087
30.0,2,0.5875483812907525,-1.211105160069955,-1.0832140074782062,-0.9253844477606269,-1.0004735932590254,-0.7894866818468549
35.0,2,0.2752029125620066,-1.3554482409581636,-1.3278149137970254,-1.2428396523218628,-1.01228811224407,-0.9062169528293144
40.0,2,0.27565707085958674,-1.5708597584791644,-1.3784845732626965,-1.3520213633128797,-1.2025497664082745,-1.1756363924231714
45.0,2,2.157425996047979,-1.739869833921312,-1.6846566736527988,-1.3325988075582977,-1.5140200246539268,-1.2433504958355892
50.0,2,6.892685415277041,-1.8506801390018315,-1.684275335746546,-1.9732118706026944,-1.321047762389978,-1.5202247096166341
55.0,2,13.1810270480205,-2.040296411262995,-2.0719308420683635,-1.4906410978747242,-2.1101340648542237,-1.4713813830330456
60.0,2,18.02262923190935,-2.3009566834441553,-1.9660876696870877,-2.3132545989953224,-1.4050903437834557,-2.033938484918943
0.0,2,0.04302103049580785,-0.2,-0.1,0.0,0.1,0.2
5.0,2,0.1033054717179884,1.0272519300181813,1.0509088106299713,1.092689329603744,1.1853437980466386,1.187187902482683
10.0,2,0.3151440759201742,2.020652753608957,2.1510053919412693,2.2497147308946803,2.238030120478921,2.4273605446385886
15.0,2,0.6767902021646854,3.2286149515832827,3.235156686980333,3.2800749786037326,3.493109100537321,3.3931895946389483
20.0,2,1.0492038511846338,4.265250073004242,4.398193312247576,4.490937161717103,4.370498311257811,4.648648224898118
25.0,2,1.16534896648579,5.413151594007036,5.426508415510593,5.4818703928187835,5.766931503008387,5.6284469485612405
30.0,2,0.8206794519479932,6.518204424049353,6.637034579396173,6.706583255399683,6.583560969170821,6.814907396671254
35.0,2,0.21912958462266663,7.58790143034356,7.629167232421985,7.737008671842816,7.917676613038965,7.931918447821192
40.0,2,0.28120842766329757,8.791440293231869,8.859801187863443,8.830960762545217,8.948145608678127,8.916706313930879
45.0,2,2.5189635022043424,9.737602389843829,9.850415069882214,10.10496784012711,9.9092912299194,10.288159407258103
50.0,2,8.044414085749745,11.075333081866546,11.0661728085009,10.864087221334522,11.450956221385455,10.977268374724515
55.0,2,15.899865721389677,11.905187220277003,12.086249784892392,12.495754159954414,11.824255031264434,12.665753282204893
60.0,2,21.960100442394623,13.320300388017886,13.248560574026065,12.96928462342231,13.915959821565583,13.066475842342395
0.0,2,0.1213625380635984,-0.2,-0.1,0.0,0.1,0.2
5.0,2,0.13985503411729389,0.3468767295125073,0.3618477980177258,0.37306519355462986,0.3900627366615705,0.3558841593199975
10.0,2,0.1675652981465499,0.5571706189388026,0.642233331735385,0.7334271815174058,0.7845020273146307,0.9381400746266285
15.0,2,0.20641038927419864,1.0643915637011783,1.068726816117311,1.06643720141057,1.1646615126050583,1.1189927573651715
20.0,2,0.2618447170470744,1.3024664459722088,1.4038760295839856,1.5168332129712743,1.4781624859741271,1.6096082937641252
25.0,2,0.23540144171822322,1.750225605971757,1.7759306093111313,1.7762489776448025,1.929013509531663,1.9072643828728197
30.0,2,0.13575182869775226,2.121573514869444,2.1470132320253006,2.212781038839678,2.1857477985393645,2.29930411812485
35.0,2,0.07955949953282598,2.378968657971912,2.496112608023377,2.576320046386429,2.654853104056699,2.687901903026638
40.0,2,0.23147375969861433,2.923242676770387,2.905478265347081,2.886409252160208,2.971999781470757,2.9347629607830648
45.0,2,1.0264318084959014,3.087877336076589,3.1779020568269734,3.3403028510372788,3.2786471165123388,3.564900193144767
50.0,2,2.651528450717671,3.660339222332862,3.692512885744371,3.5699047812126437,3.835913193196484,3.5186960881780767
55.0,2,4.582608531411461,3.7848461827230224,3.869797494603983,4.176617064721102,3.894243065413452,4.379598980269351
60.0,2,5.788973859902894,4.452870895299693,4.4356235221326585,4.16406909807991,4.628800138448658,4.251475750836503
0.0,2,0.4632482711565698,-0.2,-0.1,0.0,0.1,0.2
5.0,2,0.5507322652375695,-0.5539364798249554,-0.21149747037751318,0.06710508297058995,0.33913590673229727,0.6362148658408531
10.0,2,0.6237657785535868,-0.06626520503353196,-0.04347602412588252,0.105240608561966,0.23975111648995814,0.31879331479003575
15.0,2,0.6546657763755421,-0.41045617257215866,-0.045506205171277424,0.14635934351672042,0.40054911422714534,0.7401196360233929
20.0,2,0.624023847023175,-0.03324245073864231,0.016231767328045543,0.2641662542301827,0.4081199536145061,0.45281209693100993
25.0,2,0.42767472483797475,-0.20835799364055363,0.11265479308928214,0.23903255391909703,0.46616511010612244,0.7756150632324404
30.0,2,0.15351273706448015,-0.012471357898281223,0.09072788902922237,0.33911437584091064,0.5391657034199838,0.705594821655811
35.0,2,0.0690499938905983,0.015297583355667726,0.22769807450555524,0.4117314206204898,0.5760874518573457,0.7083388070498573
40.0,2,0.47208272243301913,-0.07485633654860793,0.2517328564500166,0.4135166193818788,0.6473484894930341,0.9784336139538652
45.0,2,1.840644542915716,0.3588798731559977,0.23285130649189623,0.5193712570894061,0.6855667789504669,0.6965279323836545
50.0,2,4.180697556710982,-0.19659456706402842,0.4930512644720342,0.5205944877036129,0.7548510851418565,1.1983167831591652
55.0,2,6.6106495606576,0.6242909470928957,0.2360276469943936,0.6960511406031571,0.8142888433471305,0.6765823807162606
60.0,2,7.869708091136706,-0.13150634053707297,0.6492257837762729,0.5176951269675333,0.8440659020296949,1.4447823918586433
0.0,2,0.08902893161600384,-0.2,-0.1,0.0,0.1,0.2
5.0,2,0.12321354888346292,-0.7701789797786529,-0.7437401839380777,-0.7714082523720388,-0.7101342903904281,-0.6917773279742461
10.0,2,0.2676798236032428,-1.650922492761913,-1.6013866975852389,-1.4174519973554638,-1.4087598546350468,-1.295957026569236
15.0,2,0.5593778724364161,-2.310846347665514,-2.1788115893455564,-2.276596455836307,-2.132891682226493,-2.162571028286484
20.0,2,0.9304365788222144,-3.037394060362458,-3.1155668220093187,-2.882555102815741,-2.9402059850825295,-2.7732341675437318
25.0,2,1.0621681605357443,-3.8558317036561336,-3.6406257591214697,-3.7661241356851227,-3.571403054247649,-3.6022105195568446
30.0,2,0.7423076683836858,-4.485783318721776,-4.555306986919419,-4.337927140717919,-4.411547133388373,-4.332869626973174
35.0,2,0.22175982847638642,-5.327507432236242,-5.205905227431546,-5.216611416918779,-5.0935900448310605,-4.967059119756508
40.0,2,0.5531253171605014,-5.961286133496563,-5.888734708985407,-5.945167518127662,-5.803016883328906,-5.899707031689067
45.0,2,3.782460390762916,-6.809994135649229,-6.870225849114169,-6.438363490196389,-6.6822920017804694,-6.384275833340953
50.0,2,11.34638150781667,-7.457612188857112,-7.127653418284593,-7.724970406189656,-7.135492652082113,-7.426661679121274
55.0,2,21.57864130660073,-8.195695950700863,-8.607885266967532,-7.6651135259211305,-8.311929705684074,-7.77900492971469
60.0,2,28.505874526183334,-9.06875176696076,-8.375721822584298,-9.315977111242157,-8.49734731905575,-8.989070393598839
0.0,2,0.4798631146825392,-0.2,-0.1,0.0,0.1,0.2
5.0,2,0.5054367429904593,-1.0778551901760176,-0.7803724658063412,-0.47040063817053934,-0.2008136200125506,0.11053748627763565
10.0,2,0.49972003236458323,-1.1811562905711968,-1.0681148564489036,-0.9933507149260825,-0.8329902770520247,-0.7621967167774052
15.0,2,0.4728373453823012,-1.9953189890799385,-1.7439196990338457,-1.4167085818911993,-1.216938322235981,-0.8838276914224135
20.0,2,0.42238771402082015,-2.230675691436903,-2.045001711986953,-1.9761974560502786,-1.7475743176545808,-1.6761685344224146
25.0,2,0.3267276494052599,-2.861205531700948,-2.691369898758602,-2.373362009523545,-2.2283622577715465,-1.9402224416842033
30.0,2,0.19927403212519643,-3.3086538004623938,-3.049369796411626,-2.9449860378573094,-2.6929735494937326,-2.5174433831015213
35.0,2,0.1770843648799911,-3.713853506927396,-3.6017071009663377,-3.3661413701970235,-3.189121639185747,-3.0615073779378528
40.0,2,0.5924614296877119,-4.393636191612191,-4.096571750777113,-3.842206299567434,-3.697254194990446,-3.321566986155017
45.0,2,1.9103876648038671,-4.5711085204511255,-4.465168168364786,-4.452092474810876,-4.094385520545538,-4.18738516681764
50.0,2,4.338040685687469,-5.444570384961294,-5.193286255086227,-4.665495044341086,-4.741910611351595,-4.143781983137751
55.0,2,7.229238487280496,-5.500952605741489,-5.286092045417413,-5.5510135444130055,-4.9922572069773015,-5.277633304216605
60.0,2,8.826226631665351,-6.40262636945729,-6.301691555733165,-5.553197839646884,-5.733796847149773,-5.035540522666581
0.0,2,0.3918345558294185,-0.2,-0.1,0.0,0.1,0.2
5.0,2,0.4724179929958831,0.4365098497534263,0.730993328687597,1.0418168237293104,1.333541424848794,1.5530377671605045
10.0,2,0.5388562090515687,1.8570196936110934,1.9671577361787977,2.0238146177526537,2.072769529914553,2.271036810902174
15.0,2,0.64844105985894,2.536224530019144,2.727956208996346,3.0302665306578915,3.414555008468029,3.5786953043975047
20.0,2,0.9206927792042612,3.781965774017171,4.045680128125105,4.141607460325532,4.090507271279758,4.323836142970932
25.0,2,1.0764377539322993,4.673649052720577,4.755653305008125,5.0396871995918975,5.46266202676403,5.5478443868134235
30.0,2,1.0587201486766937,5.7718098269744464,6.048950124064562,6.1183159809631595,6.133581925175218,6.502737307900362
35.0,2,0.8780952443891539,6.7453678827092265,6.862960756044755,7.179137905132575,7.450244581232786,7.433583234137997
40.0,2,0.3877720930796884,7.7260587145100645,8.009263539269531,8.107991420982566,8.30885176764188,8.615028111032887
45.0,2,0.4601096880294165,8.92758086916706,8.983769058767352,9.189074177475868,9.255261405181473,9.507407237024674
50.0,2,1.95260186285264,9.642331328940035,9.933077050229521,10.167986039971126,10.639536486335237,10.576061036319992
55.0,2,4.97738441582865,10.9677081308379,11.200281600140066,11.314725089741549,11.00384099055106,11.568335324704773
60.0,2,9.615015481988397,11.80256633986385,11.737787023093198,12.027127946559188,12.920173108645512,12.663135911993042
0.0,2,0.044399986950001476,-0.2,-0.1,0.0,0.1,0.2
5.0,2,0.15408631651464,0.7847646428644219,0.7603270053537456,0.7809151978386194,0.8231991656503528,0.8820088805945518
10.0,2,0.25085116020717135,1.3237651566952808,1.5178590754610455,1.6289529525150954,1.7476522427304109,1.8442003572015515
15.0,2,0.32928963727510974,2.4192380779075378,2.381689874397458,2.448673982182093,2.425910143708488,2.418132598709459
20.0,2,0.49656551387149434,2.9587201947783806,3.1139244807316637,3.153262448259459,3.354334811828933,3.5446176336082704
25.0,2,0.46534274928554153,4.026437191411354,3.998580768302992,4.093224349182079,4.035275762885823,4.002556389726087
30.0,2,0.3367670026602366,4.533681601587273,4.738314268637865,4.834332530744448,4.988865039367407,5.092095913472978
35.0,2,0.31173582517598564,5.664607651197467,5.609434994348438,5.5935567996842765,5.628464675245268,5.722440125636157
40.0,2,0.20175597918619353,6.219043930404934,6.304999311588211,6.5001769263843165,6.582987951439511,6.642511018596277
45.0,2,0.667616981208501,7.087105922623994,7.322373274299901,7.238985275223251,7.306459510517912,7.326010048049843
50.0,2,1.9140461327604577,8.0487409135384,7.802651626923926,8.086980120531221,8.114891769624972,8.25888449239807
55.0,2,3.1655487519317287,8.573994576627822,9.005191323139838,8.755857904153991,8.970340047127625,9.037979964268937
60.0,2,4.342855505355919,9.671342079022342,9.419531816583186,9.89790116139775,9.715242288865431,9.670561361751094
0.0,2,0.0015193573805817888,-0.2,-0.1,0.0,0.1,0.2
5.0,2,0.06740441141542597,-0.8078120222543594,-0.6735825348593054,-0.5877772027207688,-0.5172840563592498,-0.47902656408984373
10.0,2,0.11267906854539025,-1.419282607952758,-1.3741191972989215,-1.2388868955180594,-1.1310133875019164,-0.9676626722954096
15.0,2,0.15569574983305665,-1.983832148108006,-1.8738912860251757,-1.8803471854345999,-1.7585379086385744,-1.6998386126442453
20.0,2,0.3442465092388006,-2.7215154622311637,-2.6102444137255856,-2.3632940455065286,-2.332092804167724,-2.2347827955031434
25.0,2,0.33736230700922176,-3.1811274344235443,-3.0856163066983635,-3.1447329027064597,-2.9953966163743067,-2.920538641214996
30.0,2,0.23347421433664653,-3.8975445603190573,-3.8594104896616135,-3.6657651465596377,-3.569974728750344,-3.4001993564106088
35.0,2,0.24926481140393325,-4.478475323424014,-4.310160628388631,-4.240188919041712,-4.213994127460481,-4.215557663669981
40.0,2,0.18140013645999092,-5.127523602047946,-5.024262090550893,-4.96702008389806,-4.760241884675549,-4.644811381095915
45.0,2,0.9045040554917434,-5.601267300498043,-5.669982560532197,-5.477050316238203,-5.528475413081226,-5.3125658322022336
50.0,2,2.758214405938727,-6.466128140087022,-6.086993853580715,-6.196353607542247,-5.886318767408815,-6.01902943421666
55.0,2,4.760125103045542,-6.825676415863609,-7.026263443128575,-6.5675677378372885,-6.808133601635595,-6.492664984654002
60.0,2,6.455023613381347,-7.569137716531377,-7.249537036338821,-7.6616307100026315,-7.1311091054266855,-7.174373995103057
0.0,2,0.2473502826035044,-0.2,-0.1,0.0,0.1,0.2
5.0,2,0.19146859769298416,0.15575795910124615,0.4087135749690703,0.6284258434931441,0.8660815117751367,1.0754179521688891
10.0,2,0.14724019888697762,1.0149402266855965,1.107416938813317,1.2641381009704293,1.3606957828668502,1.5216026336787836
15.0,2,0.1489018715402537,1.4855261694010646,1.7082110944860114,1.8451985749218718,2.1041495955724114,2.2601050901410744
20.0,2,0.21811909320876255,2.167302191115334,2.318787833678963,2.564495388887868,2.636940121436043,2.8500618309116623
25.0,2,0.29078887502367123,2.840027943310082,3.0019762419767844,3.078448107018917,3.3331935584415593,3.418338356789973
30.0,2,0.3306976846846487,3.3357333122041144,3.538985801232627,3.790746830539348,3.9199947796543917,4.220920325414295
35.0,2,0.3795959535204397,4.175263381905845,4.269531344577897,4.395324589512915,4.539145844833006,4.561512729722668
40.0,2,0.6025020021394931,4.490055834849773,4.813153488314585,4.975608966061717,5.257359699344873,5.538996743488808
45.0,2,1.4265784183162697,5.544910702186156,5.468159924116648,5.714346965361998,5.668643016396242,5.813510965506248
50.0,2,3.147387225070772,5.649584541027027,6.136238039654813,6.143862663390994,6.6598952490541,6.754387921947869
55.0,2,5.389186435649743,6.823743248161257,6.6708054089419395,7.095101973336504,6.779129764394617,7.109584861748146
60.0,2,6.955225518964371,6.961811466839973,7.395166211760958,7.262469223590959,8.021713164727283,7.971602031170855
0.0,2,0.01522117637115637,-0.2,-0.1,0.0,0.1,0.2
5.0,2,0.027672070220783922,-0.68793008433407,-0.583008268566994,-0.5217442545747525,-0.46747613009030814,-0.4063758295197528
10.0,2,0.06005559417215174,-1.226885356154108,-1.1944049008221265,-1.0724127195431017,-0.9629046498141874,-0.8764615078382345
15.0,2,0.12401149595049699,-1.772581232793899,-1.630718027180947,-1.6186651602552626,-1.548056298708164,-1.429582982319378
20.0,2,0.23736127598979756,-2.286925082990081,-2.2710336827419444,-2.092550461656435,-2.012567085753446,-2.0030619552016233
25.0,2,0.2910978063160179,-2.8626877799444923,-2.690808942025565,-2.7027175475117176,-2.6194592420221245,-2.456999323925476
30.0,2,0.25960955435475214,-3.303969038315391,-3.3378581050211453,-3.193994666789928,-3.0947992370545983,-3.068586355334201
35.0,2,0.17437251870119996,-3.9732590671280215,-3.781590836067238,-3.7096365615199396,-3.6576775950733302,-3.5435779098126368
40.0,2,0.05964525596345098,-4.380074963785197,-4.333816779520522,-4.294876432570946,-4.187665492193031,-4.135842868617375
45.0,2,0.2611917176687315,-4.9637686626044495,-4.969960990042066,-4.78113359747554,-4.7038508137844515,-4.580097039866534
50.0,2,1.0505478329486126,-5.546851558976278,-5.250607607206191,-5.362909974238677,-5.28376772546524,-5.221208804972604
55.0,2,2.313403596467245,-5.965738080411716,-6.176988811937125,-5.785808090692632,-5.713843501462036,-5.68950175344139
60.0,2,3.760545526081822,-6.627117693695185,-6.215145094835019,-6.538686870443653,-6.431902411371485,-6.185562734685404
0.0,2,0.10008247952339559,-0.2,-0.1,0.0,0.1,0.2
5.0,2,0.15317224017462278,-0.513939939735528,-0.527155919179662,-0.4860952668611172,-0.4999045437969151,-0.4955616468451194
10.0,2,0.2632564944750075,-1.2318691999111633,-1.0767700532970852,-1.0441387610922435,-0.8959682515218333,-0.796568367014349
15.0,2,0.431334529260974,-1.5027167531696544,-1.581291317971224,-1.4672250738985255,-1.5240704297054513,-1.4926683745101457
20.0,2,0.5925916721495246,-2.249059064514143,-2.039086802014902,-2.0726047092891564,-1.892484863982319,-1.837393825872824
25.0,2,0.6023653199781426,-2.532440305460545,-2.6216636549177657,-2.46200388443863,-2.533930920046141,-2.463247817228625
30.0,2,0.36406435699818956,-3.1987418341534335,-3.048825436244489,-3.084295920183873,-2.92113741249242,-2.88294329543587
35.0,2,0.04494033412749481,-3.633918331448545,-3.587921680406992,-3.5035501465984606,-3.498997399060051,-3.4342136574144217
40.0,2,0.27561403846754023,-4.0973516312596185,-4.145507531092707,-3.9990775749247645,-3.9988825752376758,-3.940439218832048
45.0,2,2.0867246699225817,-4.76208223590681,-4.467744036873635,-4.67303202169623,-4.414833299627511,-4.386224253661044
50.0,2,6.152080745634798,-4.977440766113352,-5.314248458787999,-4.812853545431178,-5.124156810304208,-4.997873583546891
55.0,2,11.540361705722221,-5.907419368574477,-5.314183150247795,-5.858217627507018,-5.295968068240697,-5.373442266032029
60.0,2,15.00446887481174,-5.869662745658341,-6.437110528447521,-5.7168298914754905,-6.242465083090139,-6.005819548348832
0.0,2,0.05675284881173214,-0.2,-0.1,0.0,0.1,0.2
5.0,2,0.12062793263843341,-0.5361396301836333,-0.4903088608367235,-0.487898940414317,-0.43103513684213757,-0.4358488674555125
10.0,2,0.2861073687318678,-1.1615026623426603,-1.0893109643817636,-0.9186395472983563,-0.8822590201181976,-0.7107506773236905
15.0,2,0.5645719804939424,-1.4825876771848097,-1.4091761545005015,-1.4925388972540485,-1.3483394285488928,-1.4110521497087474
20.0,2,0.8578004572494943,-2.1125058158150174,-2.0678003881424383,-1.816573403590561,-1.8680472028582504,-1.6599989325230795
25.0,2,0.9318337176627137,-2.453515892005321,-2.3482767054089733,-2.473097473580375,-2.27815775279325,-2.3531093548737134
30.0,2,0.6022099100971198,-3.028615393023374,-3.011283512875514,-2.7913356883504346,-2.818989952091919,-2.637164068052727
35.0,2,0.09225418425008193,-3.4456277502400643,-3.347717246200253,-3.347314047549706,-3.2747783695641903,-3.2531826365720455
40.0,2,0.39044846470349764,-3.959155027064094,-3.8642884070978365,-3.8707782066864,-3.669458229747007,-3.686171615263178
45.0,2,3.166691831921768,-4.394502137096938,-4.454587261653483,-4.129374823806192,-4.38719992287739,-4.06541877615689
50.0,2,9.581721067908685,-4.926787171706886,-4.625118903192996,-5.036058101019069,-4.427661077601451,-4.796689103802729
55.0,2,18.229941884540537,-5.344137193237991,-5.599668447265002,-4.846214374350975,-5.522601468433087,-4.880924309768346
60.0,2,23.87199046297779,-5.857018333446992,-5.432393400394366,-6.181232108405081,-5.268684202590684,-5.835449183950626
0.0,2,0.0018686950968983193,-0.2,-0.1,0.0,0.1,0.2
5.0,2,0.09799185725210603,0.18835207153058642,0.22026567580708134,0.2692628217030233,0.3562753561273463,0.4941663113503094
10.0,2,0.14265208835822904,0.3314768671681988,0.4941961291382097,0.6390334262970728,0.7736280968267737,0.8183099536064535
15.0,2,0.15562315657939696,0.7996859444211675,0.8745956087105681,0.9481102495891663,0.9339501167742473,1.0286247900599264
20.0,2,0.38131771561057215,0.9873333338094578,1.0525929921045676,1.1382506936836105,1.3984083727401768,1.5367035537356326
25.0,2,0.36198552017500707,1.4102207344844344,1.5135334360838515,1.598943231749764,1.5249675859320495,1.5939461943417264
30.0,2,0.2950645357413228,1.5163028979341733,1.6772490779787648,1.8398794476931957,2.044423570808161,2.092078424695924
35.0,2,0.44732489098300526,2.1171937492899557,2.0975034283545146,2.0690397557904436,2.121060633681667,2.2934580885120317
40.0,2,0.23741045677296704,2.134625829221171,2.2852388474264673,2.5046163908232115,2.60237499673714,2.699721827939043
45.0,2,0.5266159097621916,2.589830660235933,2.75382582142129,2.751574566697965,2.865888678211004,2.7937804020992516
50.0,2,1.5107145600257814,2.9056792085379035,2.853895214593298,3.0481515059787845,3.0486426431060334,3.426853792967881
55.0,2,2.112902072606619,3.1638746774071933,3.3466163011287766,3.2684567613392046,3.6043982088266486,3.42819865300053
60.0,2,3.146327091019424,3.4209885929130075,3.5558741389568005,3.901038735889956,3.598186470422804,3.8637789000382656
0.0,2,0.12148763348860137,-0.2,-0.1,0.0,0.1,0.2
5.0,2,0.22252706201830807,0.619517171265288,0.8704729218649401,1.105979302818895,1.249863908652035,1.4013192232551361
10.0,2,0.20725908460120562,1.914465522755526,1.9745019355316245,2.0365808070176556,2.2154718812240835,2.3532849091836967
15.0,2,0.11536871734563471,2.808073433316797,2.9612363666479355,3.15676030727854,3.291609112821896,3.5237783635037325
20.0,2,0.32873401696883103,3.8664101740604044,4.09642513405233,4.239944737057159,4.38853396304314,4.397296103212144
25.0,2,0.22351980180860695,4.997995391501173,5.064974382776372,5.22560764193045,5.348278898665286,5.598906324408217
30.0,2,0.13187396187074968,5.9851115163012745,6.1410417268726425,6.237941489642973,6.470756779573461,6.648063654747456
35.0,2,0.4622552077930555,7.042541234023738,7.239088811924081,7.448764170001745,7.497698157728986,7.5019753213154745
40.0,2,0.33049451549414566,8.04021981092495,8.193715530839478,8.364774033530365,8.53473261723184,8.843778230323666
45.0,2,0.8756155048022836,9.312823485695006,9.342876589828213,9.323303880208003,9.600422111722395,9.644946683252911
50.0,2,2.2341580171885784,9.975655689166802,10.280856171894477,10.716117559017766,10.619561791924038,10.879334066559732
55.0,2,2.7655400064944455,11.396465365233523,11.51741608977146,11.364108946406807,11.77081107183832,11.669876333168862
60.0,2,3.7769412327442105,12.27366998114395,12.251121874384472,12.647674862099997,12.61160252492876,13.181761091717993
0.0,2,0.017596585681947323,-0.2,-0.1,0.0,0.1,0.2
5.0,2,0.09130484373044996,-0.7647724037494896,-0.5788998607073698,-0.43139135808130497,-0.3442445299009431,-0.2567001456145604
10.0,2,0.09716488247444216,-1.1600363001644909,-1.1054326356221857,-0.992378459039796,-0.8217328868535473,-0.6724363144273228
15.0,2,0.059681142371741984,-1.623942734823731,-1.5036024231310954,-1.4375708749351515,-1.354338898663523,-1.2085699626075246
20.0,2,0.261025110462485,-2.2409698122137307,-2.0630868480387545,-1.8391016427403801,-1.701250505305285,-1.6596243839165492
25.0,2,0.2272551659888949,-2.501916614912848,-2.4336138704227634,-2.421452633977546,-2.345570487215037,-2.1774878837401674
30.0,2,0.20286565935589143,-3.16003295774967,-3.059096011096803,-2.8805021213270257,-2.662171462208524,-2.494247235939991
35.0,2,0.4668695637615006,-3.517912748615844,-3.3441927942800502,-3.244543161737022,-3.2577788240546144,-3.267630557688101
40.0,2,0.27778582809098745,-4.129173694506222,-3.9954701897595353,-3.845415920784556,-3.634238310479946,-3.403768268899045
45.0,2,0.38819756776559555,-4.336699543788056,-4.373810381154378,-4.331652900013675,-4.21545594672509,-4.126455910801789
50.0,2,0.8473977605372462,-5.207392388959153,-4.848474763432062,-4.648208385199978,-4.588347036260753,-4.467660406684604
55.0,2,0.5657477678695981,-5.312779404011083,-5.377135607986241,-5.260249904674821,-5.101942645621244,-5.0839837162968164
60.0,2,0.9627947425429346,-5.969399336975295,-5.8022362288861915,-5.796046960095223,-5.655624005028105,-5.288793045659062
0.0,2,0.24992933133059766,-0.2,-0.1,0.0,0.1,0.2
5.0,2,0.5076705355162299,-0.49290518715664833,-0.15315224093906474,0.11603422297992692,0.3267637349342468,0.4703863982544277
10.0,2,0.5242996119143898,-0.038778769130500636,-0.044691137675076355,0.0632936536923506,0.16743157033495795,0.3869985389240517
15.0,2,0.39440588823262435,-0.2852014232301204,-0.03724937434870862,0.09467252739734082,0.4192697388783779,0.6098893155217902
20.0,2,0.9460557568867878,-0.12045146214727274,0.0763447306041045,0.3777883034218227,0.320358511017914,0.4144676293949923
25.0,2,0.7446401447326693,-0.06504739471287552,0.0851655173847752,0.12690860155392028,0.5035310776179057,0.6850768385207199
30.0,2,0.4626484116209886,0.024007468320255968,0.11976127887991472,0.32094405141994975,0.407274776834397,0.7307739929828029
35.0,2,1.023350296234034,-0.026998885923939092,0.2472037476228714,0.4969021620966933,0.6157679722251082,0.5370135004894581
40.0,2,0.6845122228398737,0.029473072061550448,0.26384274530411594,0.31233677669384596,0.6104323909065346,0.9209304396170638
45.0,2,2.385803264120063,0.3957384451823918,0.20658005541052094,0.5054700152939345,0.5022419254695271,0.7941119112996855
50.0,2,6.800648307302366,-0.1863661497402846,0.5405371704119766,0.5044837450004158,0.9788551036693133,0.8337594113875633
55.0,2,10.102445943674487,0.5644317650759363,0.24349155270260067,0.8183241057309215,0.42495798777505267,0.8871907975174425
60.0,2,14.00881950887398,0.14952407962111758,0.5745176190728574,0.15163198552325344,1.1494692029202853,1.1803802497373708
0.0,2,0.09106803268805413,-0.2,-0.1,0.0,0.1,0.2
5.0,2,0.22056749828402827,0.2659110129455978,0.4275509555116255,0.5882236064954309,0.7783967894323022,1.0423430818554504
10.0,2,0.3321326276816263,1.0359732455671038,1.1404977659145084,1.2630473236137134,1.3895048663022935,1.3758276910831873
15.0,2,0.4277067055028587,1.4544994646066618,1.7005269476562381,1.8963441365723748,1.9891208880197477,2.266784901866193
20.0,2,0.6681806336884536,2.347458966116032,2.3348561627290643,2.395691954135676,2.6467207832856285,2.6849739186952237
25.0,2,0.5897867743913755,2.694421490838341,2.9669246542210757,3.1763606755763796,3.207787786380833,3.466632624185439
30.0,2,0.34362391935252323,3.479591944737943,3.5892624573564356,3.721764186026737,3.9172843273385736,3.9066497619828113
35.0,2,0.2752998300156265,4.090269991574958,4.178225095405144,4.279921829237787,4.44835325944047,4.720207948024508
40.0,2,0.17637848721154023,4.629618090779609,4.835232837769169,5.02434566242256,5.081215336614752,5.248991642337151
45.0,2,1.1818953674747747,5.325356209573469,5.450809371053824,5.569365735377943,5.852717954469854,5.723579745688535
50.0,2,3.665756723903451,5.88006673233123,6.044245344945329,6.224172631846421,6.125190043088245,6.750579710192794
55.0,2,6.33707791952429,6.673417809637552,6.676722532866538,6.700276943493778,7.245696645241702,6.830565977404788
60.0,2,8.805607377144575,6.903311572231608,7.3480046971384905,7.705990107513277,7.3044265355412605,7.9673724424599826
0.0,2,0.3731845364698778,-0.2,-0.1,0.0,0.1,0.2
5.0,2,0.5015411925838337,-1.5947067715662016,-1.25543043436994,-0.9697864621320774,-0.7188921633002819,-0.48016798213526446
10.0,2,0.5228607813742773,-2.161859538808178,-2.143836533831444,-2.0330240627599543,-1.9150225245743402,-1.7842249670336168
15.0,2,0.44415595942170844,-3.551577579450003,-3.2435554073331145,-3.0418033899929116,-2.7534910425714947,-2.4665240211637536
20.0,2,0.4898234742522613,-4.283581973189424,-4.16112669590777,-3.9342273234542615,-3.876880136284711,-3.8201191251789006
25.0,2,0.2927691383441256,-5.465664970988046,-5.22700695733839,-5.08704566487714,-4.79143172616377,-4.523769748151505
30.0,2,0.10969017426718357,-6.324514080187595,-6.213377245280641,-6.027118602582556,-5.884763405262659,-5.664129547709167
35.0,2,0.2891160576089425,-7.4387480183241035,-7.201391758444481,-6.960440831712939,-6.793844615669055,-6.73846147037584
40.0,2,0.40956631780788555,-8.469868038596653,-8.197789619403771,-8.087229201395576,-7.858555657517293,-7.538427991116947
45.0,2,1.2361976839751407,-9.1881581611872,-9.29626580400664,-9.031879748825283,-8.88767430492896,-8.766876302585878
50.0,2,2.7758464122534945,-10.738519694749836,-10.104458369625107,-10.03495483280212,-9.764765076484965,-9.547140161375841
55.0,2,3.742485148668147,-11.082730413511499,-11.347527281770331,-10.946399470118074,-10.960560426638134,-10.871604356503546
60.0,2,4.520414266942549,-12.684062709501484,-12.156351838025161,-12.273144503084023,-11.750530897126819,-11.363715814307813
0.0,2,0.08508730619417533,-0.2,-0.1,0.0,0.1,0.2
5.0,2,0.1674211930183969,-1.527324116208879,-1.2932217779774817,-1.0889950132324797,-0.9328479574660073,-0.8157805102237344
10.0,2,0.14742154168589439,-2.447760422161706,-2.3922331437050826,-2.2978172173388005,-2.180402765401158,-1.9981252016103959
15.0,2,0.066390004091882,-3.709132636402583,-3.5564635883474978,-3.4251566670662017,-3.212617022622676,-3.0711382108867125
20.0,2,0.26940399049698616,-4.844639970754873,-4.640828888079009,-4.437358279075871,-4.408179583037601,-4.301670779486879
25.0,2,0.207651827242487,-5.89197430058478,-5.812556293346946,-5.731278827564861,-5.494439991076462,-5.360597462969758
30.0,2,0.16148668505714697,-7.084886841098057,-6.948229829440672,-6.80210115673934,-6.683150578665131,-6.430647844708149
35.0,2,0.4558329866903649,-8.208113097836808,-8.02667477917929,-7.839483703689228,-7.750461274191546,-7.782452770863034
40.0,2,0.25709499210691183,-9.391556058014608,-9.214775175446228,-9.115832794725051,-8.895151183713722,-8.648039788968706
45.0,2,0.5340684443701498,-10.30329587697771,-10.344013786815188,-10.19855505962215,-10.137544647178368,-9.940115005383582
50.0,2,1.440108466875539,-11.818863309668208,-11.418145594993405,-11.28364548630377,-11.01297986919876,-11.048059490921327
55.0,2,1.6775911254653604,-12.570722804056858,-12.604448976320969,-12.373519222684843,-12.496452305065477,-12.194719818065847
60.0,2,2.6476083427444577,-13.89819416237112,-13.760560713881715,-13.807189280386975,-13.251688848673055,-13.180399495989674
0.0,2,0.4839744260183363,-0.2,-0.1,0.0,0.1,0.2
5.0,2,0.5096711614283466,-0.8319992307009647,-0.5824491211402291,-0.28069732032976524,0.03842994355749129,0.3503577178962277
10.0,2,0.4822196512915186,-0.7647586914586141,-0.5827747762149614,-0.5094789498255397,-0.4326284774992915,-0.32307512643607456
15.0,2,0.4594007784502032,-1.3229936633569515,-1.1235097967515875,-0.76213058609961,-0.4651398465513733,-0.24530013939218545
20.0,2,0.5641144918411456,-1.3259345608375241,-1.105227592659813,-1.098078085784632,-0.9731186128859378,-0.7230731907010045
25.0,2,0.6473316175798524,-1.7560567058888985,-1.6393537837165757,-1.2607893006841058,-0.992810395436143,-0.8827798678603556
30.0,2,0.7022378784584508,-2.001398473634359,-1.6422019785408828,-1.5689091598115141,-1.4552770276960714,-1.1703614246203655
35.0,2,0.7182215109837896,-2.1140306620379605,-2.114636791728266,-1.867203575303458,-1.5800124108649762,-1.4686226350856288
40.0,2,0.4980422716950488,-2.6212420763706805,-2.278034507441483,-2.0530330828637586,-1.9099225619645812,-1.5886318570968652
45.0,2,0.5151112422751128,-2.6354370866289916,-2.4484264558470294,-2.3619131190472014,-2.170481412531499,-2.1409640223997926
50.0,2,1.2682599661727503,-3.1021349270689322,-3.0355155773675744,-2.5985975356331132,-2.3395376886773716,-1.987794378424629
55.0,2,2.8945868319535175,-3.164806421529335,-2.737951361832131,-2.9531649699684888,-2.8398171840175244,-2.67419818054127
60.0,2,5.7603387032757,-3.662923011991401,-3.756085794235673,-2.9736422733824313,-2.6656876871461077,-2.6179573618502965
0.0,2,0.007209538570100116,-0.2,-0.1,0.0,0.1,0.2
5.0,2,0.021459536737682944,-1.3940006633368636,-1.305888355033728,-1.1956655155817542,-1.1388330682177932,-1.066703535428232
10.0,2,0.055070209776968325,-2.6093347375433775,-2.5135605416914837,-2.47551900021896,-2.344592460528648,-2.2591755352142684
15.0,2,0.11740752386640178,-3.838403755957909,-3.786818224548274,-3.633237395837057,-3.5882757605739557,-3.4565382758778975
20.0,2,0.22207046054419757,-5.058500065841615,-4.910648708852742,-4.899692489465807,-4.771131008612172,-4.76439227762114
25.0,2,0.2502161821905933,-6.292306156300652,-6.253343766956951,-6.073602129969711,-6.029680658671532,-5.8565229760930295
30.0,2,0.18205315295649332,-7.446684229991661,-7.356212384012817,-7.36745165623093,-7.235668225261103,-7.200530330093767
35.0,2,0.10093194034048442,-8.798698840029832,-8.659866990562765,-8.499815746472946,-8.424480010385944,-8.32477637573714
40.0,2,0.1534766286791031,-9.851081171250664,-9.847477613346578,-9.74938131020638,-9.73117732151706,-9.629611684466411
45.0,2,0.8522091755894301,-11.232397702477954,-11.03733954795785,-11.085167231310548,-10.804513208490448,-10.750402548148598
50.0,2,2.5017211728960307,-12.304128782386817,-12.370268710542762,-12.018691684089559,-12.24606322079474,-12.071758978169951
55.0,2,4.62262651226938,-13.699874329440448,-13.374147734109334,-13.636387432344659,-13.152614196727917,-13.248978820959936
60.0,2,6.0838223818276065,-14.686292738018935,-14.907964495945608,-14.444866155803103,-14.771096477683974,-14.402873783729007
0.0,2,0.07467227993550266,-0.2,-0.1,0.0,0.1,0.2
5.0,2,0.07025816766091002,-0.39833735068490617,-0.32978914192247144,-0.32982238286102794,-0.31089557640098,-0.2500577735964406
10.0,2,0.20559356105824086,-0.7797690439628054,-0.7849370039224958,-0.6354879258803253,-0.5269336827341644,-0.510676794431874
15.0,2,0.5203635437894736,-1.1291624781089742,-0.9358332250630423,-0.9882435584464354,-0.978730120364039,-0.8247372944150153
20.0,2,0.9385347661527432,-1.3388273563122588,-1.4678209764564818,-1.2745980957932326,-1.1596819686070834,-1.2346805046943259
25.0,2,1.2464476861099194,-1.8557757851154641,-1.569020509000292,-1.6414272747905054,-1.6293623318502266,-1.3989252265727794
30.0,2,1.1914312786034364,-1.931606461761891,-2.092450696832487,-1.9224812775355404,-1.8236439054926967,-1.943231011172535
35.0,2,0.7153985229243076,-2.522673459734396,-2.2911733589778605,-2.2754865875467964,-2.2325690424266846,-2.0104131295753014
40.0,2,0.2254386021192813,-2.6022072582471054,-2.6046926709898175,-2.6042717891071723,-2.550219734866558,-2.589826350516317
45.0,2,0.6707783217516321,-3.1009513419529027,-3.135367375573496,-2.8670600574344203,-2.7649952745132698,-2.7017459797188135
50.0,2,3.154723199751671,-3.364869218119876,-3.0062598543347265,-3.320251989656246,-3.342894852764751,-3.1547463397832023
55.0,2,8.035038801791924,-3.5977722731422435,-4.0490511346569065,-3.450752124560896,-3.2511425930166884,-3.459206354747926
60.0,2,13.944598763160409,-4.173060597711628,-3.4169172377783776,-4.008496956688307,-4.148539618102377,-3.6798122953098216
0.0,2,0.11155576715072221,-0.2,-0.1,0.0,0.1,0.2
5.0,2,0.12497980250571458,-0.2995924943810756,-0.24937645235495604,-0.18691462973344491,-0.21064494823024985,-0.22149001645885777
10.0,2,0.12260963730617133,-0.5824136222872599,-0.5313174683849776,-0.5248594316214007,-0.38928331425225676,-0.3081632457712866
15.0,2,0.14768941527051938,-0.7956927101836838,-0.7822897241722871,-0.6754237490082264,-0.682404590898198,-0.5682448492133905
20.0,2,0.39068826628769204,-1.0456010659698431,-0.9221871122513595,-0.9283413563090329,-0.8408888035012716,-0.935055826602896
25.0,2,0.4541978999015092,-1.3192246792783517,-1.2981215281956169,-1.1572586481842673,-1.1402077728726283,-0.9252800772621658
30.0,2,0.4389382247779283,-1.3709140668606707,-1.3906833687198525,-1.4660638542172746,-1.3641313778233126,-1.4163185793305448
35.0,2,0.5688333347783906,-1.9495264059063728,-1.730049808079401,-1.5526385897871653,-1.5195059894403136,-1.424408994897027
40.0,2,0.5718888547973677,-1.7605307605533267,-1.8922654612736667,-1.8742531428678566,-1.9186836402648524,-1.8984153243092265
45.0,2,1.4625169646323755,-2.376504694188546,-2.1753574292626427,-2.2418744216786743,-1.9087218780896735,-1.8097084472080807
50.0,2,3.6600780864187734,-2.297618724237805,-2.3960699333159736,-2.085345649226987,-2.483392258671979,-2.41775884613356
55.0,2,6.056735603097186,-2.858213342399653,-2.5629543498820824,-2.823324523437747,-2.231681711110897,-2.3720300259146616
60.0,2,8.158946803487044,-2.671534834836217,-2.9598723664795643,-2.623349149009315,-3.110084421722563,-2.651381721856126
0.0,2,0.012889081470426562,-0.2,-0.1,0.0,0.1,0.2
5.0,2,0.02843087718237656,-1.269483812592554,-1.2076280480672679,-1.1472462204144707,-1.0746252354818464,-1.0238944485750128
10.0,2,0.053725693729315564,-2.5094426268291574,-2.3976489937986787,-2.281534805136703,-2.195451661480505,-2.061677443017263
15.0,2,0.08523587790275722,-3.542078893853195,-3.4907745569623057,-3.4479283785378976,-3.3543848994705314,-3.333466566569568
20.0,2,0.11071367152853873,-4.8085905179685176,-4.690427772906146,-4.558697351247058,-4.494298287776619,-4.339497130626317
25.0,2,0.11086184135532255,-5.831570662041628,-5.778283818729514,-5.743279781369616,-5.637104164662477,-5.624150398852626
30.0,2,0.07457030737609066,-7.085342020679767,-6.978754670632812,-6.852660637317731,-6.781826096212477,-6.638683165944291
35.0,2,0.023821279544479115,-8.143033921596322,-8.07262564527115,-8.015194962943685,-7.941496657341489,-7.887793168765541
40.0,2,0.033864313822951506,-9.34658664329735,-9.256004568902737,-9.17008599649197,-9.037946506017564,-8.972398406339732
45.0,2,0.2200085018559613,-10.46294589697158,-10.381225856113293,-10.266126702838587,-10.281116444833653,-10.114484985423532
50.0,2,0.6567835974845114,-11.601591436083323,-11.520112099851335,-11.506916174640349,-11.266264919459996,-11.333893021277024
55.0,2,1.2494398501128225,-12.790842886422745,-12.69666048475224,-12.502784672786696,-12.6277047786533,-12.333662593828095
60.0,2,1.660638186920466,-13.84965741288589,-13.787218294429334,-13.83868827632621,-13.520041769694194,-13.678927428238541
0.0,2,0.032294001419832886,-0.2,-0.1,0.0,0.1,0.2
5.0,2,0.00872722521991521,-0.10237372759837726,-0.049134985547456524,0.02686391789096049,0.09861085126476214,0.15795123176215628
10.0,2,0.02001134398734947,-0.08281708972208135,0.006826641038510205,0.05018538628017315,0.10529873789304574,0.18434090005443515
15.0,2,0.06762562681413023,-0.11957275447368128,-0.05056562203750136,0.08528149961058774,0.19961426466753227,0.2809944755491822
20.0,2,0.1416894868513443,0.04090442091569161,0.10888155005110421,0.09641032111582917,0.11343650054513028,0.16803635846039594
25.0,2,0.2234111228705892,-0.13281633325706255,-0.03724131826237754,0.1411377200182197,0.28873594906432254,0.3997704212970707
30.0,2,0.29423865497147805,0.15024053498391532,0.18604997048811459,0.1525241540423639,0.14159482753894265,0.16109423957884914
35.0,2,0.3458712056921508,-0.12572279176177784,0.011369327929380436,0.18481677853383843,0.35308953732410303,0.4998681623786551
40.0,2,0.3859096820904314,0.23758596348099545,0.21916110366777541,0.21736158342216166,0.1952838671506108,0.18594578445467574
45.0,2,0.4338776974293699,-0.0938071302966468,0.10718117045279797,0.22354991032486365,0.3933988893365461,0.5569327501306801
50.0,2,0.4988345602446496,0.2909118696222789,0.21123313694775217,0.2879706147980943,0.27135986828754005,0.2576973880645957
55.0,2,0.5523405243031585,-0.013735789630830048,0.2280031540168688,0.25398201925405395,0.4130639630040511,0.569776818848133
60.0,2,0.525218876149686,0.2846732033537173,0.20133563686396488,0.3614961041492934,0.3644641865274081,0.3710383223699435
0.0,2,0.12176421589495036,-0.2,-0.1,0.0,0.1,0.2
5.0,2,0.22562032300226856,-0.18010262732442683,-0.1947601410995105,-0.2567704116392867,-0.23640357709914253,-0.19896447022220815
10.0,2,0.3310053341212791,-0.6607373682485839,-0.579191189986854,-0.37188063676641975,-0.2916730082788851,-0.23052025148842176
15.0,2,0.46776185835170697,-0.6521968864594836,-0.5466243719355904,-0.6678164174129003,-0.6692776956354617,-0.6650883107103043
20.0,2,0.7618549731384359,-0.9961492141752862,-1.0819223014424402,-0.8529313503549407,-0.7304978843648007,-0.6065041592008326
25.0,2,0.8301309663851174,-1.1383854716948656,-0.9374963607742114,-1.0832551965565829,-1.0937302715229056,-1.082138836374297
30.0,2,0.688269021473723,-1.4369607853956883,-1.4765259003377973,-1.2170274631984097,-1.1365091895353738,-1.134984025840133
35.0,2,0.5208135024895383,-1.5225555307102228,-1.458829338403799,-1.5700254978130337,-1.5446638979459437,-1.3729343268189464
40.0,2,0.2721818701458064,-1.8522370280463885,-1.7709019480689494,-1.706526688108554,-1.5706564656967448,-1.6356876891558714
45.0,2,1.1208482313586245,-2.0327366777639306,-2.048346553490874,-1.7825082649763506,-1.9218473734177228,-1.8175721768122193
50.0,2,3.806122478157429,-2.2103867536181268,-1.9844354514212492,-2.3816839095601203,-2.061419814288672,-2.0320863449575626
55.0,2,7.525442274517965,-2.4100113991753225,-2.750618638822089,-2.0886493587455237,-2.3035536475529645,-2.184180456934483
60.0,2,11.308002800571563,-2.792538839984042,-2.1220629922383294,-2.7574838980601526,-2.525987516051731,-2.6059414822808047
0.0,2,0.06348490738764175,-0.2,-0.1,0.0,0.1,0.2
5.0,2,0.13737005996639717,-1.5267706363052453,-1.3201353673684157,-1.1155998787634787,-0.9647412751560701,-0.7979819983541684
10.0,2,0.1970383680719798,-2.4372544011332393,-2.3762206588761776,-2.3260482212190254,-2.196559307742817,-2.114375722923518
15.0,2,0.23830352139484065,-3.8142773726836467,-3.6370420339584446,-3.4203174356457966,-3.271265358118302,-3.0327852674359486
20.0,2,0.32158015847050636,-4.766120928862243,-4.636317606637613,-4.574488582057505,-4.459414490308791,-4.4645750159233915
25.0,2,0.28223689275307223,-6.0796026556969816,-5.93848807552007,-5.720291912910709,-5.574193308295793,-5.31356982731334
30.0,2,0.1819921979168948,-7.043091922872371,-6.945587715485658,-6.90987935496508,-6.766558602110903,-6.6862573402502194
35.0,2,0.15352089945510614,-8.384106599599113,-8.190326720038515,-7.963088890809756,-7.826096076735989,-7.7129858044482
40.0,2,0.1294328116380664,-9.379192286972657,-9.270981459311393,-9.165075823892966,-9.094566663989436,-8.892017013412406
45.0,2,0.5402486086293936,-10.555320245922731,-10.453299638027142,-10.390825368197676,-10.086305962620846,-10.041311188757865
50.0,2,1.5239774600020168,-11.795239769995494,-11.601399187579485,-11.296726655355966,-11.421598163906646,-11.137327782636092
55.0,2,2.555423298275386,-12.795151148977352,-12.666369979945786,-12.748673533807168,-12.31886199953588,-12.44846405315486
60.0,2,3.3714015991853907,-14.054230923592314,-13.994285224134988,-13.635828954337576,-13.766403828213758,-13.252000941089792
0.0,2,0.003857534114740861,-0.2,-0.1,0.0,0.1,0.2
5.0,2,0.023431100984777263,-0.27429775242213,-0.18682256260198968,-0.07006523986788274,0.012028595168280354,0.06970503018612147
10.0,2,0.058377993437829394,-0.35483950818569976,-0.2428619528132323,-0.2031174070876964,-0.11454341096483503,0.01645841997626456
15.0,2,0.11113496902925318,-0.4491176257636076,-0.4173469927243284,-0.26226737858439375,-0.1438287351347253,-0.0757950564057287
20.0,2,0.20095908419544586,-0.5530955992125912,-0.37039797565914356,-0.3516990273405371,-0.3096649161068654,-0.21295019983122987
25.0,2,0.22223480627431683,-0.6349326513214751,-0.6289911268167956,-0.4501227619896791,-0.30685591336744594,-0.22635719419255898
30.0,2,0.17882111379469107,-0.683400799152463,-0.553752495979896,-0.5637644073204646,-0.5104330800309252,-0.3853607947417929
35.0,2,0.1295668732057418,-0.8827957089140641,-0.77224374196043,-0.593751825081643,-0.47440119390854546,-0.4229710368984426
40.0,2,0.07527014589025949,-0.821106298043607,-0.7904784675342381,-0.725078236539441,-0.6748985316711094,-0.5840539025122902
45.0,2,0.3033627461585489,-1.0656642574467887,-0.8794957390741921,-0.8610526910441727,-0.7012967591899628,-0.5375579190831365
50.0,2,0.9688455630029487,-0.9983128394407982,-1.067064377028818,-0.8048537993690277,-0.7941052762526277,-0.830183003284519
55.0,2,1.8513610490322614,-1.2944390929171057,-0.9335547712298934,-1.0771729657205833,-0.9305238432776671,-0.7082805517680677
60.0,2,2.7413319216408163,-1.0926512921162213,-1.3770863034815843,-1.0270549682327619,-0.941055355706404,-0.9555752349138958
0.0,2,0.022821556665998177,-0.2,-0.1,0.0,0.1,0.2
5.0,2,0.08972599844053644,-0.5290837985077708,-0.4133215625913838,-0.305182923226818,-0.11356124116123158,0.05292144824131291
10.0,2,0.14418905167934412,-0.7342334706881105,-0.6189497536585832,-0.4676938469619983,-0.44647364382372273,-0.34910543935937
15.0,2,0.20836955834380277,-1.09467468600256,-0.9135030822503435,-0.8140343534638135,-0.5896068108655914,-0.5128652991553597
20.0,2,0.4134289422695533,-1.1942321986751572,-1.177865902161512,-1.0437578297712837,-1.0233038739687152,-0.7937525044069061
25.0,2,0.41340015384420425,-1.6283400416262273,-1.42133826772431,-1.3266792274854595,-1.0893012007492215,-1.0754816486442615
30.0,2,0.2765593915223046,-1.794768341342536,-1.6774360438485902,-1.5050572926374526,-1.5172156163707697,-1.3548911692760348
35.0,2,0.2280791520616407,-2.0397050703687727,-1.9931855560906788,-1.9078687673769608,-1.6846033317712574,-1.532233815113616
40.0,2,0.19302657660587264,-2.3731561823239495,-2.1581230283741917,-2.0939748834870473,-1.9534553256400826,-1.8871151981419498
45.0,2,1.1996362315833573,-2.5908415635318116,-2.5432873553904356,-2.213263368639391,-2.301545786557455,-2.1251146210940433
50.0,2,3.7257104291055256,-2.8656988728113464,-2.646128060396928,-2.870143090062506,-2.353716522756776,-2.346594226431557
55.0,2,6.704761980523701,-3.046721672286121,-3.134406505991051,-2.6104722878885513,-2.995924600396348,-2.6029837831429683
60.0,2,9.088525678213184,-3.5461450662238017,-3.0953396628429592,-3.347272023485192,-2.6940986840524763,-3.0158814903465303
0.0,2,5.213158861998104e-07,-0.2,-0.1,0.0,0.1,0.2
5.0,2,0.19745450604131437,0.10398008758992117,0.10474027989541977,0.1823252588413636,0.32244242299115783,0.484409800995163
10.0,2,0.2491025943127361,0.2037995563886737,0.43211369901048857,0.5243529912461762,0.5919937536938201,0.6435357002868846
15.0,2,0.21356234361240736,0.5436813389802465,0.5712171331307894,0.762901899547539,0.8332497757035615,0.8826434035769308
20.0,2,0.683926359223594,0.7823322133529794,0.8986526588624183,0.8330374810074933,1.0186531451950764,1.2589159028341186
25.0,2,0.5783766627965715,0.9984789622172844,1.0450520119244044,1.301557299494423,1.331396482207744,1.3130044957212772
30.0,2,0.37640616753082523,1.1526547899079904,1.413723150063427,1.4509090493051877,1.5371073013866088,1.6329928112149472
35.0,2,0.7240300181463853,1.608587688890093,1.5092058072414332,1.566579862700201,1.7535483249657002,1.947363268393731
40.0,2,0.24437970785608853,1.6603846767657107,1.811635091692928,2.0047381304892875,2.0225394252720816,2.083885478284179
45.0,2,0.9919438986662392,1.8539562591061376,2.1831312470915245,2.1673008655931234,2.294617130111625,2.2820751509148147
50.0,2,3.4365747911645133,2.405453238149568,2.057994223031976,2.3648871605615014,2.437079145747747,2.713564735639568
55.0,2,5.039534356193667,2.262867170967648,2.825398680696681,2.515136553835444,2.754963761998167,2.818510185945552
60.0,2,7.793994093927836,2.7318437456753037,2.4866040926760533,3.20648735311132,3.028220204429772,2.921618807864206
0.0,2,0.10243364946868083,-0.2,-0.1,0.0,0.1,0.2
5.0,2,0.17578163508809036,0.10762459201060458,0.2804341566550915,0.4456445017698119,0.6594395239455444,0.895305398201532
10.0,2,0.20024923695594965,0.7526269364756473,0.8554906696516441,0.9887013703989307,1.066051770842409,1.1140255977965516
15.0,2,0.17740582158560345,1.0252234916075254,1.262313830351433,1.4340884773030314,1.6200812062067498,1.8236375122790223
20.0,2,0.2336370006390834,1.7559134368013989,1.7718794456420375,1.8777258373178607,2.0089846267379503,2.1392893438311122
25.0,2,0.14920979145502278,1.990184676358929,2.239601644045317,2.409687501801233,2.5720363632840546,2.730730677423433
30.0,2,0.061221329594983234,2.613190529362753,2.7386917540802487,2.8943000135516646,2.9934781697398076,3.0910285687610757
35.0,2,0.1461365652134447,3.0824637566527335,3.164990211708403,3.2848895598749737,3.492220210595552,3.694573469246487
40.0,2,0.11426735648560558,3.478644245929848,3.7128026492301576,3.845191541671479,3.958739381623586,4.112207562205712
45.0,2,0.3642521793184284,4.053851298704165,4.122619785477408,4.35574096917107,4.469669811517908,4.494151688372797
50.0,2,0.900973523539208,4.422467736635615,4.6687446107745725,4.67256764799458,4.892457453377789,5.2282442770434265
55.0,2,1.0924332847943528,5.105402167945106,5.047102198242809,5.323044819355744,5.404891647388909,5.392489065475955
60.0,2,1.4087098782624412,5.206498458311981,5.6718199735661186,5.744054458930542,5.91402615006187,6.124979030120709
0.0,2,0.047244758354937924,-0.2,-0.1,0.0,0.1,0.2
5.0,2,0.09065494895544966,-0.003692317764694235,0.09914635178994616,0.1635376226482906,0.17733044178836824,0.1915957443795067
10.0,2,0.08848439150580387,0.12840603868986367,0.13886849448126656,0.21580415455381013,0.3373826528319426,0.43537434512593715
15.0,2,0.07551280751476683,0.23131671869882484,0.336275191142699,0.36342844229768717,0.4157268801797502,0.5370062962052626
20.0,2,0.2760313887307171,0.3654950553452135,0.4192219608222198,0.5604167705792485,0.6126224131592193,0.5539151714597205
25.0,2,0.301147185689722,0.4485201480847133,0.5715293985277116,0.5839608214737076,0.6664540399019411,0.8691248062189328
30.0,2,0.3022683068246667,0.7304525134141101,0.6630061171197149,0.7306997836853871,0.8223584599955857,0.8209901828335973
35.0,2,0.4624634090750548,0.5761750164770026,0.8244184177565756,0.9503710565020963,0.98038625171168,1.0640741574424353
40.0,2,0.2172903901839561,1.0021587993087966,0.9624964560374337,0.9635236039250515,1.0273914374695212,1.0677724459903664
45.0,2,0.2558196059155228,0.9411239224228173,0.9658804563519511,1.0890221181934299,1.251446337015349,1.4037877515889983
50.0,2,0.7931374472260156,1.1050801894852689,1.3428163606454169,1.33491250724414,1.2487062894965006,1.2476630815425733
55.0,2,1.1343360966063945,1.2420978661109578,1.1271077377447194,1.3697357475852878,1.5856370532539805,1.5825178665602788
60.0,2,2.3593299424194076,1.4182620968596076,1.6272245997867787,1.4042158929020407,1.3723884142168943,1.7129231103312355
0.0,2,0.12947246138076723,-0.2,-0.1,0.0,0.1,0.2
5.0,2,0.15898481092737893,-1.0460364643553255,-0.8312432936993313,-0.6417963837190356,-0.43809618308563075,-0.2211900786870015
10.0,2,0.18197679091217694,-1.4614130314910683,-1.3891299244710684,-1.2620412407615724,-1.1610221206683828,-1.0831184897005484
15.0,2,0.1891677293768897,-2.3189605510823474,-2.0759249104688715,-1.9154898541445033,-1.7223002084403358,-1.502411686502892
20.0,2,0.1692205825133899,-2.745302861312639,-2.6899063790812594,-2.535438807545685,-2.418247386770909,-2.3245541794747866
25.0,2,0.11220772447538971,-3.554056681904412,-3.3240876822949295,-3.187754594593364,-3.009331480321652,-2.816581578617235
30.0,2,0.03753600915651022,-4.080886072666778,-3.9704859411189846,-3.8011026792432725,-3.673174312467565,-3.544525415781251
35.0,2,0.0065985171600133575,-4.739914796029507,-4.603228282808032,-4.459911396005425,-4.294437686889012,-4.1510446630921445
40.0,2,0.11212813947808267,-5.445856408878815,-5.218128784466272,-5.090231396400069,-4.936941298814087,-4.735741339811217
45.0,2,0.4491122321883774,-5.918357074977855,-5.911467500592774,-5.691841225498334,-5.56788708026264,-5.51570875058515
50.0,2,1.0125120747538467,-6.8088958629775505,-6.443334729021535,-6.408491514651735,-6.205292268981052,-5.917609659831136
55.0,2,1.607253897506995,-7.10019944622682,-7.229000279310642,-6.929664458632465,-6.851010077490692,-6.8521121773486975
60.0,2,1.8809220373188453,-8.15295879485897,-7.687524374616368,-7.689375170639301,-7.452952528169228,-7.157537974271702
0.0,2,0.08417507748202772,-0.2,-0.1,0.0,0.1,0.2
5.0,2,0.19119090963194488,-0.0816680397937454,0.1466052861459505,0.3499886917684795,0.5436881898784413,0.6527491369971383
10.0,2,0.29971684534694687,0.48369797799022124,0.5418196407496871,0.6348317164481682,0.6759658935084173,0.8864113012960314
15.0,2,0.454399356849868,0.6099176182491528,0.7716738282226607,0.9095272262431527,1.2305755511576222,1.3123955711162205
20.0,2,0.8431484025019876,1.0318604284104622,1.2150128793115627,1.4059374143360168,1.300672480439739,1.4919698574872968
25.0,2,0.9101230829848638,1.3115001353323688,1.4095144016196723,1.505449888073564,1.8916335754992342,1.9387183244565298
30.0,2,0.7026074581517685,1.7006482661152853,1.8324479195657353,1.9584179426730006,1.9335795849482034,2.243085876675396
35.0,2,0.5282091034187906,1.9139365044909478,2.0861483133469325,2.3137775078804883,2.501247077791045,2.464433451464515
40.0,2,0.3305762632017116,2.297439177555284,2.4846160633576004,2.496684732331395,2.7137454493576114,2.8984206973683078
45.0,2,1.8260469592348965,2.719701416783642,2.673921220008087,2.9713566258112607,2.897466708973993,3.2398234133895483
50.0,2,5.981475426846131,2.778851285109822,3.18760920421492,3.1058075766685964,3.6641035942810665,3.3772609896884447
55.0,2,11.366758638379352,3.3861574118553657,3.3248188788488497,3.808925810761135,3.2660576613657186,3.9390361521280783
60.0,2,16.27200167364017,3.5570814613217943,3.7365314585533014,3.4434417878818504,4.495007717967205,4.104296754231311
0.0,2,0.029773745351740783,-0.2,-0.1,0.0,0.1,0.2
5.0,2,0.06097097032613255,0.36385752822494044,0.5027837838180623,0.682748713657664,0.8436833433915982,0.9524355535459089
10.0,2,0.15585065044512228,1.1363503750364958,1.279503645852252,1.3249938069128995,1.3891289289277986,1.5610410885469024
15.0,2,0.32990148876673775,1.7384225725940339,1.7896891968714248,2.003975013607851,2.2222427712442796,2.28219721359694
20.0,2,0.5641184378758757,2.419915868499093,2.666709097031557,2.6950069250432764,2.6984040188145006,2.9019997811642755
25.0,2,0.7002794601024137,3.1143243353692673,3.1020191331945206,3.331969177544081,3.579772461945215,3.599459505137825
30.0,2,0.6336994290338982,3.7578901003570704,3.992011444904417,4.005140307820521,4.032052212713836,4.285959470033296
35.0,2,0.3657870603339546,4.430190379489814,4.493089389922528,4.709166034642127,4.889829265757222,4.896287388655804
40.0,2,0.03657597765270472,5.109575696115188,5.2451763128118785,5.339599232625801,5.451733935239062,5.617986204313845
45.0,2,0.20164606977249677,5.7704633804377155,5.945528933231385,6.003990783098378,6.08885520504162,6.300742001934936
50.0,2,1.438426594292102,6.463559820192866,6.434054835710223,6.724812230757056,6.966012610131976,6.866649729590193
55.0,2,3.8742114403580974,7.037473400018105,7.467920363652091,7.347555808618934,7.2485042101771775,7.699144366554395
60.0,2,7.043513804115662,7.916111445476704,7.580371762485254,8.002968028920616,8.457318596143287,8.189337238633115
0.0,2,0.06167510555896514,-0.2,-0.1,0.0,0.1,0.2
5.0,2,0.08048277254605606,-0.15219565880744465,0.046680132519120426,0.21490992923380334,0.3804232891826744,0.5343627132520925
10.0,2,0.09105338821733353,0.22561690116588418,0.2870002539355781,0.40661626167442094,0.5048873855077819,0.6242400084768296
15.0,2,0.09619533594240873,0.2784478222419062,0.4735702888992723,0.5922836521014695,0.7824387207548446,0.9458007321432471
20.0,2,0.12206840130874075,0.5896829451336189,0.6839391269458276,0.8640072167779422,0.9296083379909041,1.0294839946726948
25.0,2,0.09943897398917262,0.726834667208568,0.8983921219077907,0.9835096614896428,1.1811669036832702,1.3309986726119565
30.0,2,0.052716264567860174,0.9819210877600143,1.076458112457161,1.2392446703970892,1.3422585204161464,1.5052000412510584
35.0,2,0.04860696619724065,1.1567711868170323,1.3124097556766943,1.4550572240941628,1.58398893972836,1.661035731345442
40.0,2,0.09655215649515538,1.329141278331807,1.5134710990488653,1.607551519492912,1.780827338248325,1.96245200792001
45.0,2,0.4247009278115928,1.677343735702668,1.6602251312056726,1.8722716120763816,1.9375681716774684,2.0702149977599706
50.0,2,1.1132982444161914,1.625681721847477,1.9973515647340538,2.000718498511512,2.257283506292873,2.360768762416475
55.0,2,1.871510814712963,2.142146988950897,2.0167904829102983,2.3571528695811104,2.294561330266961,2.455332787473319
60.0,2,2.378023358379808,2.0524344468128484,2.417329262467841,2.2937091027043075,2.694330623784414,2.832361428793355
0.0,2,0.1876825235021945,-0.2,-0.1,0.0,0.1,0.2
5.0,2,0.31438258157681725,-0.8880392768652615,-0.7073406372637039,-0.5177249221818385,-0.2320376381935549,0.021365041907091903
10.0,2,0.3796854162253263,-1.1464763290291193,-1.0071352643143043,-0.8651170581298363,-0.8642725787086819,-0.7645536350126023
15.0,2,0.4236955042683277,-1.857937738232905,-1.622300255673007,-1.4200777604110106,-1.099060249276768,-0.97195629419812
20.0,2,0.6989389238252666,-2.0187511844636314,-1.9715144882283533,-1.8705932021713203,-1.8613303719442267,-1.5729204835815425
25.0,2,0.6871455198745976,-2.7686606906648996,-2.5349815319002116,-2.331342758883597,-2.0022728656775595,-1.98162931586009
30.0,2,0.5375725014526151,-3.084059184000781,-2.8799682077569853,-2.7180285851724975,-2.7466686248271266,-2.513939993826268
35.0,2,0.5505527225369735,-3.518378568420079,-3.5001261642129844,-3.347350477176417,-3.032768865856166,-2.8678179525153316
40.0,2,0.3438458480870468,-4.114368517428725,-3.8027105503528524,-3.7086553180513624,-3.5537633037627314,-3.410721771182579
45.0,2,1.254653139942464,-4.463922022992364,-4.393811474033541,-4.030953784948171,-4.096371401696025,-3.9289382097053966
50.0,2,3.8958447220515304,-5.011979268216931,-4.7759425064939,-4.920983748490988,-4.305763959894327,-4.22310484287658
55.0,2,6.991888981803736,-5.310356107545105,-5.312013295548279,-4.841636615110806,-5.2745248856474225,-4.823020854718327
60.0,2,10.223186066551055,-6.1324602364284235,-5.7024643585652015,-5.759226599911476,-4.957771972112265,-5.33340602414986
0.0,2,0.235300973117433,-0.2,-0.1,0.0,0.1,0.2
5.0,2,0.3834094058847406,0.008790623540331055,0.2509873865278972,0.5231107115251243,0.7655809378217768,1.0294840330584791
10.0,2,0.5367934537164889,0.8853060421807811,0.9839078570437778,1.012577514187804,1.1109061044174646,1.163209867117402
15.0,2,0.6689022485762319,1.0091354807753374,1.235766788613651,1.578371278765804,1.8072994568613068,2.1032880724047773
20.0,2,0.7403299091584699,1.9201500679496055,2.050428149223303,2.020289569960741,2.1389572619832373,2.1819897207776795
25.0,2,0.7017280262443126,2.0663508243922655,2.2486360358936257,2.622380736759379,2.83789607141665,3.1145047939063426
30.0,2,0.5322143145052857,2.897325728641479,3.075071345354555,3.0592002168324357,3.169238266527181,3.2668865974862835
35.0,2,0.31861848302918694,3.1721795189876354,3.320364939616044,3.6190753595374607,3.8772539428844395,4.056802086290008
40.0,2,0.3319649146655239,3.8437605951844835,4.023820496451658,4.153611356138432,4.181319593695494,4.4211174983191786
45.0,2,0.9893248880843866,4.289187220080672,4.47837693843055,4.559432539118307,4.936228534056027,4.9383580005774155
50.0,2,2.572851893552439,4.792499062616872,4.890297065557152,5.297311648175068,5.186860690042414,5.612568458345369
55.0,2,4.745938744140844,5.398500977195165,5.694803326424374,5.47304787577928,5.971237958070235,5.819900479741561
60.0,2,6.256730620844705,5.7501037622195765,5.743717744457061,6.4177929251579675,6.262268979617704,6.761560898231989
0.0,2,0.001619828623874867,-0.2,-0.1,0.0,0.1,0.2
5.0,2,0.02246340498557042,-1.1224620487606871,-1.0127292314975294,-0.8891185965115006,-0.7856121537982657,-0.7180632717810091
10.0,2,0.06390435132757454,-2.039533550092695,-1.9124611975051784,-1.8254462103129794,-1.7248242279673407,-1.5537054188197825
15.0,2,0.13221314519485122,-2.8721721507560964,-2.836851317994637,-2.725826966831244,-2.5926162663554266,-2.5564892051095587
20.0,2,0.2513422502922121,-3.924621801242972,-3.7055260414593625,-3.592081957018669,-3.533080953273847,-3.3566304564011467
25.0,2,0.29845352660219693,-4.64069308321426,-4.6528200699403905,-4.552116478739535,-4.404648715235138,-4.389648164615661
30.0,2,0.2662905115805904,-5.724302458140929,-5.536436337242726,-5.440649472869063,-5.3459645088979,-5.120559036943312
35.0,2,0.19910572878471444,-6.49354630533451,-6.426722181133932,-6.307831881102775,-6.228550523366608,-6.2392462255050605
40.0,2,0.06929411109300969,-7.5090828512226135,-7.386588703457739,-7.26615783052768,-7.107566150609944,-6.954486882973832
45.0,2,0.18888647097617553,-8.304163382963328,-8.202002039729198,-8.161368507353288,-8.131027267223997,-7.953306523870987
50.0,2,0.7692693153692898,-9.304591884994442,-9.24456711685496,-9.033579226282939,-8.808917023118404,-8.888197772239186
55.0,2,1.6785330119920945,-10.19986494700545,-9.94092672990035,-9.948013130224245,-10.035580210096272,-9.683453308612638
60.0,2,2.859439720955436,-10.970352118291602,-11.142155594152424,-10.935635900999024,-10.563726087213281,-10.723953927531593
0.0,2,0.0007185135851841431,-0.2,-0.1,0.0,0.1,0.2
5.0,2,0.028634214930470026,0.21240085132563774,0.3329533622256668,0.42978343037774297,0.5198347798666754,0.5753028896973461
10.0,2,0.050517768258622114,0.6438379755857336,0.7117431288702715,0.8218395960700976,0.9064722668250486,1.0566576596350001
15.0,2,0.07557950494067411,1.0633217561294677,1.1630821769496416,1.2118922245609536,1.3569042936008298,1.4156254892383562
20.0,2,0.16425055551005174,1.4308320601061564,1.5465181848506597,1.719025607329442,1.734332414723394,1.850392986962678
25.0,2,0.16084998434854753,1.9029259215102272,1.9911153576730007,2.0136453860557486,2.1896335659963313,2.2540563362301174
30.0,2,0.10095713952890212,2.2981823014538074,2.363762026849275,2.496443686362762,2.5514657362045288,2.7117981300881495
35.0,2,0.08779373679799485,2.678998795513764,2.822864734205247,2.9309515005905697,3.01484117947096,3.044270984671073
40.0,2,0.07471263128363942,3.1282444572960904,3.2219921802116733,3.2686141912536515,3.4240773983977855,3.5192742807854853
45.0,2,0.5062377491004384,3.571536352014814,3.58100630293607,3.761977517935858,3.7510547694150613,3.966902879135988
50.0,2,1.5745967054705787,3.884620338148606,4.132994730144716,4.0824218273199815,4.362275536109379,4.24044070320824
55.0,2,2.7974796919753517,4.401000818359137,4.352811828953199,4.691556091487865,4.494926264240707,4.832733445383102
60.0,2,3.763693397074179,4.78979857536547,4.972087585345519,4.744559560382194,5.223384263955894,5.11347377686801
0.0,2,0.027501576869747642,-0.2,-0.1,0.0,0.1,0.2
5.0,2,0.02736811021645294,0.6620302699251902,0.7511047916004593,0.8125845199592543,0.8509611772527546,0.9088404850912853
10.0,2,0.045272224111114916,1.4439626157892187,1.484038942360472,1.5783282435878065,1.6984650540013628,1.7662476319190301
15.0,2,0.09543683393425352,2.226030743691455,2.3457739228315457,2.390179889278177,2.42993655074578,2.5646426249398933
20.0,2,0.19969530389088025,3.05816728564393,3.0849700678142393,3.2053764076071416,3.3103939092216548,3.2831773050288198
25.0,2,0.2668468907925593,3.7837593484727203,3.934532690425018,3.974267263139944,4.020958185867986,4.2140887312391015
30.0,2,0.27282745931734437,4.714040883729666,4.682196365933037,4.769578782424762,4.881955365594078,4.865356065292189
35.0,2,0.2248839229301572,5.321005286821892,5.514673685757267,5.608279532788656,5.660051842259688,5.794638359175228
40.0,2,0.09594164233899397,6.315068691925021,6.320106242582998,6.364704726507624,6.4205468738054154,6.463743415810639
45.0,2,0.13259995481748416,6.971915309250237,7.030915730934828,7.14798773292321,7.317253514119715,7.4016189072326535
50.0,2,0.5566130136945681,7.827214384798213,8.008934679052595,8.019089798621302,7.934255389776776,8.065718186040671
55.0,2,1.3670304163354279,8.620681388284,8.54027927067561,8.738743918897718,9.017408499932525,8.923620604328699
60.0,2,2.5590511503809803,9.404212117734952,9.66480480233198,9.55486544215066,9.413934877972277,9.788437685757819
0.0,2,0.0075257050070894945,-0.2,-0.1,0.0,0.1,0.2
5.0,2,0.08100863243613297,0.7683999290892074,0.7925812255389005,0.8527596895948992,0.980157995879852,1.0574287663469133
10.0,2,0.19045287273147365,1.5487690731650627,1.71693451177801,1.8256504360248387,1.8369006572161413,1.9744005347155043
15.0,2,0.34649922294419877,2.523218806733178,2.5561174364750703,2.6539249237187668,2.83097975823332,2.7897418941890146
20.0,2,0.6209976935309589,3.386813147989123,3.501613503041099,3.550670992137699,3.5416554919557934,3.8245572906753695
25.0,2,0.6596039722650033,4.278346770988157,4.324362213345705,4.448150488487375,4.653692311058081,4.552086248369518
30.0,2,0.47973681786868383,5.132568127243626,5.310184967928616,5.39029135064752,5.340424802952009,5.5344963899268125
35.0,2,0.2888577719764222,6.102290491460239,6.083118810728815,6.16508491359599,6.360737335120876,6.4480616942424644
40.0,2,0.1080745284245459,6.945589677440826,7.0726495822695625,7.130291161669553,7.226311063767893,7.235779366450364
45.0,2,0.9516331776293474,7.754320706317485,7.929468754429463,8.116923587494124,8.012943298175012,8.24829211163195
50.0,2,3.3747894211888614,8.867589319229186,8.771856845280771,8.714207292778354,9.174282584482704,8.985340022726833
55.0,2,6.594022400848563,9.488313364624696,9.764823374693071,9.976530103714655,9.578415076454739,10.156521751460488
60.0,2,9.764979741881586,10.588192975068893,10.529054878908147,10.56450324835214,11.172041866496883,10.562138308571438
0.0,2,0.046366954062728755,-0.2,-0.1,0.0,0.1,0.2
5.0,2,0.13128910007403122,-0.4511153927661706,-0.22999646206679106,-0.09776677014046152,0.07607149385832745,0.2264529488294088
10.0,2,0.3454766611503535,-0.3365332156487285,-0.3459126386510647,-0.1655972366471125,-0.10682545229729794,0.002160178672839049
15.0,2,0.6968076439573232,-0.6625952836652853,-0.3649447218690349,-0.35171367498829653,-0.1087110888675851,0.05890222253316265
20.0,2,1.0801568354825313,-0.5331458881067744,-0.5842526132148652,-0.28040047062327034,-0.29530817192410247,-0.21230958527371735
25.0,2,1.1651942598314968,-0.8430305001234921,-0.5215133346231925,-0.57709793397963,-0.30161377103974285,-0.13851537166235386
30.0,2,0.757106249344062,-0.732262361822774,-0.7795973575239843,-0.5119536079099929,-0.48219169937942363,-0.35212006707793836
35.0,2,0.1424253848881901,-0.9954741262732314,-0.7650762710635813,-0.663423561434888,-0.5134836962433064,-0.39702162098486166
40.0,2,0.38043099279763815,-1.0336679141632206,-0.8314651245086516,-0.8316971907112293,-0.612681724677616,-0.5013215042249405
45.0,2,3.424980884153477,-0.995976046280329,-1.182465717003186,-0.7129065349967935,-0.8075472259826648,-0.5882921163084827
50.0,2,10.601125626169132,-1.4419969200838947,-0.7434837124654105,-1.2031384454116234,-0.6786646225588376,-0.696258122337541
55.0,2,20.32338556875666,-1.0147529066027572,-1.6371727855063707,-0.664678797247279,-1.1048990829764391,-0.8183924328102776
60.0,2,27.04985637139963,-1.7198709613735998,-0.7582590296092246,-1.6261635183553398,-0.8147559362886826,-0.7972007418020757
0.0,2,0.12063031067652845,-0.2,-0.1,0.0,0.1,0.2
5.0,2,0.1473016154779832,-0.32069491063521116,-0.32523261044677076,-0.3092763578279129,-0.3383712615310663,-0.3206070864253886
10.0,2,0.21211783630940154,-0.851524744612663,-0.7397190069036057,-0.6742449072553923,-0.5092478990600816,-0.453627895900961
15.0,2,0.33238481368865397,-0.9720419298803876,-0.9849806034223055,-0.9262166750423946,-1.0215350360680626,-0.9377724361859224
20.0,2,0.47352972545509997,-1.47712397894652,-1.3674969362873584,-1.3442285047963802,-1.1240267254512157,-1.1438527619839634
25.0,2,0.5319889191488408,-1.656595346359251,-1.6454148936727584,-1.5568644424074751,-1.679805676787067,-1.5322307751052258
30.0,2,0.4051871697814115,-2.06378637007652,-2.008731800765683,-1.9861540832234332,-1.7885091257267849,-1.8379119814057114
35.0,2,0.1667054170285615,-2.3766650187199843,-2.280234377171446,-2.2401361055152744,-2.263892511656108,-2.138347575001674
40.0,2,0.2615128600590143,-2.6283044098190262,-2.682145798279179,-2.546492779600017,-2.545785641320741,-2.5107291859118575
45.0,2,1.4871478200995698,-3.1028479102603534,-2.8835526798627455,-3.0201870248544234,-2.747062088664338,-2.7739903381552975
50.0,2,4.473130055176242,-3.198496827259749,-3.3768621403206076,-3.027319078396094,-3.3955569553662017,-3.143587267320853
55.0,2,8.700804896383776,-3.812931508020282,-3.4906069311701082,-3.824913718364487,-3.1721084846811527,-3.455443853293809
60.0,2,11.805354406162964,-3.8049909758016356,-4.021859669448628,-3.565728831502955,-4.233423948436137,-3.744183297206896
0.0,2,0.3274968709524938,-0.2,-0.1,0.0,0.1,0.2
5.0,2,0.4296206425590321,-1.043795029349601,-0.7257749282113959,-0.4782868167405954,-0.2091958078436866,0.029827118569347288
10.0,2,0.5439707994729183,-1.1297065154440222,-1.1154858528250584,-0.9591567835278052,-0.890908580305349,-0.759193195049634
15.0,2,0.6730171519052759,-1.9947132837006472,-1.6541870725291343,-1.5131786500155848,-1.1791376219865701,-0.9404597624958824
20.0,2,0.81518505088578,-2.1671430790356747,-2.123650046386053,-1.8458013742250141,-1.848844372101672,-1.7234629825553742
25.0,2,0.7320865198370032,-2.8942738918886914,-2.5894871479830366,-2.5198340935937873,-2.1638571688738293,-1.9686750155403765
30.0,2,0.4113476362888476,-3.1959455206737335,-3.1207635527727215,-2.8696416821588526,-2.8062610590225177,-2.5707409668278136
35.0,2,0.1474101244641344,-3.7858298363381286,-3.5709009992161582,-3.3780315918335995,-3.1691024670373715,-3.0867133506062756
40.0,2,0.5121512547268626,-4.3219228344870295,-4.013923153339112,-3.950093086053032,-3.6926664676419065,-3.4391981670863947
45.0,2,2.8037209676911594,-4.520994366173652,-4.689519655112789,-4.261395900465134,-4.282800957425934,-4.0903182930059305
50.0,2,7.70155545772991,-5.536600222782799,-4.806873375544357,-5.039058531866732,-4.489503136329432,-4.400219369236159
55.0,2,13.78900679049365,-5.336225896909964,-5.803979141909563,-5.030867116471264,-5.413626291619552,-5.114781652425168
60.0,2,17.62625586597349,-6.540179660554552,-5.725375364260689,-6.243130607812278,-5.34829181862894,-5.26972811165508
0.0,2,0.008667306305778595,-0.2,-0.1,0.0,0.1,0.2
5.0,2,0.05892400463084531,-0.3836544916312616,-0.2593770729817571,-0.1888441095772825,-0.0887188224231565,-0.05545283897351454
10.0,2,0.19853096888535957,-0.5249431431612585,-0.5052338927904059,-0.373850677915638,-0.35295973607077585,-0.195107221235863
15.0,2,0.45520022983525305,-0.8010862762633246,-0.6463556207146703,-0.654286179274051,-0.42780055862270283,-0.3986133718861676
20.0,2,0.8160638864298562,-0.9103738321966025,-0.8901739547849999,-0.6671478945281718,-0.7819385261226764,-0.6545551347154319
25.0,2,0.9202778477800154,-1.2190084844127995,-1.0410926218540115,-1.0865048514686986,-0.7862691424357361,-0.7473615777635951
30.0,2,0.6379625953026465,-1.2348545951257972,-1.2742786107529795,-1.1172171831719204,-1.19119041585888,-1.0387432086122077
35.0,2,0.23910195404958082,-1.6681194443304275,-1.4668148921717923,-1.346393752129496,-1.2003067753234302,-1.150696485153611
40.0,2,0.47078819336027516,-1.6440988030897459,-1.5669666049173645,-1.6404298033394271,-1.4811572807272306,-1.4757261926219123
45.0,2,3.1772030754081237,-1.9438870652796705,-2.023805092258037,-1.6227317240493735,-1.7737112703849338,-1.4202908683105315
50.0,2,9.540126937010992,-2.1796527433533806,-1.7591797822529445,-2.1827631066978754,-1.6456861765412947,-1.9931915470238424
55.0,2,17.921629134796255,-2.2492341941625136,-2.582022004548117,-1.7687582215202697,-2.3669547058093365,-1.7695515654159153
60.0,2,23.571955283277347,-2.5716702308854607,-2.064802011009155,-2.846830847079764,-1.9138754933988986,-2.3153894446696506
0.0,2,0.15785775802828578,-0.2,-0.1,0.0,0.1,0.2
5.0,2,0.3109563811230122,-1.081958155959028,-0.8028146789107671,-0.5584528925457012,-0.375832065069148,-0.2554962515665538
10.0,2,0.28814284822389735,-1.4071797483790234,-1.3612642417428065,-1.2744332637687628,-1.163102440420719,-0.9431283937910775
15.0,2,0.16837320451345478,-2.2035492438450213,-2.0400613942028745,-1.8881442364422598,-1.6170530229515616,-1.4748542347118598
20.0,2,0.5686213173176934,-2.8157179036801874,-2.5648810331207748,-2.3363195851740537,-2.354828056229846,-2.226469597999912
25.0,2,0.4817353578258394,-3.3259593948078066,-3.264717638451935,-3.1765588742115036,-2.865575950432455,-2.7399583623522368
30.0,2,0.3878502481071188,-4.013677068463533,-3.8526096862733823,-3.7028290649469144,-3.600893961398298,-3.2773144832249805
35.0,2,0.8656344487187733,-4.628639518837786,-4.425852630106527,-4.195451997747291,-4.092929314164072,-4.179004847502597
40.0,2,0.4578782074306499,-5.298562560990216,-5.094148220829221,-5.00601428170718,-4.745475557652013,-4.45223173123072
45.0,2,1.0173216883416618,-5.637420260526648,-5.716299257841188,-5.545418952581198,-5.514541279473542,-5.2573066460379865
50.0,2,2.943491857006977,-6.7429529734524545,-6.259556130945114,-6.118126076166289,-5.747269337051438,-5.877635922896459
55.0,2,3.9214325576692826,-6.878656002296068,-6.923583298365181,-6.646237928543745,-6.908426671661105,-6.463190583696796
60.0,2,6.2765771423391294,-7.721137031519367,-7.615187804322095,-7.704845482418807,-6.912318894117101,-6.9411593162367256
0.0,2,0.06210566863710965,-0.2,-0.1,0.0,0.1,0.2
5.0,2,0.03436806717179318,-0.2738531896209821,-0.12974244576450106,0.05299849269905543,0.20859757284590527,0.34453461591800427
10.0,2,0.06987476358566365,-0.18571240923411286,-0.014767985830489412,0.06317784647248852,0.18831453382147206,0.35405810692559775
15.0,2,0.1954356384780779,-0.1014367965028635,-0.06085850926068258,0.1354330262172198,0.2765910406699417,0.3578763771088057
20.0,2,0.39700811766374083,-0.20565830683714187,0.07828257822789111,0.15251105402698675,0.2863933661136737,0.49861149277849254
25.0,2,0.5712280083922749,0.06283950417091405,0.022827421118575657,0.21646318267460302,0.34118416847360433,0.3693609539496952
30.0,2,0.6110817605665985,-0.17132058687430618,0.12913101197427315,0.2195987371238726,0.38270048212353963,0.655100632117485
35.0,2,0.4816941941038406,0.15647003920487,0.16614917105531,0.30477496678936017,0.40032392116784765,0.39002722432492876
40.0,2,0.3083198003432236,-0.08248262201695765,0.1172588453802539,0.33030677931951763,0.5028318906101467,0.7523654753268209
45.0,2,0.5066084154681411,0.21047164194056592,0.36930589041803424,0.31213554514061564,0.42177406616251495,0.5091282710355299
50.0,2,1.5496417647567209,0.06391064906899308,0.04744548255336343,0.49828770267317235,0.6551235199184087,0.7605831065607903
55.0,2,3.5574271946780702,0.1703724382275557,0.6195225575325709,0.3369199287821173,0.43307922458751197,0.6679913577224547
60.0,2,5.983325510568842,0.3048517423899235,-0.026060285622951478,0.5864227041284952,0.7982595531771671,0.7669468388570658
0.0,2,0.05319287466233135,-0.2,-0.1,0.0,0.1,0.2
5.0,2,0.04239581510196252,-0.5921927281181676,-0.44864006866105777,-0.3104769990420868,-0.12352014823315088,0.02608120182042749
10.0,2,0.07465322940235564,-0.8303495010648987,-0.697883715073107,-0.547683870697735,-0.4874287914633065,-0.3341516061690261
15.0,2,0.17235427216428667,-1.1339615243006715,-0.9989633889252719,-0.8988872665242355,-0.6846148432583372,-0.629819203693586
20.0,2,0.3306132117943261,-1.4422697153208237,-1.3105212799274835,-1.1329512160876072,-1.0862236567458323,-0.8230291008543843
25.0,2,0.4322070625224185,-1.6643091262911398,-1.5546160521595767,-1.482030802028838,-1.2621504015199112,-1.2806373291706936
30.0,2,0.4000459308845846,-2.09558068077749,-1.8961743995187756,-1.6938895999904429,-1.6353188704425792,-1.3715289026748834
35.0,2,0.27372694818176835,-2.1683540905055434,-2.141946515755077,-2.062667739146996,-1.9077912621492943,-1.8604815880812324
40.0,2,0.2782229595055248,-2.7158834484151857,-2.464158547979608,-2.3354593056202706,-2.1175970134523783,-1.9568916224047208
45.0,2,1.0046032810465724,-2.7542023067410533,-2.7323896686444704,-2.5068356201938906,-2.613187802633272,-2.432123281893477
50.0,2,2.9277209507665267,-3.2678421893513354,-3.027444469883753,-3.076241946517549,-2.5411119146807732,-2.5748469019067395
55.0,2,5.73008132917289,-3.3479076118322086,-3.336778426590034,-2.969408542237308,-3.3693422829417368,-2.912799300972819
60.0,2,8.055768807333742,-3.8436401456908302,-3.590013734726457,-3.6915476512919403,-2.9622392303005687,-3.2975441447982425
0.0,2,0.33989489518217847,-0.2,-0.1,0.0,0.1,0.2
5.0,2,0.47572924758821866,-1.7952932736773473,-1.468843205674155,-1.2047772788264726,-0.9464489284909994,-0.6939763225256594
10.0,2,0.5798512911887527,-2.588246822218829,-2.579255819455536,-2.449587141318945,-2.3526323052378606,-2.248955930158086
15.0,2,0.6323220176618862,-4.225120187605566,-3.882436965119698,-3.7013384005726584,-3.405863018869385,-3.1132584554165867
20.0,2,0.6761132215244756,-5.097779942339882,-5.04770725364516,-4.814781781760983,-4.766478024372694,-4.710609034659753
25.0,2,0.5091291667488305,-6.601058604883553,-6.297621562691013,-6.175281262122556,-5.871915231639091,-5.600818384636806
30.0,2,0.23348819702379686,-7.589167477035274,-7.520795489016777,-7.3155701973434,-7.204781037321107,-7.025719854451071
35.0,2,0.12710116188761156,-8.976585727130269,-8.737740858229117,-8.5173410887073,-8.321448537632108,-8.212256852663472
40.0,2,0.3446490726379955,-10.186126186408613,-9.910193485458693,-9.825636732528855,-9.613311553728641,-9.339444115432208
45.0,2,1.6090300883876363,-11.17460058681969,-11.297609604840956,-10.952223325411008,-10.83923725861675,-10.720380307063378
50.0,2,4.102113537068517,-12.886195714060086,-12.215826099180212,-12.292271438267704,-11.96803458475369,-11.731062255684428
55.0,2,6.795063720349912,-13.458564777985204,-13.840641747294994,-13.275464568584772,-13.35218937238944,-13.275868634886344
60.0,2,8.4591095558806,-15.360978547320148,-14.642083179954133,-14.926750387892195,-14.37193015987771,-14.010325835291244
0.0,2,0.3526566539457593,-0.2,-0.1,0.0,0.1,0.2
5.0,2,0.5353955125728576,0.09520669304913632,0.3621721705436093,0.6224656269009352,0.9399546872088992,1.2348355756497005
10.0,2,0.6782289314616051,1.1460348236727431,1.2309539001810414,1.3397477326082754,1.3554140076576928,1.437119042584806
15.0,2,0.7625412779314505,1.3441623337799775,1.660205762558013,1.9291873657899967,2.2957014865573107,2.5346473113715455
20.0,2,0.8268885202412853,2.485640279563374,2.5206314628605266,2.612708906742995,2.608264099696157,2.7912942645460497
25.0,2,0.7447731485927794,2.6711219894326397,2.96960977650186,3.2354776695580822,3.6176256690380244,3.7793386622307925
30.0,2,0.5670113132889539,3.678440553341815,3.83168802002472,3.951916290329248,3.9353302352357216,4.130433421182224
35.0,2,0.43008119856342125,4.130169426152668,4.2545265608725185,4.507135958783439,4.85279946786444,5.037811859792981
40.0,2,0.3900676248598722,4.837464429957769,5.138037974342695,5.201940587876027,5.331062243097474,5.528572791544351
45.0,2,0.9493309789358272,5.535719052339551,5.5728576406006916,5.960584575384267,6.036405059435514,6.186146452410557
50.0,2,2.367158360656507,6.036113489998059,6.413676111423838,6.326639387537357,6.79067017786556,6.9792483666981004
55.0,2,4.176627731896102,6.990582708334519,6.900443779969503,7.361341289454509,7.1309129249493255,7.417701584167404
60.0,2,5.716910301994319,7.1526260985839665,7.669496896004467,7.641935262752182,8.321893593301933,8.269665189584991
0.0,2,0.4200436428011667,-0.2,-0.1,0.0,0.1,0.2
5.0,2,0.4846772084023093,-0.9359965026318242,-0.7031148144773697,-0.403012129781947,-0.14528160305937507,0.19110964316450813
10.0,2,0.6264368921980208,-1.0526465942618128,-0.8649091194689097,-0.8230137810659263,-0.6387475163452278,-0.6132738024301095
15.0,2,0.9001216010688302,-1.6960012334188723,-1.516739218123232,-1.113818395701273,-0.9997886665556998,-0.6625387065588816
20.0,2,1.2918332735021716,-1.8923686407872309,-1.6652629101701204,-1.7321088309584087,-1.3884253770972232,-1.3070158681309758
25.0,2,1.3588949365247864,-2.404817664533535,-2.3053315446848353,-1.8636939475788803,-1.8444068459609442,-1.5632270311717766
30.0,2,0.9292681912306368,-2.8419141567984227,-2.487967906773433,-2.4652915658351096,-2.152540117144374,-2.0300586941646217
35.0,2,0.41310424131253176,-3.04608110976972,-3.0331532997756705,-2.8119614430431095,-2.6332337394039302,-2.4496382555094787
40.0,2,1.0185542626841202,-3.7207240305764535,-3.442857303489367,-3.1006066841349917,-3.0410183001790925,-2.6651569359079432
45.0,2,5.40674471067404,-3.8702900067588097,-3.580291603250071,-3.76476635707844,-3.2580861140405033,-3.4932245799459385
50.0,2,15.281622331692976,-4.447627426868937,-4.5480715000927265,-3.6969213409437534,-4.049582949861137,-3.220750850093071
55.0,2,28.204187873396496,-4.69791990743143,-4.087236139441759,-4.8641045211550225,-3.8878231363368467,-4.422165770280404
60.0,2,36.80155975332612,-5.279589218666948,-5.556904180809509,-4.174940796388073,-4.905706470883941,-4.038404214682826
0.0,2,0.042127483712838955,-0.2,-0.1,0.0,0.1,0.2
5.0,2,0.04913870386993793,1.3340719644644339,1.492332836320802,1.6475444344982364,1.7955836034947643,1.9696584790740106
10.0,2,0.05995658473844631,3.090046671935128,3.187955487738406,3.291480921958648,3.4180970249153653,3.4908025291569027
15.0,2,0.0728535908602835,4.63713962581799,4.8004691369645105,4.956812763733328,5.067233334663026,5.255919092377796
20.0,2,0.08092818839905543,6.372862969374685,6.469038120884122,6.5702542536113295,6.736300926947876,6.8083090005908655
25.0,2,0.06845728386415119,7.958838316459108,8.108748503815214,8.260009242601647,8.344399739838128,8.523960786547027
30.0,2,0.03472290477765584,9.626800645357536,9.756050475455764,9.87571163747813,10.04188006293702,10.134705085884947
35.0,2,0.009744879634432798,11.303957208579748,11.411556681987815,11.532703555249741,11.646298492327993,11.77982328682034
40.0,2,0.0593625487149769,12.878364963272778,13.04156696941862,13.19729814781823,13.308404107732011,13.487896354576256
45.0,2,0.2817613377666782,14.63218217306311,14.722323292197448,14.802840750582,14.994026574943652,15.00134906988385
50.0,2,0.7184263578171457,16.14753638711441,16.320365017993474,16.52622657087015,16.5392531714787,16.85853203106563
55.0,2,1.2466579874432895,17.95666402276634,18.031319352931337,18.050725024692905,18.349829806399693,18.24256628958424
60.0,2,1.560854942186792,19.414907078637828,19.608952164389358,19.871611707742932,19.798483702560905,20.176341160895575
0.0,2,0.31361204238568186,-0.2,-0.1,0.0,0.1,0.2
5.0,2,0.31309867189240215,-1.4137900685847447,-1.1944252875610142,-0.9501922912833715,-0.6907040807948757,-0.39855412434894016
10.0,2,0.25508403314155165,-2.11396909376641,-1.9567316768607776,-1.8470772257614478,-1.7236550226869083,-1.6538986860703417
15.0,2,0.17104175546243117,-3.2423038305025123,-3.0334144912189926,-2.7599154875953085,-2.5743804195545996,-2.3329833288474386
20.0,2,0.18970963019457843,-4.0007581900804885,-3.8494442074618376,-3.783288641443605,-3.564508913074702,-3.392663458231152
25.0,2,0.15384444972406539,-5.023930093212014,-4.865284743688943,-4.590477262724026,-4.461542521764047,-4.297094641475745
30.0,2,0.1624131987701418,-6.0059093511551245,-5.722845410750078,-5.583458199093105,-5.381272187031365,-5.192509967408011
35.0,2,0.3406426090994812,-6.720998889616508,-6.701522546183338,-6.548153629336195,-6.356037183171592,-6.206948719702958
40.0,2,0.4839676165523287,-7.959387549644137,-7.645794528480197,-7.390684827374385,-7.241475343008107,-6.9439845720766415
45.0,2,0.9807805054851202,-8.581965202623863,-8.446048030321505,-8.388873894473372,-8.172828670333317,-8.239276875404238
50.0,2,1.9161989391172551,-9.781311935005215,-9.641491858950975,-9.259667132218329,-9.149428666990012,-8.64475893256459
55.0,2,2.737766440880029,-10.428835363014166,-10.18958290548212,-10.341280689705073,-10.024449572778186,-10.140175847322494
60.0,2,3.485339135433129,-11.706460786621177,-11.57564837017248,-10.941286432375856,-10.954005977518062,-10.594588664187302
0.0,2,0.21815236062375415,-0.2,-0.1,0.0,0.1,0.2
5.0,2,0.16723236110692402,-0.943101996870892,-0.7357092960919615,-0.5287754355620129,-0.2794543564372994,-0.05803925652080077
10.0,2,0.12549051723214272,-1.2771328910299113,-1.1360526964629727,-0.9901413080243688,-0.9171844249762372,-0.7696493624724312
15.0,2,0.13386255725764784,-1.9072874653754148,-1.7219293811916991,-1.5481012560077072,-1.2903653034069473,-1.1675576184671081
20.0,2,0.2309363461902172,-2.3521375938620643,-2.1925375273395575,-2.022501949984283,-1.9421942039451996,-1.6709500908007198
25.0,2,0.34108304407515766,-2.841978561731006,-2.708518045674624,-2.565632739658045,-2.3185283521236606,-2.2907440082274153
30.0,2,0.4168226398652859,-3.48647256132661,-3.2273919540838802,-3.0178436074504424,-2.91981617368149,-2.6189577523552567
35.0,2,0.44866748147407853,-3.7393793573385077,-3.718105936205815,-3.5968046825498026,-3.407962601198174,-3.353309813088314
40.0,2,0.4764814473290735,-4.5855287472216,-4.2588914405150495,-4.080984822658195,-3.84216712312553,-3.5930705983431053
45.0,2,0.8564322874378915,-4.733572082937753,-4.712001445811456,-4.5002379589119705,-4.544319510252466,-4.415592075432679
50.0,2,1.9284248593554243,-5.595912490913317,-5.304041123025456,-5.2341138771732805,-4.713095432844228,-4.60364049087286
