0.0,2,0.22844131943249243,-0.2,-0.1,0.0,0.1
5.0,2,0.3076412217477534,-0.020678693048533616,0.07322844071537658,0.21276968951567193,0.26413717123161684
10.0,2,0.4939489242921149,0.1455134804073099,0.3047845768406982,0.2909926333503153,0.5176225262299506
15.0,2,0.26803274757622775,0.3154515894784922,0.4193286587599394,0.6008745830690486,0.6527149939349652
20.0,2,0.1303472896156584,0.47810888234022875,0.5863841177016211,0.7745756853171116,0.8787577482976457
25.0,2,0.9791893500763654,0.5930717863049072,0.8596949153646063,0.8272979811746717,1.1672183592265735
30.0,2,1.0904346278111465,0.7716937954771403,0.874507203920086,1.2692655031780082,1.2612731479096868
35.0,2,0.10325568192309417,0.919805589625886,1.09215690541419,1.3202718037326204,1.573961960126417
40.0,2,2.5407712703515175,0.9825648735181665,1.4295854028091326,1.381500172041207,1.8420024189448816
45.0,2,5.567066824013022,1.2547251988818837,1.2516017515715934,1.9938469446065616,1.8649355806676395
50.0,2,1.6275667858446803,1.3537714246394164,1.6741049934741807,1.7822449003823777,2.284444765645978
55.0,2,4.623950528379627,1.4040769978582255,2.0288193092295614,1.9464218783837564,2.4447045070847633
60.0,2,20.722118213372585,1.8792957087913174,1.5376111855352594,2.755767831484059,2.3808045751600524
0.0,2,0.1331599448920755,-0.2,-0.1,0.0,0.1
5.0,2,0.32193144419964365,0.008127544489481638,0.02887564242184183,0.115282162513351,0.3083643795094084
10.0,2,0.596479311252094,0.052652675934715745,0.3135035132317405,0.3835861991989907,0.3715570695027154
15.0,2,0.3854715818594076,0.33613505935866694,0.32840351067653256,0.4571671683137671,0.6602434484532855
20.0,2,0.05111804568297129,0.42488184935716333,0.5539139887956277,0.6590944603022433,0.8047086172812986
25.0,2,0.5805894997227624,0.4830455399052864,0.7944335741595149,0.9056594853038233,0.9201100453017923
30.0,2,1.340148278250512,0.8222504924036771,0.7191971710392513,0.9383071418976693,1.2841435682638978
35.0,2,0.7463035438375631,0.7404621664137179,1.1158523268584768,1.2611792713884284,1.3070543378779484
40.0,2,0.10683058847488425,0.9474339596435087,1.1893640501039873,1.3805430336168054,1.5678567881083514
45.0,2,2.026158312365109,1.251386334524284,1.140188422692608,1.4779430783377352,1.876329724852101
50.0,2,3.941780739447544,1.038788180546009,1.714483497542705,1.8571481318675074,1.796077479384571
55.0,2,1.933280566528399,1.5284614342788474,1.4986758775570892,1.7787446430051668,2.261265063433741
60.0,2,1.011095249854048,1.6245124863041234,1.6862172026810205,2.1102727546490994,2.3067943035745913
0.0,2,0.001103256490068902,-0.2,-0.1,0.0,0.1
5.0,2,0.099937086025144,0.0827627282842008,0.18841968225076547,0.32821135252483363,0.3510897751475391
10.0,2,0.23723934438674793,0.40549524968343914,0.483161397881128,0.5017849065399166,0.7105255223101965
15.0,2,0.10118845246266844,0.6608070414105761,0.7793262702188496,0.8970284845876764,0.914288818404913
20.0,2,0.10070130877083514,0.979970125812891,1.0315242177399762,1.1734253406875061,1.2170144685889788
25.0,2,0.6130432169834497,1.2651438736372231,1.3800637847506756,1.3248299661322287,1.5823800665165608
30.0,2,0.6188426125681086,1.5132724809795464,1.6315560238142048,1.827703869244195,1.73036885520607
35.0,2,0.2143573199585983,1.876205759533375,1.8580673605518758,1.9894858031474996,2.129625844218616
40.0,2,1.424830869424706,2.066073089555895,2.3173159974375883,2.171501019610831,2.448978199054413
45.0,2,2.386731101672883,2.385894515441263,2.4085217246503663,2.791040471006566,2.56889513276787
50.0,2,0.8568271749588316,2.7438046316078886,2.7116201097310366,2.763849437696577,3.08556120303787
55.0,2,3.5171958090253757,2.809390876312816,3.2950064801565184,3.0556928533925025,3.2952287104188733
60.0,2,9.237754742426233,3.3316237933100314,3.052782562267912,3.782497453775342,3.438898649134711
0.0,2,0.30721408076334256,-0.2,-0.1,0.0,0.1
5.0,2,0.382978686327921,-0.9940602455490448,-0.8785564691974826,-0.7870830662673189,-0.7198738272221028
10.0,2,0.4879479173211454,-1.7730486986953957,-1.6642578005708106,-1.6535514507801223,-1.4682892664255605
15.0,2,0.41069663059387185,-2.589037079934828,-2.4873343175268072,-2.35248793195834,-2.309861495287843
20.0,2,0.2144483962734981,-3.4034889596932536,-3.2816084491190676,-3.1752153131550003,-3.0579817109764296
25.0,2,0.3825852251312029,-4.232792978506133,-4.059911514460815,-4.03062906090193,-3.7745344873108624
30.0,2,0.5517103312998594,-5.0760723396419465,-4.935275691856066,-4.64054719138207,-4.625546426535662
35.0,2,0.10896386697170504,-5.902822983548446,-5.716865957514642,-5.557812966596482,-5.279513349992161
40.0,2,0.5389026039846674,-6.787744350264378,-6.469105524808318,-6.356841689515429,-6.022897301299621
45.0,2,2.177474071846327,-7.588764243074351,-7.447297557305932,-6.889381247673826,-6.8907194260697215
50.0,2,1.6266324950677933,-8.435426037334814,-8.11818784443943,-7.982915040172501,-7.459207160413063
55.0,2,1.2195285668416846,-9.339072965828521,-8.869122357220474,-8.646748733762921,-8.320365633783899
60.0,2,6.6869877910241335,-9.99939839147374,-10.006410615858277,-9.152140646139248,-9.196933645360577
0.0,2,0.053941515237715884,-0.2,-0.1,0.0,0.1
5.0,2,0.06134294927527893,0.038565541668534986,0.18420428261325889,0.29778992534831705,0.37048273303383583
10.0,2,0.10388989742327068,0.331187821808555,0.4174673906191861,0.5158225008335351,0.717607252066631
15.0,2,0.0635421032411439,0.5388269878912616,0.7079871501786665,0.8731921551521973,0.9531211547697351
20.0,2,0.01607839453511246,0.8028475665343013,0.9599554288758041,1.125638971355045,1.275727963890667
25.0,2,0.18889138108494402,1.0755796882230713,1.210580327994631,1.354181732372763,1.6148706647292945
30.0,2,0.39860184066486243,1.2671453698527333,1.5064606016186284,1.7616703249548393,1.8109785995575072
35.0,2,0.27967137161437094,1.5901982949608326,1.7266369365410352,1.9222728462268828,2.1981893009189077
40.0,2,0.2601143587810798,1.8164135795326897,2.041675635344888,2.210935238926426,2.4593154075075914
45.0,2,0.7840554636753313,2.061219853769211,2.29111847072647,2.6264216907271813,2.6406223287526367
50.0,2,0.9332547172703234,2.4332176021219,2.5292854277957937,2.669997093261979,3.0779247034597277
55.0,2,0.4796498990002963,2.5950182727591735,2.9266245378443547,3.0825340700914565,3.197290428608305
60.0,2,1.0546990793986954,2.9828866492984645,3.044977841217153,3.429809825069651,3.4348354763818634
0.0,2,0.09486438976622169,-0.2,-0.1,0.0,0.1
5.0,2,0.08313742941003478,0.7455487573767332,0.8386597147945528,0.9314868176695603,1.0906218885701038
10.0,2,0.08515198041577186,1.6331296363139025,1.8164891843520727,1.942100457590228,2.020915078565705
15.0,2,0.04730554835092148,2.6055911177042335,2.702552587729851,2.8665411589356893,3.044266670863093
20.0,2,0.030132996645584567,3.4990561470433197,3.680711140281104,3.8287467909617767,4.016754635357618
25.0,2,0.14494967735616715,4.397769352172898,4.630142855284965,4.842530973077511,4.961142711519434
30.0,2,0.3249027656058677,5.393890663185409,5.495414958981282,5.737547951925707,6.011049496373355
35.0,2,0.3684075511272007,6.233696063047631,6.546457163925204,6.738774361184677,6.925292660719166
40.0,2,0.31868049760787603,7.215283375515095,7.419366238379134,7.716364695931117,7.899523117462312
45.0,2,0.5383029447844223,8.208718315305017,8.329663174240004,8.601148900434906,8.91732421571869
50.0,2,0.9479703295483191,9.025850062709885,9.450602980916575,9.622116658313356,9.764602082169832
55.0,2,0.725270102217709,10.151992346506692,10.194934008010893,10.54167393430666,10.780888673696335
60.0,2,0.15593905035919353,11.066724362796297,11.259301058744095,11.452776708236005,11.697004011155139
0.0,2,0.12100574138989481,-0.2,-0.1,0.0,0.1
5.0,2,0.04874157473168231,-0.29955389231690177,-0.18575509047250782,-0.05956714969221165,0.06388569198963774
10.0,2,0.03534313522484342,-0.4242106268377323,-0.24219811962012067,-0.131149046033111,0.03557691150699236
15.0,2,0.045439429671594665,-0.5157149402760227,-0.3715688094357028,-0.15582150671395187,0.00013393494972281986
20.0,2,0.09158792285176326,-0.6381842005839131,-0.44157855270094787,-0.22086678494080025,-0.023332223742288837
25.0,2,0.30443868209019415,-0.7656986909706631,-0.49354431990521785,-0.3006146639098295,-0.045094527674243365
30.0,2,0.5331369930863693,-0.8307200802285679,-0.6569023653604895,-0.2986422049032531,-0.09967799245963854
35.0,2,0.5236121838149512,-0.9583232653165717,-0.671381557879734,-0.40285537840667995,-0.13437288184097626
40.0,2,0.7209129970959609,-1.045967913656166,-0.7256547437059135,-0.4967772333126965,-0.17952363326121612
45.0,2,1.2018872940446035,-1.055188325429907,-0.9223287010525073,-0.456401570901086,-0.2949953670445154
50.0,2,0.7964073227252217,-1.181976260438533,-0.8275218823971255,-0.6567937564535393,-0.3436125056308331
55.0,2,0.4082507784258793,-1.1915181233867085,-0.9240503862814663,-0.7357465521769984,-0.4395797835668595
60.0,2,2.187028146185736,-1.1452587239005045,-1.1501004687677818,-0.6396183476989579,-0.6369077455368041
0.0,2,0.0064952280855724055,-0.2,-0.1,0.0,0.1
5.0,2,0.15448534074792936,-0.7155357000293872,-0.6141908782137883,-0.5789510910995854,-0.38738412957687224
10.0,2,0.3265804259636189,-1.2688016623332166,-1.1561837467028604,-0.9684475814571143,-0.9986906073460712
15.0,2,0.10868229954144816,-1.7586700990739765,-1.683704764936132,-1.615570080445405,-1.4302404523033814
20.0,2,0.17828838896918428,-2.323480236915689,-2.159624931097158,-2.1368392613710285,-1.9643027662946377
25.0,2,0.9358446334288901,-2.840553241201443,-2.7757864218284203,-2.4866401872492534,-2.5773291443190196
30.0,2,0.7873997861188826,-3.337900556610758,-3.2451517887952437,-3.260537308777171,-2.932781139334568
35.0,2,0.32936828243046523,-3.958597667018337,-3.6990298915373856,-3.6509308303238903,-3.5638742035577495
40.0,2,2.4852048523779433,-4.372209196754564,-4.456456805008548,-4.013493736238232,-4.12633465335563
45.0,2,3.514048475151923,-4.965188675225142,-4.724249891603563,-4.941419691724931,-4.433697931722984
50.0,2,0.9729258729934845,-5.576248249720772,-5.278988143885832,-5.108461181974063,-5.196920413615674
55.0,2,6.332677565386597,-5.845225866409141,-6.191954689658943,-5.570489065243251,-5.6490101668046755
60.0,2,14.843116314349919,-6.677590082689282,-6.039305558381885,-6.67235558613309,-5.963490359831355
0.0,2,0.010705158794418131,-0.2,-0.1,0.0,0.1
5.0,2,0.07423775764135296,0.5574242207494655,0.7130273710170313,0.7992381419803827,0.8563950168612318
10.0,2,0.17546693082224027,1.4162257354547898,1.4118663032200183,1.5362767823130261,1.6878006802283958
15.0,2,0.10014380564069181,2.1260865149832298,2.287762733424207,2.3615766292830114,2.402828374133924
20.0,2,0.006960062860658727,2.9438046002002864,3.0440474572389737,3.1128583024562477,3.20362864253696
25.0,2,0.24448425932180182,3.792748194492681,3.7512520956285136,3.879146661696107,4.007276801223307
30.0,2,0.4785006978676446,4.455852584910806,4.6934059866507685,4.713062933178614,4.694186998908596
35.0,2,0.23175696223600606,5.366609915510838,5.343633779869741,5.403544706695933,5.5688048521804046
40.0,2,0.18942775848400464,6.133322387292162,6.1248615998891145,6.263877546633774,6.286616471049958
45.0,2,0.8873496153030049,6.798128130370046,7.0877060094195405,7.025226063780914,7.023702551902619
50.0,2,1.1849067874537282,7.793277096577526,7.611128243048867,7.708855853813844,7.947586312640955
55.0,2,0.8583814315831706,8.408578852645839,8.538932114358195,8.700862017932584,8.53855927175265
60.0,2,1.4052352497512077,9.169039410180888,9.435724969638084,9.259290752128402,9.448961875349914
0.0,2,0.12491482799556101,-0.2,-0.1,0.0,0.1
5.0,2,0.07582064661752771,0.7774616060392855,0.8935667461952713,0.9866407445447302,1.1318766358851422
10.0,2,0.032202296512894746,1.7300764750356215,1.8905911003005678,2.022017965570553,2.1364059244221094
15.0,2,0.016476439265718814,2.717537168774548,2.8448330388448966,3.021668454512683,3.184598535861076
20.0,2,0.04502842818259403,3.660403021793207,3.8591156348712516,4.018574347600484,4.220089926392658
25.0,2,0.11336952278932924,4.617544889133089,4.8329015731331335,5.066059389789527,5.231222811266229
30.0,2,0.24149783615023968,5.615545381830763,5.781188976964273,6.049508851792491,6.291031185398858
35.0,2,0.3976457025520647,6.53754494339212,6.84026270628271,7.050997392225325,7.298015086750608
40.0,2,0.43886306193711544,7.551316772545494,7.766779811362088,8.096019195619672,8.302250081787886
45.0,2,0.4611556936821515,8.56015584912165,8.754574968242409,9.055311641237445,9.335869135378053
50.0,2,0.7002514210401292,9.488965421692296,9.863218431932918,10.046780390817426,10.296493082201346
55.0,2,0.6777853886665206,10.603853582338466,10.708619735162813,11.090582597467128,11.281947144339833
60.0,2,0.17707564733435177,11.58724527546723,11.80909218058082,12.016787734655445,12.261423601269076
0.0,2,0.062492867500445595,-0.2,-0.1,0.0,0.1
5.0,2,0.1423855218730428,-0.24244460852432356,-0.07965315432256828,-0.02193655859265822,0.06279199083831598
10.0,2,0.29482443531715674,-0.17560902628705827,-0.21009565445631134,-0.03295046460243998,0.05617048414334814
15.0,2,0.1325667557035945,-0.26305006365784306,-0.1040914320219844,-0.07002681309710938,-0.00655868302674243
20.0,2,0.06993605517352537,-0.24356147271950118,-0.13748375406710506,-0.12124529430832448,-0.02267880130997452
25.0,2,0.6955274627084993,-0.1653679417146723,-0.286938056943268,-0.08342027272538279,-0.07048538162278953
30.0,2,0.8049168800076257,-0.3104472412939459,-0.06491828186838049,-0.17714097919206342,-0.13494748125294465
35.0,2,0.19335990993620905,-0.19588360690917372,-0.2285000886207753,-0.23047898179225354,-0.11383363688637525
40.0,2,1.6523378529988837,-0.17409128612091504,-0.3447836492383896,-0.09255556792918514,-0.23850814152130342
45.0,2,3.3665129485360055,-0.36784597013699744,0.00017223917729448815,-0.3503484053689807,-0.21315883908228625
50.0,2,1.200163623953713,-0.1440900175571608,-0.3897772445487851,-0.2833023856933515,-0.19525365821282595
55.0,2,3.437465201990791,-0.2596075247720915,-0.3801769220227849,-0.050625208556260626,-0.4032559812621793
60.0,2,12.197950003642042,-0.45986184974994015,0.07308610847968439,-0.6300058205859556,-0.1581264053582758
0.0,2,0.03291267202313794,-0.2,-0.1,0.0,0.1
5.0,2,0.08932757651528166,-0.2657501740387959,-0.11947430250586569,-0.029880961065299035,0.07236546626709395
10.0,2,0.17658099095426671,-0.26706929690602615,-0.22800282144502484,-0.04959604303360964,0.059188218698925696
15.0,2,0.13813458114409752,-0.3566966260909433,-0.19316388230099002,-0.09401655087158207,0.015657145234909905
20.0,2,0.11735308759681708,-0.3794982604181406,-0.24191440540125508,-0.14144727706995502,-0.00809994248212311
25.0,2,0.34160279804982446,-0.36252602607380396,-0.3581928699945733,-0.13658916381230823,-0.056391796833654265
30.0,2,0.35260773446574734,-0.4723831654887792,-0.24644706103312417,-0.22442969249052586,-0.11317990904477987
35.0,2,0.06864407702281702,-0.4223815627832226,-0.36713038935177805,-0.2745532249340908,-0.13511462233098975
40.0,2,0.6069562264235921,-0.41912194584518087,-0.45746038901677516,-0.22047642852010704,-0.24486100736089253
45.0,2,1.2875260559532233,-0.542386244516664,-0.26029839030975266,-0.41693489684410023,-0.2650402104153056
50.0,2,0.4191094435219128,-0.40976178497181087,-0.5147093720284379,-0.39310822619381824,-0.30982033023465266
55.0,2,1.2800684157903148,-0.4736283089061286,-0.523666761037356,-0.29595885139245603,-0.4768857634356794
60.0,2,4.921488715621099,-0.5975486865091735,-0.25055564514627066,-0.6886620848196332,-0.3761132396393958
0.0,2,0.2891529535189018,-0.2,-0.1,0.0,0.1
5.0,2,0.39007585397668576,-0.2689148394557544,-0.12481792028362569,-0.10275979281603652,0.042375591154665014
10.0,2,0.3735959934592115,-0.31400133119611656,-0.23938976028187597,-0.11390503009001406,-0.04093780123350518
15.0,2,0.2540483671437451,-0.3991361724027634,-0.2880849548812685,-0.1937256386068518,-0.0814041183113952
20.0,2,0.34588386653606196,-0.5071832471382531,-0.31493533758814574,-0.2933485458410181,-0.10100071503562369
25.0,2,0.40496313874304146,-0.56412020131742,-0.4939212971319659,-0.2404764515097485,-0.17206685704466737
30.0,2,0.04624781784545303,-0.7018131704274407,-0.49795899791204945,-0.3657443642672809,-0.15918523579777497
35.0,2,0.37103223265062557,-0.8306172179142434,-0.5403939067355299,-0.4480226488861476,-0.15978495626938788
40.0,2,1.519023893150595,-0.8685581903367894,-0.803244210857416,-0.3130590789900913,-0.24807421102177293
45.0,2,0.9730555965725709,-1.0613706090263133,-0.6834192763986934,-0.5616423977180764,-0.1806203694637609
50.0,2,0.787826446481193,-1.1547379622893952,-0.7877260912515681,-0.5806388839271507,-0.21806667653949477
55.0,2,5.2245497317726945,-1.1317351413367698,-1.1370058950055464,-0.3621809399841557,-0.3643645990818837
60.0,2,5.9375068256973424,-1.3933481382177684,-0.762904126783722,-0.8622038366784638,-0.230947435129112
0.0,2,0.018284638476057206,-0.2,-0.1,0.0,0.1
5.0,2,0.09424143564466662,-0.2557835843226203,-0.11167308785535487,-0.07040126841581772,0.028792633693964353
10.0,2,0.16844502853732096,-0.24582794014256767,-0.23328876189842968,-0.11133781067622141,-0.027676101082436583
15.0,2,0.11655615815056672,-0.33389978005427556,-0.21597991519582782,-0.17014591779454497,-0.10717030765482688
20.0,2,0.18340682364262473,-0.37765923258141515,-0.25859031211109906,-0.25737936060633676,-0.14263232230042738
25.0,2,0.4269947163227786,-0.3772459653895276,-0.4144722641372693,-0.2468874033177743,-0.2067209016545022
30.0,2,0.29461536214095085,-0.5239561363677487,-0.3312935946976928,-0.3374037570021883,-0.26173835333124124
35.0,2,0.1777444068117972,-0.5372671858941268,-0.44760646983477476,-0.4270639660023918,-0.2515195265673883
40.0,2,0.9921622853093064,-0.5748344925446411,-0.6181353063408516,-0.3252434317703643,-0.3543092245426455
45.0,2,1.1349919292360142,-0.7712058348207624,-0.4439738187024561,-0.5304118460792974,-0.33599626249579456
50.0,2,0.23735720709348562,-0.7280996166513857,-0.6881820888253514,-0.5531585674486226,-0.32121279607274117
55.0,2,2.629945346969017,-0.823282468205293,-0.829587724031909,-0.35350859685511093,-0.49333958680559425
60.0,2,5.396206423447543,-1.037075149689417,-0.5293636790584324,-0.8074590558482017,-0.3348857982016905
0.0,2,0.2237672818639156,-0.2,-0.1,0.0,0.1
5.0,2,0.2205921115976553,0.018867601369116957,0.08169645986620638,0.19146180579864217,0.36728875846358566
10.0,2,0.2895909532179539,0.1201983438089118,0.37755362387691144,0.47122360013089365,0.549653683178377
15.0,2,0.1676809267617846,0.390970182564418,0.4588504989889779,0.6610089413319985,0.8671142536072324
20.0,2,0.01202296618219623,0.5204125572147247,0.7111543062820623,0.9020385970248078,1.103653041468575
25.0,2,0.38966838618697835,0.629266489829064,0.9819647511912745,1.1636715679587182,1.3216703185086207
30.0,2,0.9513596302845082,0.9531307110903554,0.9862466720789141,1.3445305079387224,1.671979861877181
35.0,2,0.729037324501197,0.9755878378615377,1.382534461480859,1.6330969246210123,1.8239831545192335
40.0,2,0.6282087447988552,1.2063308122204186,1.547887613528505,1.8072766343128615,2.11302194391835
45.0,2,2.010473268463536,1.5477127052114945,1.5493824576072786,2.050468111365608,2.386268355293298
50.0,2,2.6391016528781246,1.4931534982735968,2.1292408422003413,2.308878042016216,2.4618738724849893
55.0,2,1.2250016173229397,1.9548889979753568,2.086251445020425,2.3720215432518987,2.839298894224872
60.0,2,2.3434613984329014,2.2055869007240188,2.22007931454305,2.791609282689975,2.8945000080129266
0.0,2,0.07723795082641748,-0.2,-0.1,0.0,0.1
5.0,2,0.14365428618141604,-0.7367058710478038,-0.5931337299931047,-0.4937124961592411,-0.39945120891560487
10.0,2,0.24201356373804955,-1.2058408409560342,-1.170669426397856,-0.9913741586640551,-0.8781221862135591
15.0,2,0.2104932885095126,-1.766764942396871,-1.6006777698989436,-1.5036674214767445,-1.3978997845747179
20.0,2,0.15033279280012363,-2.250570466899037,-2.126151269799715,-2.0174829931626013,-1.8978084946016915
25.0,2,0.3332835788641237,-2.698952206469902,-2.702414480598582,-2.4975759131968887,-2.416073930313471
30.0,2,0.38749107434675356,-3.2753434602801224,-3.0554946400821126,-3.049293704360127,-2.9578880319722742
35.0,2,0.07344271478663382,-3.6769379618910576,-3.6583292705301553,-3.5693252308846293,-3.456430679504595
40.0,2,0.44221386590413697,-4.1454521996770675,-4.1931590744806515,-4.006667977485966,-4.038747197282514
45.0,2,1.2608585209571597,-4.729022498261656,-4.473010777331224,-4.657599066069127,-4.547397413380017
50.0,2,0.6460989896507682,-5.046520416312576,-5.213152678855157,-5.1072711825859445,-5.063088783404181
55.0,2,0.9677541628648645,-5.600018320697383,-5.6451394710644305,-5.508084331624939,-5.699794243886842
60.0,2,4.39506967581708,-6.172853980077023,-5.882934091646012,-6.335797825868125,-6.084453775798145
0.0,2,0.12184813539732943,-0.2,-0.1,0.0,0.1
5.0,2,0.14722028461016362,-0.6166581483412822,-0.45121955672772707,-0.39190964432093023,-0.28141108802914006
10.0,2,0.1391030236338502,-0.9668857543302172,-0.9129361901450354,-0.7717592492219594,-0.6308156811409341
15.0,2,0.055089119592434656,-1.4181242705424073,-1.2531581913011676,-1.1250367469660782,-1.0272761034475557
20.0,2,0.08689336664556949,-1.8266948728447774,-1.633937238947735,-1.5458164662315659,-1.358345171652203
25.0,2,0.21962877546776127,-2.1875996189093754,-2.1251262546803695,-1.8752016017609066,-1.7180647117447316
30.0,2,0.18543793859445346,-2.6849282074673635,-2.4088265417679824,-2.2432158512823923,-2.110220023996733
35.0,2,0.31938703663790835,-3.046857650454051,-2.8430714829252395,-2.7036476757801617,-2.394812252774152
40.0,2,0.8214424414976148,-3.428464267545962,-3.3368439906820853,-2.9366555899800053,-2.827623651144729
45.0,2,0.7434152595491765,-3.934356553334179,-3.5447814618568954,-3.4093838489211037,-3.182264072659791
50.0,2,0.7500659599182854,-4.2204115323634115,-4.055337750608887,-3.868094757088951,-3.4681403341299326
55.0,2,2.5262834715671056,-4.629401856512917,-4.522281170757142,-3.972648783928803,-4.028851000411545
60.0,2,2.7079971554155167,-5.098399563192638,-4.630965013112411,-4.694735840304202,-4.270280832420373
0.0,2,0.0019212370054021042,-0.2,-0.1,0.0,0.1
5.0,2,0.03854113202014545,-1.7555142199287965,-1.6236912417982687,-1.515388258135222,-1.4589432623529717
10.0,2,0.09212445916363844,-3.247362405902639,-3.2030852587392227,-3.1101298111553066,-2.946496488633381
15.0,2,0.05420960217561545,-4.835040294870455,-4.692292888975316,-4.591909500158196,-4.541368262641862
20.0,2,0.0034814743957147336,-6.347713996663879,-6.255494995827716,-6.147952527616347,-6.062986408753102
25.0,2,0.11269079697438927,-7.854281930786568,-7.813183605925744,-7.735598247030174,-7.564621127333864
30.0,2,0.24309206271148998,-9.465198309494937,-9.281594257079687,-9.180845753756604,-9.193583572960328
35.0,2,0.13415900031475422,-10.914050668039396,-10.905148600573886,-10.804294869161756,-10.651264737731783
40.0,2,0.03118610119670147,-12.488191831576756,-12.389580195406442,-12.336512173797995,-12.214011656940887
45.0,2,0.333827721279847,-14.072471433345383,-13.89563482631918,-13.783836872045116,-13.829889708227661
50.0,2,0.6537933927639583,-15.476783959870383,-15.55838938549638,-15.47042418815706,-15.229772288628796
55.0,2,0.3924660439082241,-17.163216129081505,-16.928878306886848,-16.90353520699062,-16.89327716140897
60.0,2,0.1482683029984103,-18.634471328088484,-18.57078001239182,-18.420957815645433,-18.416234630457726
0.0,2,0.05925557893195779,-0.2,-0.1,0.0,0.1
5.0,2,0.13160238678195824,-1.0903383561979356,-0.9329032871522073,-0.8437559091812129,-0.7677614806471218
10.0,2,0.2473058437001606,-1.883479743684003,-1.8831960176139846,-1.7160410174119265,-1.5868012876470403
15.0,2,0.16671479708838025,-2.814166761158842,-2.640814084433716,-2.5615133057755157,-2.4877829481673452
20.0,2,0.07150164794762386,-3.6391575501013893,-3.5240113654602125,-3.4415885849228895,-3.3342786322294273
25.0,2,0.3608871041577746,-4.422713253690834,-4.471810458216456,-4.28524960394957,-4.194021850035564
30.0,2,0.5215938865861015,-5.389415235636543,-5.141157105065956,-5.157053161120115,-5.120928697248325
35.0,2,0.1517805888055841,-6.1134397516083965,-6.131916511929932,-6.067600253002657,-5.930356715708386
40.0,2,0.5255064440466848,-6.951388959334547,-7.018426958121895,-6.833514307388388,-6.874742040583047
45.0,2,1.5622507735977504,-7.927023246169485,-7.621063120204098,-7.814944298123016,-7.749800634109676
50.0,2,1.084024597290195,-8.551318566221177,-8.77536951306417,-8.672513908791688,-8.548388343707698
55.0,2,1.338538578534501,-9.522260178959804,-9.52141630090167,-9.34870711458832,-9.589965770513308
60.0,2,4.677978325678466,-10.45033033492754,-10.116036881113725,-10.56066184657935,-10.290079335521078
0.0,2,0.3133869501075498,-0.2,-0.1,0.0,0.1
5.0,2,0.6450696458753576,0.8065698920866002,1.0408205282555643,1.0274066033338192,1.1304190242668666
10.0,2,0.8563558249653618,1.979400540715886,1.9143280942267615,2.0869843273291444,2.229719133613914
15.0,2,0.44632110613457365,2.9018251092288456,3.107991685486449,3.1801010046290097,3.2257303444842895
20.0,2,0.6117073943305349,3.9401664306412267,4.17071835839346,4.14602761891884,4.363951783817949
25.0,2,1.543859626672373,5.086605248363247,4.974547017248952,5.325429176643416,5.439498797458745
30.0,2,1.0727747683133293,5.883066145850557,6.314413831839347,6.372156615854434,6.461659694112911
35.0,2,1.0280508932703831,7.02413944137677,7.21791554682587,7.274872219653154,7.719585127744318
40.0,2,4.32235341856438,8.089543694513445,8.01652277513797,8.683545330245568,8.652116583646094
45.0,2,4.540048004236504,8.824708728638784,9.542486880290586,9.475018206924643,9.80473061563198
50.0,2,2.657078019741891,10.128978926681842,10.202163578527172,10.443380655298188,11.077637318921674
55.0,2,13.572181910307307,11.07422974930402,11.088301657770279,12.135455703263169,11.759389417034185
60.0,2,20.372649969043543,11.855785320728108,12.848759939719976,12.333870119170582,13.224177195695619
0.0,2,0.007116179493493106,-0.2,-0.1,0.0,0.1
5.0,2,0.12100138470722638,0.4721444749335213,0.4929608961369783,0.58545553561736,0.723435227340325
10.0,2,0.29701734098963795,1.0272710822996314,1.2146232256687757,1.2521331509796507,1.2539648091082982
15.0,2,0.24099262629198795,1.7527109898428133,1.7377673874242214,1.8015667882845516,1.92994323653295
20.0,2,0.1450192905478968,2.34913839696696,2.3940487905271293,2.4483067428610625,2.504490605757589
25.0,2,0.4587770086487837,2.9060440198910893,3.0978791865535977,3.088049273284875,3.0780081904114165
30.0,2,0.772804460348634,3.666554843306126,3.543129843287506,3.6262672111506156,3.8080249064249294
35.0,2,0.42209501640494873,4.133020111683035,4.309402733531204,4.361595989156865,4.3139541038263065
40.0,2,0.2092525145596209,4.763027857101811,4.9125565407702485,4.901993757539565,5.014390916814014
45.0,2,1.0386564070589672,5.488719885790615,5.335691585528613,5.524067648405833,5.717486086528821
50.0,2,1.6065011515506848,5.83545560794963,6.2246677633097525,6.295762182519386,6.184075786503335
55.0,2,1.0268515379126297,6.620329193274807,6.648104110474366,6.6847261640441005,7.06079800651711
60.0,2,1.208888292633784,7.205637600352197,7.162124935497533,7.536023505987926,7.584167566500971
0.0,2,0.031154294115381603,-0.2,-0.1,0.0,0.1
5.0,2,0.039161329910108095,-0.6288867106066104,-0.5086880375466654,-0.41471190613375825,-0.32904580280503765
10.0,2,0.05738111948577953,-1.014665464625846,-0.9676525625893118,-0.8410199434136966,-0.7393269435552868
15.0,2,0.03540081181945184,-1.4606884193662055,-1.3372988710175764,-1.263578819868525,-1.1824312610238967
20.0,2,0.006789659216798528,-1.8576448778495729,-1.7688995297827004,-1.6921040196057795,-1.6066814011302224
25.0,2,0.07120670471772121,-2.2379813688908174,-2.2257169136937818,-2.107364617674683,-2.0355993852010648
30.0,2,0.12131706379359038,-2.700975814058078,-2.5542947111765004,-2.544728059018512,-2.487996158299329
35.0,2,0.041195432184550525,-3.0545774699120702,-3.0384931401526614,-2.9791848245014743,-2.8970717650782873
40.0,2,0.13678483320232476,-3.4632138354373323,-3.467487991208073,-3.3633138888948277,-3.356643941196346
45.0,2,0.42572665869288256,-3.937259283648227,-3.765649664171353,-3.8492907329855015,-3.7797924330235806
50.0,2,0.30175675333039303,-4.250455608551996,-4.333701891149437,-4.246777530333921,-4.182389540885412
55.0,2,0.2790794013201999,-4.727421350627511,-4.695671823400422,-4.600328369853887,-4.671235484131031
60.0,2,1.1936928375046216,-5.190038518270294,-4.99135900448977,-5.183128338320192,-5.01146362402465
0.0,2,0.019418099447059994,-0.2,-0.1,0.0,0.1
5.0,2,0.04961484222815982,-0.4453904004804794,-0.3545789655152939,-0.2643909446072394,-0.1850878114783388
10.0,2,0.09303750453955839,-0.6914380344412296,-0.601409776494233,-0.5571496725904299,-0.44889876063681
15.0,2,0.11509490387839721,-0.9424304261897409,-0.8710581366713999,-0.7960752774108347,-0.7387805259720827
20.0,2,0.12312420008564703,-1.1979943523854277,-1.1301405848047281,-1.0682019940015584,-1.001455557133702
25.0,2,0.15910868501494635,-1.466549515777902,-1.3740517972511626,-1.3594831032128953,-1.2471561941648168
30.0,2,0.15103147917162552,-1.7322753261478843,-1.6699268473829791,-1.5634293124160583,-1.5310572465412053
35.0,2,0.06309754018004936,-2.0076543869642602,-1.9261233371973259,-1.8579474359416521,-1.7544116944662218
40.0,2,0.11523772530042595,-2.3074885356859185,-2.1655515668321583,-2.1340645339123157,-1.9884803402203772
45.0,2,0.25153139311022166,-2.572725081749694,-2.508885272552003,-2.2966165006907397,-2.2668062437396466
50.0,2,0.09066204650671608,-2.8748907336246474,-2.7285705241206695,-2.6432703372564608,-2.447749625811612
55.0,2,0.18027838646728955,-3.192207465384841,-2.9724500050568516,-2.8824090234405726,-2.6968628490124162
60.0,2,0.9896774234364198,-3.4222453809810025,-3.383450238932976,-3.0087370262600106,-2.978944818802069
0.0,2,0.04000333181270602,-0.2,-0.1,0.0,0.1
5.0,2,0.16889569177042363,-0.5218017018146117,-0.5042192461726941,-0.36930143399330473,-0.2528710564111471
10.0,2,0.37270338328010544,-0.9712507700221858,-0.7370957297922601,-0.7328380528129453,-0.6552023241561284
15.0,2,0.19870954144191008,-1.2393308968199799,-1.2326502260011551,-1.1000978255919478,-0.9725013667622069
20.0,2,0.11859949932980725,-1.6339380900055767,-1.5740061371109182,-1.4271363214006096,-1.357693205049936
25.0,2,0.7872062149586857,-2.0951781436071424,-1.7919538727250166,-1.843370578809032,-1.7104645968175924
30.0,2,0.91820833971122,-2.3049024552704425,-2.4138651187651066,-2.159452961701565,-2.0109400946133853
35.0,2,0.24007067364140572,-2.8208320987551367,-2.6144138575341165,-2.459761047884304,-2.4423470645686973
40.0,2,1.617115059731178,-3.221494410440293,-2.8846659455490933,-2.9924443069542557,-2.686942844190392
45.0,2,3.366579844851518,-3.401109376197712,-3.630464095490164,-3.1325508985057104,-3.0696165753322378
50.0,2,1.454199502328445,-4.052359354816115,-3.600506042167821,-3.5291629302770238,-3.4999060566566986
55.0,2,3.788496187594005,-4.302469857103021,-4.023780182057148,-4.188208730118855,-3.6156690530304667
60.0,2,12.035563707610628,-4.513037666815209,-4.858770239117351,-3.9690547132271434,-4.23745864154166
0.0,2,0.022836516275111955,-0.2,-0.1,0.0,0.1
5.0,2,0.09165908728463498,0.8935941042824553,1.0469624238638509,1.0986428651356541,1.1889545394762713
10.0,2,0.15859413265538233,2.064815272963146,2.0775183905901913,2.2007124759595027,2.313261726003629
15.0,2,0.09634802450401102,3.1197939421276164,3.2572097849873343,3.3235881563242753,3.383869914835481
20.0,2,0.11657775220125469,4.235272754558237,4.3655367822063464,4.393804743745793,4.51800145052258
25.0,2,0.32167592145796947,5.394040722798606,5.371090567892737,5.544969905383087,5.630668467716739
30.0,2,0.2767680516372796,6.391486115431575,6.615787863441323,6.650797781604577,6.7108518360719485
35.0,2,0.17456173773640285,7.555438420822711,7.643973351881189,7.694281017280033,7.903384739323686
40.0,2,0.7073192775946258,8.665233261652705,8.657621243062245,8.945002494103516,8.957374463247268
45.0,2,0.8999733522170735,9.631769024793993,9.974330170921702,9.945590416853541,10.10169578225485
50.0,2,0.4788187669436355,10.863808465434046,10.88329256566239,11.022686638133512,11.311751658352428
55.0,2,2.1265541080708874,11.896877797342965,11.953611448465923,12.394960952409015,12.264243062122695
60.0,2,3.746800287541331,12.886918801259283,13.34689247841318,13.146695697700313,13.55734021572597
0.0,2,0.002701039864713192,-0.2,-0.1,0.0,0.1
5.0,2,0.011772186763655783,-1.0222448598425915,-0.9261408284519415,-0.8410345805593274,-0.7198625916837649
10.0,2,0.02699988744813931,-1.8546902172615292,-1.7564893419194356,-1.632946771357003,-1.5744393905372824
15.0,2,0.011098593227311191,-2.669015636866055,-2.5802991773612978,-2.4989573115005768,-2.3795764558849455
20.0,2,0.00830547306996776,-3.5000821796968795,-3.39670206351311,-3.3230696790771566,-3.2172775198633676
25.0,2,0.07014776739810748,-4.320502230317342,-4.2439537512514045,-4.107656933818973,-4.07430138730043
30.0,2,0.07508996157711445,-5.13515073498282,-5.05068424297057,-5.009812398041845,-4.860049787230509
35.0,2,0.019575136191199,-5.979665766197677,-5.864814474951404,-5.7937096780197574,-5.726790104594503
40.0,2,0.16876787115205,-6.774835631865614,-6.746097801230868,-6.58706135732454,-6.566268093879896
45.0,2,0.31409560631926503,-7.617838700343861,-7.500190002386401,-7.528645304659803,-7.336871737448511
50.0,2,0.10161554815693823,-8.46161419936928,-8.349477076638376,-8.243351731489598,-8.238385597878919
55.0,2,0.3721382323795527,-9.226726066844574,-9.264789264244468,-9.073526833996553,-9.037069300828218
60.0,2,1.1848008470364202,-10.138931643826615,-9.913251738665819,-10.05225074530815,-9.806960198650762
0.0,2,0.01574980978017072,-0.2,-0.1,0.0,0.1
5.0,2,0.024465439341331767,-0.24394557081624857,-0.12072630177501464,-0.04302989198213731,0.029909042801074526
10.0,2,0.058304489605220354,-0.229869606371123,-0.2110419519480613,-0.10655860366263759,-0.008115281562824187
15.0,2,0.04024290662085703,-0.30052714609549275,-0.1895085328796626,-0.146427823171493,-0.09691466317031412
20.0,2,0.03189679213591835,-0.3116331623079467,-0.24293767919836814,-0.21022877329230932,-0.1463712722906463
25.0,2,0.16148050135761635,-0.3038258927622654,-0.3352938074335187,-0.252505349186303,-0.19733855947949103
30.0,2,0.2542711068150819,-0.41087396878255183,-0.26952728339254267,-0.2983666740277798,-0.28798840443101287
35.0,2,0.1579078252322016,-0.3798787487919712,-0.3934910558567462,-0.3768532581433046,-0.2943259896141827
40.0,2,0.2608932003442749,-0.42620479506079245,-0.4560631155427332,-0.36307522350377996,-0.3769986400712304
45.0,2,0.5715145690065347,-0.5566700349318111,-0.36372090553196684,-0.46200795238589953,-0.41773560310118474
50.0,2,0.4242063914195405,-0.4863875964305712,-0.5879570594389982,-0.5084862505306523,-0.3950963113229717
55.0,2,0.4339206045341376,-0.6289134522933622,-0.5732935477780328,-0.4298310302973004,-0.5236819091268464
60.0,2,1.3414571077187218,-0.7369674373691175,-0.4887084574063454,-0.658380742188845,-0.4494560243036208
0.0,2,0.00015962661049593552,-0.2,-0.1,0.0,0.1
5.0,2,0.10783404130128306,0.031918492361035146,0.21580236594886956,0.2905716687876372,0.35817992673005833
10.0,2,0.26278589285415643,0.3896515011333183,0.3746227890769518,0.5297921942629873,0.6988784231819408
15.0,2,0.14040178777207563,0.5625543493906996,0.7591474025437494,0.8566783913157124,0.9110372182326271
20.0,2,0.049740507296023626,0.8594472472688655,1.008773653764528,1.0897652834091685,1.2279036308678228
25.0,2,0.45667672399703224,1.2088590887453183,1.1643417879057767,1.3766659514733197,1.5324954410135714
30.0,2,0.7056464963368388,1.3226244438704693,1.6416900607865617,1.6991625825135312,1.7153576357950058
35.0,2,0.3509599132732033,1.7355519011493656,1.7669103537148965,1.859579610721817,2.1132653112070736
40.0,2,0.616394845842149,2.0048294851292963,1.9946338856891876,2.2728308257485836,2.2994854340536968
45.0,2,1.530941505734821,2.120186595049874,2.531799090401113,2.474237942423781,2.542028456573575
50.0,2,1.5635488543440164,2.6536796169638324,2.497555522209049,2.636254930395814,2.9772344687072496
55.0,2,2.119447919937042,2.7694062117768525,2.8815051163135346,3.2219224550705383,2.988363208942631
60.0,2,3.75203103020073,2.9890805701228884,3.405619077169148,3.1186968026594526,3.444272995979683
0.0,2,0.00018119534551688105,-0.2,-0.1,0.0,0.1
5.0,2,0.08452047262604638,-0.2935849343171422,-0.2042933413689011,-0.061298526613423714,-0.03166418683673997
10.0,2,0.19158871559050186,-0.3692803216402099,-0.27564174078458276,-0.2624309554703655,-0.07432896037725656
15.0,2,0.0665908062191602,-0.4789882024977312,-0.3800927946539447,-0.269680801211072,-0.24376116904587503
20.0,2,0.1214537037348829,-0.5458599677765089,-0.508625020408365,-0.37018684246296996,-0.33869212589699443
25.0,2,0.6073201114462117,-0.6547817447213691,-0.5266348897528375,-0.6018633083627364,-0.37092500284412017
30.0,2,0.4959522194322772,-0.7611825832757849,-0.6876147979567151,-0.5072116301015727,-0.5890369234832252
35.0,2,0.17623027860573923,-0.8043821690956952,-0.8230005309095996,-0.701977386840461,-0.6065268371077643
40.0,2,1.6203115613409182,-0.9929891039551674,-0.7451540415988567,-0.9276632391046585,-0.6609215284310923
45.0,2,2.3321779929060353,-1.0334501829281257,-1.0690765553153505,-0.7015059333112549,-0.9135362306712863
50.0,2,0.4583739131500335,-1.1021038829564023,-1.1111022616796657,-1.0706265725043287,-0.8245771742218733
55.0,2,3.8606126556322007,-1.3898175743229468,-0.9357707710128137,-1.225181667203519,-0.9484808679592748
60.0,2,10.00087125321841,-1.2576063975397656,-1.5789187287075215,-0.8427922972861953,-1.2107744461014087
0.0,2,0.15828939513067394,-0.2,-0.1,0.0,0.1
5.0,2,0.2118133580302706,1.0393791400460486,1.186117012129746,1.2483104723699496,1.3355000434330653
10.0,2,0.23911754802415378,2.335083637860773,2.3887829051952374,2.4733783150182433,2.6213684778833497
15.0,2,0.19630562414507213,3.540017514139847,3.6723962178962544,3.777985034014696,3.837521237885571
20.0,2,0.13607707075960088,4.780501981216618,4.928451160606441,4.993027049055165,5.135246481036903
25.0,2,0.12763430451964128,6.047329093589146,6.113188038648279,6.258776770131068,6.427239437525408
30.0,2,0.16773577029298253,7.202903063068879,7.419118807124315,7.586355838829906,7.647462298849522
35.0,2,0.1939165641064611,8.469099230926329,8.63238598138111,8.74325706290254,9.020404400641379
40.0,2,0.16160001326147264,9.688274825055723,9.826323166220943,10.10146744615887,10.258387906394649
45.0,2,0.3239525005969828,10.84272367388094,11.145585839346824,11.384335045637945,11.511115452943287
50.0,2,0.9233008092205585,12.149647011188264,12.331187419502797,12.488054928999917,12.924177320096781
55.0,2,1.1285545931767504,13.324663555267426,13.552037736740937,13.987659995509093,14.038012060249278
60.0,2,0.5267873524670965,14.551290569372922,14.875857813198461,15.1032744869109,15.381257146263216
0.0,2,0.28719107552256223,-0.2,-0.1,0.0,0.1
5.0,2,0.2990770593776817,-0.6940962741428676,-0.5987084384968127,-0.5107865412122643,-0.3975771373968621
10.0,2,0.31071932782657957,-1.2235161961235104,-1.0653907764574706,-1.021667962679954,-0.8917618472366731
15.0,2,0.24946103075819975,-1.7113451486868028,-1.629791689399958,-1.4828610201894679,-1.3795073154701638
20.0,2,0.10274987631260199,-2.2563091979102268,-2.110305010779497,-1.992889168841754,-1.8451701874637292
25.0,2,0.13083382526092951,-2.813694740050811,-2.589811960889112,-2.4977554370241863,-2.3045798182799344
30.0,2,0.2745500608658753,-3.304118973793297,-3.209783004510736,-2.9169326608178605,-2.77617570837096
35.0,2,0.12647630870153825,-3.903596722480984,-3.6306331649412975,-3.4564181514263224,-3.217530699893121
40.0,2,0.30018770109895504,-4.446735126656986,-4.146901293747482,-3.954948254854766,-3.660762454731305
45.0,2,1.295419984224023,-4.917486791686683,-4.814125684491201,-4.317480880398774,-4.161422164662716
50.0,2,1.2840730331181023,-5.559003790249513,-5.1111983785810455,-4.956548030996906,-4.584933712660768
55.0,2,0.6863462079273512,-6.020629475008973,-5.717599954215098,-5.4153157168065285,-5.05930715770646
60.0,2,3.378400515506604,-6.459601827429681,-6.396915141675094,-5.717066104513634,-5.640437621367444
0.0,2,0.00012213893610098643,-0.2,-0.1,0.0,0.1
5.0,2,0.01624547447969655,-0.18807144116618227,-0.06672539238581496,0.036500111079084296,0.1618684655919826
10.0,2,0.04992124146709116,-0.1682857984352704,-0.05633840255481114,0.10309467657668096,0.20867301065154223
15.0,2,0.07595376740242735,-0.15579873352799048,-0.014250550448930047,0.12714802101057915,0.2736164923235571
20.0,2,0.12018487658883982,-0.13797690212670544,0.02087127600245335,0.1660786967730853,0.32531390182745556
25.0,2,0.19007839672675794,-0.0999424967210107,0.02222178833662118,0.24017285338566335,0.35540657059409003
30.0,2,0.18152764607036354,-0.07936553127936578,0.09395822189543505,0.23151842842885184,0.4153193396695135
35.0,2,0.13648457917174345,-0.038295534800393764,0.12523957048165024,0.28110699777079695,0.43695116838144654
40.0,2,0.24940440788502194,0.03135170337787087,0.11824591122564153,0.3566784382322084,0.4422978921168544
45.0,2,0.2707089956031973,0.055008538918913795,0.2452870386457298,0.2948389130933824,0.49701119741364225
50.0,2,0.023430490042879136,0.13301862400124181,0.2435208752706481,0.38293595774533024,0.4762419741735348
55.0,2,0.3426706933686929,0.22733101959912538,0.23536083636828198,0.44830509931617374,0.4682922190262473
60.0,2,1.02452170897595,0.22807841684259636,0.4456253846516259,0.3142317509119965,0.5349253650226917
0.0,2,0.00012970336208059863,-0.2,-0.1,0.0,0.1
5.0,2,0.05814331640204759,-0.2909692838556118,-0.25362051101029703,-0.1559885713940803,-0.032405042316447356
10.0,2,0.1518170485362195,-0.4689977377199557,-0.307417395069853,-0.257292425077897,-0.2322592592851631
15.0,2,0.12234936190115178,-0.519903233765639,-0.5092129494221179,-0.4430055256654765,-0.32682851687605774
20.0,2,0.0836226007312227,-0.663566623743169,-0.6166388669465516,-0.5534767114853393,-0.4982514321306641
25.0,2,0.2705023404449608,-0.8398263341746267,-0.6798119437300212,-0.6783538873028753,-0.6669248776746197
30.0,2,0.44078152791079334,-0.8631753976578487,-0.9409186061302759,-0.8703422235033613,-0.7234642241670731
35.0,2,0.26246695618372157,-1.1022561144634433,-0.9687496862198522,-0.9142487498555232,-0.9456293094961767
40.0,2,0.18110422916864205,-1.2283398858047907,-1.1012289415480216,-1.1170398815056537,-1.0172585597529806
45.0,2,0.6012322182072516,-1.277310405664221,-1.3856787269361315,-1.2402428393563234,-1.0936187052312611
50.0,2,0.8644987338425532,-1.6082506736738622,-1.3239500767002557,-1.256630764727682,-1.3410025706626258
55.0,2,0.6583194741920939,-1.6279605402628725,-1.5822021982912104,-1.5773836657958997,-1.2752710899909152
60.0,2,0.7784863058852446,-1.7794211264744961,-1.8148974239458142,-1.516733715185209,-1.484748637311881
0.0,2,0.22056782988454476,-0.2,-0.1,0.0,0.1
5.0,2,0.3203122841593684,-1.11787656736387,-0.9874193434967938,-0.9639435764640292,-0.7838250389109108
10.0,2,0.32170089642191024,-2.0471856271070816,-1.9369332100015832,-1.7768135719790907,-1.74519664338346
15.0,2,0.13466858634927437,-2.959989143976996,-2.857955596408111,-2.752015310883933,-2.5892335274377745
20.0,2,0.277124019673598,-3.9343643223319247,-3.72295495961321,-3.6855633027808636,-3.4693755202163943
25.0,2,0.5980947453528946,-4.85440173175207,-4.749897808650306,-4.439979451366039,-4.421043639409662
30.0,2,0.24047877580982566,-5.798219800667759,-5.623202577030775,-5.50066900825313,-5.19629577146209
35.0,2,0.485147296529607,-6.8177230034664085,-6.472363306805298,-6.3658845529050705,-6.115480820472586
40.0,2,2.2466143814584436,-7.664301196993177,-7.62563236579517,-7.078756377561554,-7.055826269535097
45.0,2,1.8801834277777556,-8.678820371252444,-8.328390916782746,-8.283822632766825,-7.786546815318614
50.0,2,0.8774099400085904,-9.673425217968175,-9.239164612784329,-9.020001541306343,-8.79805389029744
55.0,2,6.762297159128631,-10.388552185460687,-10.538353759733061,-9.727316430027148,-9.729487413371174
60.0,2,9.518433841983581,-11.555283320644506,-10.875540966794595,-11.162271192028687,-10.443678835359927
0.0,2,0.2041707935190958,-0.2,-0.1,0.0,0.1
5.0,2,0.21166666495024117,-1.2874542577063515,-1.1066496778104749,-1.0387243495479936,-0.9402853092159973
10.0,2,0.19855386477716105,-2.291071685767005,-2.2367733927332742,-2.101550462405015,-1.9168316476563352
15.0,2,0.09513330461038456,-3.4239468016775785,-3.2335382893038065,-3.075755250860343,-2.9861004410007244
20.0,2,0.0699002572183049,-4.49498201426869,-4.280962703082496,-4.1613018725351285,-3.9552077872369438
25.0,2,0.22239218348776355,-5.51848677099328,-5.431287141257452,-5.172456139727312,-4.943337919426011
30.0,2,0.39074793348598363,-6.70113699819435,-6.37582538789931,-6.1362439896131145,-6.025475189978045
35.0,2,0.5540180079342248,-7.705156189755859,-7.483958557674566,-7.300683407504626,-6.921997005030604
40.0,2,0.7265648675997207,-8.767487068851084,-8.609819102592878,-8.195686967385983,-8.011915615416637
45.0,2,0.8847603442769404,-9.933316774805055,-9.506772344529649,-9.250463155451927,-9.067470073740937
50.0,2,1.5734619221460047,-10.847061928611234,-10.67172649971965,-10.469906800297885,-9.942440714179513
55.0,2,2.3061989603602715,-11.95918578860965,-11.740490007966907,-11.189208747496139,-11.215364993016294
60.0,2,1.2574099503097838,-13.0258515720418,-12.60389881599633,-12.502565504445492,-12.145047238886137
0.0,2,0.028858802843774255,-0.2,-0.1,0.0,0.1
5.0,2,0.11168277779757531,0.10498651776251013,0.16210194587047233,0.2657844588311974,0.4258946884088274
10.0,2,0.23403731694604962,0.3290480485665526,0.4990201875705443,0.6412902372798153,0.6481767483290979
15.0,2,0.16610095491202082,0.6803159600361947,0.7372543089911844,0.8379028767048453,1.0208296868867848
20.0,2,0.05351305311060576,0.9465223189530234,1.051091406309902,1.1614887269897678,1.2759679912393125
25.0,2,0.2759873437092042,1.2071775649509646,1.3669177585596175,1.5187330194105229,1.5010097114439143
30.0,2,0.5300869793624073,1.602207015111158,1.5951288737710811,1.647035371838932,1.9082344045168504
35.0,2,0.25054763566516086,1.8041262516858445,1.9784288001022001,2.0757245312220634,2.053093693100893
40.0,2,0.09730368715852034,2.1644009697709348,2.209852658250739,2.3415384033251696,2.354348855637156
45.0,2,0.8593942206880638,2.524805948616375,2.5059709798759258,2.456207675850183,2.7419238935145107
50.0,2,1.3370839875081448,2.6828970280803452,2.907211252605732,3.006789428778329,2.790778399265546
55.0,2,0.7644707902075891,3.1788083296484877,3.014520120831539,3.1056129232003404,3.2475023459226096
60.0,2,1.0943720536558563,3.3718989736233365,3.498767574582358,3.3135517185240726,3.5209930637462103
0.0,2,0.0016608025037834157,-0.2,-0.1,0.0,0.1
5.0,2,0.0223132402795648,0.10851892231395972,0.2280094275659462,0.32276257116723045,0.3909642196369284
10.0,2,0.053623400255089534,0.45969958431315244,0.5154680455375137,0.5941807961097931,0.7311618554076755
15.0,2,0.04235123974494575,0.7446488694524098,0.8605494830782037,0.9462027924884505,0.9993642770331304
20.0,2,0.021653443992582233,1.074845239263537,1.1614290520059751,1.2415487405184513,1.3231975309482948
25.0,2,0.0748378976627936,1.4087189537546714,1.4583215069830158,1.523130133449988,1.661105109232654
30.0,2,0.1361235641186916,1.6689986029897026,1.8129392625129308,1.9046238491305176,1.9149691294712556
35.0,2,0.07476295870944503,2.0312955844539675,2.073006942876321,2.1538520783191575,2.2936313791390592
40.0,2,0.01754033197933471,2.3120826475285585,2.4109440212303683,2.481949278463943,2.5970651782497622
45.0,2,0.16714236211500694,2.5821327694230187,2.7375661176759074,2.864411484266439,2.8681858947913828
50.0,2,0.3065322166301402,2.966127837667834,2.9747763129806795,3.0668638623852678,3.2947833938071125
55.0,2,0.16060211304745234,3.1715840811677656,3.378129297580512,3.474508409715903,3.5285847590608124
60.0,2,0.10082759307498851,3.515728918436343,3.618401397705107,3.803191060588203,3.8657403114794406
0.0,2,0.00018180136304651295,-0.2,-0.1,0.0,0.1
5.0,2,0.036138015649829415,-1.4963454743263624,-1.358663199866065,-1.2938658892012487,-1.1763970643743271
10.0,2,0.07786422433045408,-2.7484920532255455,-2.6991351303269986,-2.54213984459807,-2.460776227385353
15.0,2,0.017153049899983064,-4.062387745226989,-3.929208853535992,-3.8463355300826816,-3.737882754458296
20.0,2,0.058788672854657595,-5.345695845907368,-5.204560624058547,-5.145010160738052,-5.005819880368016
25.0,2,0.2905849807023519,-6.587917393803699,-6.573083586150018,-6.357509709520526,-6.307847449365681
30.0,2,0.19151567530137392,-7.931763398629195,-7.738544962618136,-7.710944285472161,-7.570377119888469
35.0,2,0.051270171869472775,-9.18205249097927,-9.064536761625645,-8.99323871231369,-8.83707342945734
40.0,2,0.8696654785182338,-10.424432288330346,-10.450840419122668,-10.153449127315358,-10.173451187375566
45.0,2,1.1691746629225106,-11.804127278869354,-11.51501904368474,-11.61881813183006,-11.389480195527838
50.0,2,0.07147152823096566,-12.996208474938175,-12.954500253524118,-12.815066339615472,-12.686941209602217
55.0,2,2.0165687503471146,-14.259274982127733,-14.323814998950615,-13.935134203719684,-14.059763720650094
60.0,2,5.396024118506865,-15.680802986395356,-15.241336257975746,-15.60238702653452,-15.178733262310576
0.0,2,0.12747950119429385,-0.2,-0.1,0.0,0.1
5.0,2,0.2225596738517102,-0.8223103451569681,-0.7234272820712689,-0.6831606986709479,-0.5063951152258153
10.0,2,0.27570144679789627,-1.490883455354805,-1.3543087487010055,-1.2193237175093763,-1.206070960684805
15.0,2,0.15148832281462468,-2.091162663513867,-2.0228389649904455,-1.9277361198026173,-1.764142575068051
20.0,2,0.17716293924016174,-2.7791874012586884,-2.6080238286171094,-2.5663099881509104,-2.387652546473279
25.0,2,0.4111302617705272,-3.4362035379852234,-3.304497144279456,-3.066639359566535,-3.069127163793771
30.0,2,0.31828416025474093,-4.046729550548636,-3.95681752108708,-3.8504956036006055,-3.557717971513657
35.0,2,0.35255336676293325,-4.808063821035134,-4.495543691198194,-4.403524893343249,-4.239921682298342
40.0,2,1.1450315552798722,-5.380456396574291,-5.3220991167203975,-4.906733336839003,-4.873058678866258
45.0,2,1.1868659471810126,-6.057396307100664,-5.8425179755523295,-5.781450136561249,-5.336276550910732
50.0,2,1.018399588787437,-6.834064397634286,-6.3965249594676346,-6.213459860284252,-6.1088851938638395
55.0,2,3.852245284707838,-7.253884891713826,-7.3916580572405,-6.768218437939212,-6.6744664654814185
60.0,2,4.924094549000827,-8.099823246746128,-7.590887135763406,-7.751337225202934,-7.181473685787432
0.0,2,0.03580426235256136,-0.2,-0.1,0.0,0.1
5.0,2,0.1265097596022083,-1.0777455397364073,-1.0433465926054564,-0.927699281678575,-0.7728041299530684
10.0,2,0.27769938912755143,-2.080889289896185,-1.847293025092293,-1.7789035331457674,-1.7361052398127743
15.0,2,0.15950495506742804,-2.900746367973568,-2.8735169916505945,-2.7325748565847428,-2.557948415711601
20.0,2,0.008544299529152078,-3.856534519329363,-3.746413680119711,-3.602574490230402,-3.4808594862145394
25.0,2,0.3783891754192627,-4.849881820535701,-4.562443446094301,-4.487735910404632,-4.407916542832899
30.0,2,0.7527395558420684,-5.613126143360494,-5.67290789843861,-5.448810834846457,-5.194728387195509
35.0,2,0.36345069364838584,-6.6852644110131365,-6.411365399035334,-6.249020347769265,-6.205518649996815
40.0,2,0.32287386194645323,-7.575756454619133,-7.321010718538455,-7.246277556423864,-7.02971962220661
45.0,2,1.481039257855473,-8.337934426872181,-8.458353693122335,-8.116977295116206,-7.881094480650826
50.0,2,1.882181972167821,-9.51360877724303,-9.031464667284743,-8.918939266616777,-8.951942728590536
55.0,2,1.2969948358222099,-10.210551226570605,-10.127859682959615,-10.070018258755173,-9.629121815423229
60.0,2,2.464099066068261,-11.084701501438492,-11.182045470137489,-10.694659832111938,-10.697739723994186
0.0,2,0.034329886952644065,-0.2,-0.1,0.0,0.1
5.0,2,0.17216590942105023,0.4210258203205026,0.5779077125063411,0.594721694259196,0.7110092960598972
10.0,2,0.29389572978180273,1.1178973706937818,1.1130901399010797,1.259435162408622,1.3189063732883926
15.0,2,0.163933630094665,1.703120214767117,1.8249534278811372,1.8568718535543236,1.9290480732352324
20.0,2,0.32559287088803324,2.3311227413096915,2.4710139298268836,2.4402681111443676,2.576253310302777
25.0,2,0.8488788911004947,3.023405899785725,2.950707735134486,3.17598090997011,3.1732280708393277
30.0,2,0.4884739768941655,3.5353664597417342,3.7558953827625845,3.710967464300804,3.8257578320704133
35.0,2,0.27458367734601563,4.193704525266457,4.314307426567531,4.313208819077894,4.511430891109521
40.0,2,2.2992622536847356,4.8586513701365845,4.751826172048448,5.16039932490603,5.066439318076205
45.0,2,2.5610720631672175,5.293993313736904,5.7071573743736295,5.523850762824614,5.816979257377965
50.0,2,0.2070608357378591,6.026885514014552,6.088740749713223,6.24780714063555,6.48321182709567
55.0,2,5.914472649535124,6.646832817872454,6.536214321831251,7.19977886141866,6.968483753482465
60.0,2,12.790422437045645,7.020036294306942,7.723566110450392,7.220299467584358,7.8920724054091185
0.0,2,0.1605675923331417,-0.2,-0.1,0.0,0.1
5.0,2,0.30205965539787183,-0.3467604392264725,-0.15590468852723807,-0.14350534638611892,0.012004313893687021
10.0,2,0.351257450795357,-0.41229326720508264,-0.3857575979219829,-0.17639269001575605,-0.09388876534945749
15.0,2,0.056958832240663934,-0.5958408371768789,-0.4181845430699656,-0.3114461326785528,-0.17702696781300184
20.0,2,0.3647624318821854,-0.7449051061862041,-0.5004333846903575,-0.4661984324584205,-0.2251277176495308
25.0,2,1.1595615059142168,-0.8021328511123356,-0.8054096554299675,-0.4104569955558588,-0.3528312991324799
30.0,2,0.5256039889348096,-1.0543071491987932,-0.718880508214673,-0.6375838566508807,-0.39422544741243043
35.0,2,0.6085582791304058,-1.1562803978559348,-0.8786583836372177,-0.7747152967673324,-0.42950904346242663
40.0,2,4.162428294748843,-1.1965202277678544,-1.2498466532814125,-0.5924189504144699,-0.6345434505053368
45.0,2,4.007984968162203,-1.514900247809379,-0.9488537792878092,-1.0526355092659296,-0.5911059058521347
50.0,2,0.5529995826950452,-1.4998892787371292,-1.293369263596178,-1.05301766290059,-0.6953853972275006
55.0,2,10.99023427657526,-1.5268915503300842,-1.6848195267425645,-0.7505568376959523,-1.0135598479389616
60.0,2,20.174059214927507,-1.9215769876202946,-1.0359714508610283,-1.6551999026073552,-0.7972455818650502
0.0,2,0.00023867306697342687,-0.2,-0.1,0.0,0.1
5.0,2,0.027902768157412126,-0.5569143680428928,-0.42337601747982745,-0.35588804345846486,-0.26410831515387795
10.0,2,0.06845606292084312,-0.8575957963016648,-0.8289433471335916,-0.7044044400656327,-0.6096299047692326
15.0,2,0.03321343396974559,-1.2401871190585076,-1.11780108113489,-1.0570884034715902,-0.9857836287401939
20.0,2,0.04272037897792934,-1.5743522394935732,-1.4691101977981276,-1.4294542796895637,-1.3282302595589974
25.0,2,0.19889542741327584,-1.8775510017213433,-1.8905912651485355,-1.7461013494078022,-1.687190104397657
30.0,2,0.1949792408665398,-2.2987695432254127,-2.125225064702892,-2.1212494850730543,-2.0564763718090924
35.0,2,0.07977606438418797,-2.5943539221870306,-2.541106683735978,-2.4998196487830326,-2.366726954239466
40.0,2,0.4575057560038376,-2.932072974927082,-2.9545910210490045,-2.753173051848222,-2.7624569052562222
45.0,2,0.7233324915780687,-3.382885243081413,-3.1287558747937716,-3.210795251202892,-3.0801443281374894
50.0,2,0.22612938786151263,-3.628427025129677,-3.651374113203234,-3.5393232192848245,-3.383743083732808
55.0,2,1.0676258916172097,-4.031194777342875,-4.014516663102672,-3.7249914908344666,-3.8324512542055427
60.0,2,2.831443711494772,-4.481987692634294,-4.126344084917396,-4.359042512823876,-4.036066639244989
0.0,2,0.07004667711584597,-0.2,-0.1,0.0,0.1
5.0,2,0.16390595416637205,0.05323684423530455,0.13075541680417982,0.18450486169070238,0.29959906716305545
10.0,2,0.26740161377488897,0.2745378741081177,0.37512500164303103,0.4227204843332048,0.46380901970214494
15.0,2,0.3381090406326548,0.5371217612785542,0.5682457702215562,0.6109163053146227,0.6880047328650241
20.0,2,0.36884526524592315,0.7429215453500174,0.8171051686586976,0.8172794443103912,0.8950786012539053
25.0,2,0.364171839669843,0.9464320184195232,1.0293229356150393,1.073289577773458,1.0914364176582423
30.0,2,0.32042963727818297,1.1867177256317134,1.2000683096357667,1.2552824279231694,1.366508676168875
35.0,2,0.23122655601210007,1.3209971681510546,1.4763097308028903,1.4979505752761655,1.581415855022643
40.0,2,0.10290705686734664,1.5327701157103468,1.618066362604753,1.7602726543203406,1.8336603865105587
45.0,2,0.07857464712535306,1.7253830209774677,1.8068666852395325,1.944011406236872,2.136604596585386
50.0,2,0.3147834959671682,1.80915181460486,2.1067968299889075,2.2140061350925677,2.351007119246173
55.0,2,0.4841598794504199,2.079193816328708,2.148507349805675,2.47017024326305,2.6511866794283634
60.0,2,0.3831839089789566,2.1988463405124716,2.439126179178662,2.654753267592234,2.924428491435691
0.0,2,0.017384136566629727,-0.2,-0.1,0.0,0.1
5.0,2,0.03702392640409752,0.1556933737833871,0.263377345680355,0.3483563111703144,0.5077571773351678
10.0,2,0.07048189817577578,0.4813568967865788,0.6266951103317356,0.7894342815554767,0.8528821272646492
15.0,2,0.04515787627192047,0.8552868820203116,0.9697623780925946,1.1113825707474076,1.289120793047354
20.0,2,0.09046905284003998,1.1811017088623341,1.3600906544553013,1.4877896574079064,1.6717548111513783
25.0,2,0.2628777726348028,1.530082825531542,1.690316717165749,1.9421987755152519,2.0133227216336236
30.0,2,0.2897303691850001,1.917771432740352,2.0531256148206807,2.2050718511315,2.475136349122907
35.0,2,0.26485387508477587,2.220225718701499,2.4780071736620286,2.634580744488733,2.7934758189324445
40.0,2,0.5766614852128075,2.6454442747515645,2.7394765868560644,3.0694553351398817,3.1470974670064695
45.0,2,0.6620781245375522,3.0120355201385176,3.1960261222108493,3.2658405005936735,3.602755728780186
50.0,2,0.3985649080440134,3.3259093740949397,3.6104149688760785,3.776056575857956,3.8394611608634808
55.0,2,1.3145149241733565,3.858760747646487,3.781464387042277,4.155178099378808,4.231623053594142
60.0,2,2.1295952182634457,4.124155662665043,4.442169233247023,4.288706973702033,4.647178626016839
0.0,2,0.006716881360175563,-0.2,-0.1,0.0,0.1
5.0,2,0.03647783012958634,0.4418252255208764,0.5577259189616035,0.6384286039214712,0.7088718986695972
10.0,2,0.07996643488682201,1.1237359824921231,1.1711549132191397,1.239707303780343,1.359105094655493
15.0,2,0.09250687262722981,1.7422222410725923,1.841816598619549,1.906263768986249,1.9502523325422538
20.0,2,0.09192982767829025,2.397414407023789,2.4741480422043023,2.521742211166413,2.5941019278996373
25.0,2,0.13509560250392433,3.0582574859857834,3.0881683122976837,3.1397984931656424,3.2480339439185775
30.0,2,0.17589727161687943,3.643316403234172,3.768824713669554,3.830933130442451,3.8380356350950255
35.0,2,0.11431972527639535,4.316994886369565,4.35977060594595,4.410751268945258,4.540444768253964
40.0,2,0.036331455609574584,4.923076233055111,4.998877728053272,5.081325653549243,5.171533561930666
45.0,2,0.12453734773328047,5.502056831020872,5.662246135024654,5.765794060622302,5.791567796993998
50.0,2,0.24961978222276476,6.18932606323227,6.2228652190466995,6.314222866266729,6.542102322189649
55.0,2,0.13748653389594337,6.725984693858497,6.909391035001292,7.065859728576767,7.114132660372322
60.0,2,0.05959398363316843,7.358566059157452,7.517052268474059,7.6818382558415115,7.8047631814093545
0.0,2,0.027492460234508784,-0.2,-0.1,0.0,0.1
5.0,2,0.10139581445030801,0.3995663442309909,0.4437132642905471,0.5960461212020183,0.7002384793443811
10.0,2,0.1680608014468519,0.9214260967461328,1.1086538286958856,1.1784494203809475,1.2705990723129055
15.0,2,0.09341946097837825,1.5592562864880688,1.6199480490650733,1.7526729529686513,1.8868153386820041
20.0,2,0.12943840118804717,2.1390404887400516,2.201130451584486,2.37510917554201,2.4429767204052095
25.0,2,0.36550341595472746,2.6714171873551122,2.89567065829752,2.904970017466178,3.0257631822208566
30.0,2,0.2790531438938902,3.368047061272423,3.3369784157588236,3.503512107010259,3.6288476703661035
35.0,2,0.17993250359316298,3.9001779943021515,3.9985336818988046,4.147346624193411,4.130891163081144
40.0,2,0.896584345863535,4.476058364000901,4.692093728492449,4.575677943951991,4.772683636098077
45.0,2,1.075490276060393,5.208091573692602,5.048277375806331,5.290985679491667,5.308723252620698
50.0,2,0.4446931652166803,5.6686056022584115,5.836368554016472,5.889806167432834,5.8008617669714395
55.0,2,2.6090243463650475,6.313948205818885,6.480254510402995,6.198098649400132,6.542904934124986
60.0,2,4.7657161025282075,7.033370086111051,6.734794070384822,7.179104436838408,6.927501915480493
0.0,2,0.006314829182460554,-0.2,-0.1,0.0,0.1
5.0,2,0.03981085626481512,-0.607275943025484,-0.48299428909267983,-0.3671660543504352,-0.31123869309388436
10.0,2,0.08460802862310919,-0.9602106621885501,-0.9060167021461684,-0.8167755852097045,-0.6543470095805356
15.0,2,0.048924773063487546,-1.3948666325979344,-1.2572211594526592,-1.15398409229536,-1.0999530543414962
20.0,2,0.012032710609570061,-1.7604784822592197,-1.6754229661325124,-1.5586384622990135,-1.480160007559184
25.0,2,0.11088161938679116,-2.1264283612780637,-2.072023868651485,-2.0085519510896583,-1.8363707167932293
30.0,2,0.20487147104896808,-2.5765164597173627,-2.4109516803974356,-2.306049850265972,-2.3185318869941693
35.0,2,0.11970278123339664,-2.883253390465787,-2.8804027949430044,-2.7753087683802145,-2.6417599031483987
40.0,2,0.08982315453064547,-3.3122376520744035,-3.2021630779067407,-3.1833683026038706,-3.051630803914879
45.0,2,0.32791819166911995,-3.73104611074205,-3.590474436066943,-3.4675026240954274,-3.529051645157941
50.0,2,0.5480023445342456,-4.0021599143411155,-4.084558502621258,-4.004931154663416,-3.795100223999023
55.0,2,0.5113692606651566,-4.53725791035325,-4.295928447989197,-4.330183882424307,-4.292054534420508
60.0,2,0.4244327359652211,-4.844058076679807,-4.836299145652245,-4.649013979651132,-4.694728552766493
0.0,2,0.02599806809703315,-0.2,-0.1,0.0,0.1
5.0,2,0.02268725201437604,1.2777863406415242,1.3712486575609348,1.4823645647705448,1.5514495285874137
10.0,2,0.01729471156269715,2.7715714139384686,2.8437277395270546,2.9198213685299494,3.0305776611253505
15.0,2,0.005950080144302123,4.241578516947354,4.333822641230479,4.405360803024436,4.4677853134789896
20.0,2,0.016531592166959548,5.740726593515728,5.7910910421523925,5.875779937449336,5.9237987931242175
25.0,2,0.04657988431952723,7.228076052095883,7.282849961831575,7.303271268066643,7.400048175807969
30.0,2,0.06116244708845992,8.69434619894093,8.768701339117621,8.811594564169537,8.82245244713442
35.0,2,0.09740788527612079,10.210177841333229,10.20348459757463,10.263181606327516,10.30309959568753
40.0,2,0.16154215702933516,11.660079489433553,11.733644495507493,11.693889020724194,11.77517972681805
45.0,2,0.14637097311856492,13.133917015464732,13.1776436300611,13.231218672899184,13.202862505618786
50.0,2,0.1768129455539956,14.646397074229187,14.603170195288078,14.658966010180519,14.719957635906455
55.0,2,0.3961489874659157,16.03425225070471,16.188409747470008,16.103494124859175,16.185183884130662
60.0,2,0.3215832095556065,17.549678816526615,17.53136434805712,17.675265392447532,17.637880541693654
0.0,2,0.036367646298439874,-0.2,-0.1,0.0,0.1
5.0,2,0.06279897483456442,0.4419944628991764,0.5640108390631663,0.6558398188331865,0.7287135011445447
10.0,2,0.09749382234836712,1.1203882738431188,1.1913456560503717,1.2603058221699075,1.4090774918167424
15.0,2,0.08088384679279724,1.739178458854012,1.8562562338342903,1.9596386159817754,2.0166025571501165
20.0,2,0.04039871506612598,2.3908812209284647,2.4967302382745844,2.586751264685183,2.6878717638720215
25.0,2,0.08511574239381149,3.0453410354462056,3.1296739894789796,3.2043853094928165,3.3733927752823423
30.0,2,0.14890023791346538,3.6384220953062645,3.7926457758855148,3.943032655318059,3.9692512051306155
35.0,2,0.06436913260795415,4.3120732513439854,4.406055261072942,4.513917752608682,4.701864088554872
40.0,2,0.029778857450782573,4.917948666051508,5.0717460284708,5.182701278513968,5.352073002484305
45.0,2,0.2926915346468948,5.527713621920937,5.698006472714698,5.932163739263613,5.95714376356136
50.0,2,0.4204616563175949,6.217221360628352,6.318092738187745,6.429652500911257,6.740619619673378
55.0,2,0.22419772658991446,6.768685815791849,7.028372130067916,7.192744722926084,7.30634217255494
60.0,2,0.533437135577672,7.463860538844244,7.568551363164632,7.89402251196118,7.960269049310834
0.0,2,0.04381884780029103,-0.2,-0.1,0.0,0.1
5.0,2,0.1905013233829508,-0.1501721267935958,-0.014348985920861179,-0.0035959720199277997,0.12904959033897664
10.0,2,0.3154780855160886,-0.058243538342499436,-0.0388738769704275,0.09729063721744771,0.12169178930466978
15.0,2,0.2161962650504533,-0.028186467847674854,0.06155529806851483,0.08178694788179693,0.16764173871115984
20.0,2,0.4139735528895619,0.0053979263377657745,0.13484304056803306,0.08717484420717737,0.21631421130542305
25.0,2,0.9000662189429751,0.09595639101690766,0.045230664491010104,0.25436306227808003,0.2091124102369955
30.0,2,0.4735677913053243,0.0618771776268772,0.2223803745277185,0.1645555637003047,0.3167819177727021
35.0,2,0.2967081552211854,0.08770303864473787,0.2387305796169389,0.2214953119277116,0.3785986090428288
40.0,2,2.340104143335259,0.17761805703309305,0.07079827178342406,0.47242822963570635,0.3666154863845832
45.0,2,2.4245581875623627,0.051258654123207736,0.4060267523845222,0.22286750415401146,0.5682396397796161
50.0,2,0.020280402398251046,0.12058981052855307,0.27101339347386,0.4268567137357811,0.5908651383076888
55.0,2,5.975077352542404,0.21640565895629402,0.05504942405163887,0.7348024274990494,0.5640000511434465
60.0,2,12.75522533259498,-0.02593834676783647,0.6749348469039421,0.19190309518747364,0.890290471931436
0.0,2,0.011702441886335062,-0.2,-0.1,0.0,0.1
5.0,2,0.06893188457206166,0.7827032030116303,0.8329422143419416,0.9821804720726974,1.061629456530692
10.0,2,0.11883591994071965,1.70882079721338,1.871653413445654,1.9109279871378348,2.0275084941170856
15.0,2,0.02538158993063193,2.7161104810545895,2.776105685856402,2.895211773291939,2.990938097667988
20.0,2,0.10266738864575087,3.6879073284867707,3.7310174493536064,3.88648794832901,3.932408657658512
25.0,2,0.41657332425022026,4.608175787297862,4.807425398915916,4.766377848272482,4.915297695298627
30.0,2,0.2391788796980319,5.658448244646774,5.636102880451517,5.804220610941223,5.857960339702332
35.0,2,0.11583264032400448,6.593502988940243,6.652298436832226,6.783721047195223,6.786664948731171
40.0,2,1.308768411198468,7.518865729632484,7.753559012989655,7.588891000719153,7.8143270243145535
45.0,2,1.5444341753878033,8.612668059583882,8.461860405950583,8.762502335410947,8.69806731266731
50.0,2,0.12213859364543622,9.477507376056579,9.608731305890911,9.650984928870715,9.65732984875131
55.0,2,3.269778396865039,10.426157176106488,10.695386231130978,10.388201221155427,10.744264177133692
60.0,2,7.438868274529147,11.561547831299292,11.225090806835581,11.820215800527329,11.506609712821296
0.0,2,0.08579876547999016,-0.2,-0.1,0.0,0.1
5.0,2,0.21820535262205926,0.0620180359487856,0.23208542974968935,0.32292040023076796,0.3536492754438803
10.0,2,0.4113188314883391,0.4381839032862984,0.4482805435026923,0.5120758174217527,0.7428060185354959
15.0,2,0.275160722679649,0.6359866399434544,0.8116029813167774,0.9296296997472588,0.9348001031118721
20.0,2,0.0508497436244023,0.948571508767742,1.0740050464993398,1.1740448239399683,1.2860711862854184
25.0,2,0.4107724663694557,1.279259519573534,1.3110629428084246,1.3955774373147973,1.6674658071688535
30.0,2,0.904134655771706,1.4166433630969097,1.6995679445306893,1.89392347363682,1.813904066974317
35.0,2,0.469714423623132,1.8228104527321043,1.867128333844498,1.9970150815445151,2.3077581214907426
40.0,2,0.08471722162525068,2.0307302745187203,2.2100909942324023,2.350521905939158,2.5740419562947117
45.0,2,1.425485017022276,2.2149109122094433,2.5318151951927996,2.8422229363057268,2.747109228650131
50.0,2,2.576677402051727,2.696019163047454,2.6647935930977713,2.7907208255523743,3.3551978320335514
55.0,2,1.2723653018273118,2.735102453118028,3.168081692941716,3.377729763882685,3.396490645161793
60.0,2,1.1119410339581306,3.1385353089535357,3.2782637304010307,3.7002773192301692,3.7310013378925846
0.0,2,0.05238735239825726,-0.2,-0.1,0.0,0.1
5.0,2,0.10912253197143415,-0.4548537555496196,-0.3774033255730884,-0.31048230165579616,-0.15988780086451873
10.0,2,0.1642766381067698,-0.7672978490853911,-0.6217019297018311,-0.5230157937074251,-0.4932387947914088
15.0,2,0.12046852016427817,-0.9958137579292301,-0.9442932807023152,-0.8543842620472134,-0.713390250250321
20.0,2,0.08018461385451442,-1.3074087953420248,-1.183763898822345,-1.1250094357808824,-0.994326604626832
25.0,2,0.16984814003546952,-1.6144771604560006,-1.4671639635964264,-1.3263891503877214,-1.3051056437749442
30.0,2,0.24012696229382405,-1.8385076742868134,-1.8052197166357011,-1.6979233636829354,-1.4741123472526834
35.0,2,0.178103296659256,-2.225771879116204,-1.9878552403701504,-1.90141156927455,-1.803351596740248
40.0,2,0.1818274137873674,-2.4683624808360722,-2.3673408871359425,-2.1315773940556544,-2.0537367071165247
45.0,2,0.3862207492958363,-2.7350986553467718,-2.6456516127533045,-2.5243126452098297,-2.2185817394773064
50.0,2,0.7487723416320595,-3.164897822988174,-2.796975822240079,-2.659806663067204,-2.604591528134782
55.0,2,1.0101243757241127,-3.2827485641092493,-3.3164073110632497,-2.9567616588084267,-2.7729814860923363
60.0,2,0.7229008816309401,-3.673659577863053,-3.4050916607894015,-3.3392817127912675,-3.013493252272584
0.0,2,0.10582156527278491,-0.2,-0.1,0.0,0.1
5.0,2,0.18520080766962665,0.09362694109122767,0.2623635172748734,0.32672615658681087,0.39803044606463156
10.0,2,0.26258057077975155,0.4818298546036132,0.5011657556192207,0.6024424331749487,0.7760560786373178
15.0,2,0.17732186048299078,0.7239535880689142,0.8873875074174206,0.9933251397307814,1.0375749478355336
20.0,2,0.08865372580603609,1.0455583411654203,1.1983574623017823,1.26782413513271,1.411248305470285
25.0,2,0.23366430612773711,1.4045155349201048,1.4264711059797903,1.5914569956422389,1.7812916685456006
30.0,2,0.40342018765092524,1.5851852908828405,1.860662389378584,2.0084728609597855,2.0301618248840545
35.0,2,0.31816149517531533,1.973978278382535,2.089775560387155,2.1996904218534414,2.5017851664996593
40.0,2,0.24964827964015254,2.257476848806789,2.361566582349278,2.6459824830664793,2.7809505739177593
45.0,2,0.6588592688712778,2.44451312224598,2.814307935297164,2.993105374344537,3.0747971172701667
50.0,2,1.4158774155416787,2.9098657143114712,2.969842447999683,3.125620712362834,3.602141735501363
55.0,2,1.5394074863226974,3.0911996738365075,3.3313964095153974,3.757533263411496,3.7080883244294562
60.0,2,0.7791706676662942,3.3921423886254685,3.7536624947843844,3.8689304682037737,4.154229380596718
0.0,2,0.010389361931383945,-0.2,-0.1,0.0,0.1
5.0,2,0.02490696420129438,1.157635487666881,1.2543684512087239,1.3756456139072524,1.4783790521117552
10.0,2,0.03976259315727214,2.5071280168156465,2.626925431250327,2.743853856030312,2.8541499056929602
15.0,2,0.05160064549899201,3.8711609525158686,3.9849170409403376,4.11045582403736,4.231551997190304
20.0,2,0.06136693905004472,5.236149271588777,5.34378511121928,5.487983415235964,5.596196621534506
25.0,2,0.06023408781277351,6.595684686304645,6.727509171656792,6.842731850251923,6.964217316259829
30.0,2,0.04417152515593485,7.978457820394599,8.081973163083347,8.208297740739571,8.327442905150335
35.0,2,0.036533802463581906,9.353063524746235,9.45070935003841,9.58612743428033,9.672299925197573
40.0,2,0.03532528303630754,10.7263837790617,10.847185725572329,10.917879532824342,11.036779801698849
45.0,2,0.009534529887745022,12.126315306110348,12.191886023339178,12.296371126279965,12.379684988322358
50.0,2,0.022785446002491428,13.503712200220175,13.57388134145245,13.669088352388922,13.713604154884889
55.0,2,0.11903741195932982,14.883713630085207,14.981038076962474,14.973200299224223,15.088362647569193
60.0,2,0.12406549791482305,16.28991564165831,16.300797227306187,16.393027318987773,16.4086030707837
0.0,2,0.004766080942021421,-0.2,-0.1,0.0,0.1
5.0,2,0.12588574433549093,0.004326872725222588,0.06309053253773148,0.23790023703529026,0.28464144160861704
10.0,2,0.2508668303438836,0.17179573980462615,0.33445614446455973,0.3459845480562237,0.527681735488312
15.0,2,0.05173584206074577,0.3876484813017062,0.4712829117961724,0.6210089523545074,0.6899369062682048
20.0,2,0.22057118329691242,0.5998824033299708,0.6395149656783229,0.8409816034547094,0.8794573631644425
25.0,2,0.9663121014015733,0.7461834439390485,0.976134206633014,0.8884059560840213,1.1390718128781978
30.0,2,0.5633578939757239,1.006816468873392,1.0166853279130552,1.268849754447019,1.2474029522076546
35.0,2,0.16513088011445107,1.2104795383765299,1.237734679731341,1.4156282191490726,1.465871150090967
40.0,2,2.9882723967118334,1.3232961476490213,1.6562671776971825,1.401664072454098,1.7384452734543678
45.0,2,3.7795196202265333,1.6721302147228234,1.5003373482487163,1.9722534701753298,1.764910722014543
50.0,2,0.0693796580359919,1.811091372133045,1.8962057588125343,1.927890350747565,2.064403357375008
55.0,2,7.037539852785767,1.89489357091376,2.361955963260306,1.9006888655306062,2.332011523270226
60.0,2,18.1058637055212,2.392176482730386,1.8656414453988017,2.778815636218696,2.242875442533788
0.0,2,0.056226151962128434,-0.2,-0.1,0.0,0.1
5.0,2,0.19666698257102935,-0.3871633529824049,-0.36402970421737,-0.252904792438398,-0.07404340807874614
10.0,2,0.4274893730429244,-0.728712703647617,-0.46597908403921234,-0.38886975897806164,-0.3727209687689559
15.0,2,0.25144924920463063,-0.8433138076312381,-0.8304712971223018,-0.6819876189048608,-0.478651049492369
20.0,2,0.0033405593781383274,-1.1296831600378767,-1.005225276046891,-0.8585493136703775,-0.7191072811125389
25.0,2,0.528621635406878,-1.4537885742315144,-1.131365406470144,-1.0298256788800877,-0.9757266290028895
30.0,2,1.1648424773058423,-1.5008231782999941,-1.58768382242165,-1.3495569678280404,-1.030783577751885
35.0,2,0.6203953271990679,-1.9318116151838924,-1.598747478106561,-1.4258656701362065,-1.390564040591857
40.0,2,0.2651903328177401,-2.11764511577627,-1.8549534003298456,-1.73293492004921,-1.5195966255801925
45.0,2,1.9327044779129243,-2.174704367055782,-2.3149878690803543,-1.9668878899262114,-1.646691193390193
50.0,2,3.086141191924564,-2.7259397413477164,-2.142257770816506,-2.015563489795894,-2.0976515752094627
55.0,2,1.6533222071739546,-2.660148993552311,-2.641494522784225,-2.5197520832693594,-2.038158235280691
60.0,2,1.8708976445091978,-2.8820994727079627,-2.9446095573765496,-2.485150825474663,-2.425835237044386
0.0,2,0.08815687533908004,-0.2,-0.1,0.0,0.1
5.0,2,0.18049793256524843,-1.007166203219214,-0.8482944389664027,-0.7428652495426933,-0.6940780348315206
10.0,2,0.31628637593854203,-1.7013290366780516,-1.712825103455577,-1.5667347165761858,-1.4039189964098184
15.0,2,0.2228029293651695,-2.5579394317324318,-2.3764334662540025,-2.2948419233871244,-2.2479969583058557
20.0,2,0.06075883995264561,-3.282004707228713,-3.188448287254533,-3.091063389050609,-3.008099322705355
25.0,2,0.3138967743518335,-3.975633725290586,-4.030133371970127,-3.8957161322205405,-3.7605364033177135
30.0,2,0.6353759342728813,-4.868802999460027,-4.6156341193829835,-4.618205512223567,-4.6517809282921565
35.0,2,0.294382892845363,-5.471611134076529,-5.548759633533504,-5.47989885400192,-5.346557864306584
40.0,2,0.14478892284000075,-6.2520617118197945,-6.287464056435025,-6.19959571362457,-6.200109930598946
45.0,2,1.2096963867068724,-7.131020601572773,-6.856663899020802,-6.996396137640374,-7.04755470080421
50.0,2,1.7705586990586948,-7.632192431068744,-7.938647324500701,-7.8586900454603485,-7.6945094645681085
55.0,2,0.9569586273335204,-8.59500220908804,-8.48568412732826,-8.458910634353222,-8.676846221388058
60.0,2,1.7997785473341055,-9.361747477315696,-9.160146684165026,-9.451217351164384,-9.335735606072308
0.0,2,0.004238777083463551,-0.2,-0.1,0.0,0.1
5.0,2,0.006927897398137122,-0.42300063207472116,-0.3014920191598702,-0.2031966573879506,-0.10940946914719087
10.0,2,0.012393152165322326,-0.6197516750055417,-0.534813141575063,-0.4242331805671151,-0.2953995583917452
15.0,2,0.0076448601292767905,-0.8560873995746421,-0.7276247524966359,-0.6110682883269967,-0.5165158929109215
20.0,2,0.00394822272533728,-1.0673448772155472,-0.9430119974168216,-0.829851878080939,-0.7081863583656153
25.0,2,0.022113351796430213,-1.2682401429953973,-1.1754007022140762,-1.0412287150201398,-0.9006243286190274
30.0,2,0.04387193502397903,-1.515198451230627,-1.3537499600873417,-1.2214424856217068,-1.132201769678688
35.0,2,0.03682876816374089,-1.7002952853033058,-1.589949681970802,-1.4663987081385719,-1.3030477689753912
40.0,2,0.025978740203327542,-1.9168847026569267,-1.8037602450304047,-1.6490276196476097,-1.527117654822829
45.0,2,0.061006844163330125,-2.153572531554512,-1.978207084523531,-1.8477518867880167,-1.7543574970614202
50.0,2,0.10896636659871986,-2.3116348241409703,-2.231715838155172,-2.1130356209190073,-1.914601494482044
55.0,2,0.08154372274358113,-2.554945222481072,-2.413681302100799,-2.249157565174614,-2.190302465710441
60.0,2,0.024016229200558455,-2.7534269695322884,-2.6045008166491206,-2.5072486266753873,-2.380008920379834
0.0,2,0.03455778559118343,-0.2,-0.1,0.0,0.1
5.0,2,0.12180672504532351,-1.3765924538761969,-1.3292437122921872,-1.16758709490247,-1.1258906010232528
10.0,2,0.18646904644775644,-2.589696273230284,-2.452824290815116,-2.4509645561963755,-2.305142603946445
15.0,2,0.01914838157413709,-3.753749441945002,-3.6977625959149107,-3.597751139294008,-3.548678409128392
20.0,2,0.20295415029467634,-4.920995817291096,-4.922677562952156,-4.77567823112989,-4.777903837003264
25.0,2,0.7738426598948509,-6.154437286022782,-5.985960490104855,-6.117193671431443,-5.938977862911439
30.0,2,0.40316955260578824,-7.282640200246105,-7.319512019092873,-7.171068180889099,-7.222662772336501
35.0,2,0.26848650537788554,-8.46848664068586,-8.504495692272043,-8.39850657488818,-8.423708126812546
40.0,2,2.5783555801246574,-9.744666770478277,-9.49586345752093,-9.80228764942061,-9.551693019332948
45.0,2,2.819107683919987,-10.811388517713118,-11.011765704338629,-10.676789948726924,-10.89388058806827
50.0,2,0.1015133140990351,-12.072077154468042,-12.056077701485801,-12.052573905231574,-12.012409859755575
55.0,2,6.314776698053121,-13.393451189803056,-13.001347068605474,-13.4864778177445,-13.111176406882091
60.0,2,13.871835389154196,-14.347667925666054,-14.83201835810487,-14.061653940210183,-14.550426121148066
0.0,2,0.338378508351568,-0.2,-0.1,0.0,0.1
5.0,2,0.3168908346197205,0.721325236304203,0.8354694242152227,0.898598590530686,1.055811874808718
10.0,2,0.23869007005734974,1.6075122220770117,1.7682116603986513,1.8770920341560278,1.9695943350859717
15.0,2,0.14701884080609237,2.539694371382149,2.641253679643358,2.7992118583747296,2.9534554681762812
20.0,2,0.09196553286710474,3.3990188207844603,3.604591227908792,3.715746966008327,3.925463488733788
25.0,2,0.05890424843668923,4.277936494156868,4.491984483876951,4.723133080436712,4.862971570823698
30.0,2,0.15789338266220937,5.203468858576529,5.3520506681382525,5.625472288772493,5.886238939665821
35.0,2,0.4532985279999672,6.008034099694208,6.372245193022169,6.5581483353855425,6.840008252910071
40.0,2,0.5778520514961142,6.948464773027746,7.172039195765015,7.579606062541422,7.78953097553661
45.0,2,0.6651710536027555,7.861164022288135,8.090317649170593,8.44642868687006,8.8029357744009
50.0,2,1.520355637124567,8.655279743551429,9.170976158427623,9.377114364086482,9.708680992522995
55.0,2,1.9777798078474642,9.73199597436484,9.833749278314047,10.413862120197576,10.643649011570867
60.0,2,0.8097700511948446,10.587891294667937,10.934470914454499,11.215913382247695,11.596185918935909
0.0,2,0.010904585053626105,-0.2,-0.1,0.0,0.1
5.0,2,0.011614469547142677,-0.8667082483242226,-0.7670834144444736,-0.6817338625078677,-0.6241882262559603
10.0,2,0.04453640077238066,-1.4965492158772622,-1.4645783347065462,-1.408450265104929,-1.309849687376302
15.0,2,0.07859635302349824,-2.183350988618762,-2.1060169126810377,-2.0778170110019096,-2.0519563422958838
20.0,2,0.12741970323858587,-2.8278226825534634,-2.7993370327108438,-2.778066036664183,-2.753629254201671
25.0,2,0.2255797115420338,-3.476292535037033,-3.4876895332481856,-3.497846780865126,-3.4367399085123442
30.0,2,0.31765903919396377,-4.193913122207589,-4.121548330999753,-4.142789729342107,-4.180031326645756
35.0,2,0.3052976289349904,-4.822749812026015,-4.8638593776813135,-4.865367962183363,-4.826019108836981
40.0,2,0.23957743503584383,-5.537614199233953,-5.517974208313608,-5.547548692738983,-5.514572911973714
45.0,2,0.2672742515060407,-6.270676599124079,-6.182360322841924,-6.184138372671893,-6.220248469154856
50.0,2,0.3142205886437444,-6.899580895797482,-6.969374367708308,-6.9191432666007255,-6.809038985218776
55.0,2,0.15995996592157105,-7.7089900323190355,-7.559280599052422,-7.546599600612138,-7.521981034874205
60.0,2,0.011274360187300974,-8.400662959971429,-8.30973808871973,-8.212085160489071,-8.154078809210057
0.0,2,0.00676813001709425,-0.2,-0.1,0.0,0.1
5.0,2,0.005291831864358772,0.9331688155557332,1.0059203299457593,1.0890460648690086,1.190467134605968
10.0,2,0.02437111709994176,2.043937170157303,2.133763215239435,2.2075373260062494,2.2519669785499254
15.0,2,0.04649596041578698,3.187937347090729,3.2350552504084127,3.2753132404788006,3.3575011969513984
20.0,2,0.07645915772093301,4.30619063219928,4.352244048613261,4.383581346652622,4.432393352440663
25.0,2,0.13594499917820255,5.4161525017965975,5.470742855527707,5.500462310217399,5.5056540573405455
30.0,2,0.19020426111171723,6.5559745029386605,6.563056626008673,6.555411692892918,6.637171248018396
35.0,2,0.17800385347929393,7.636481418003317,7.688833887527034,7.703683434449858,7.7012176748549335
40.0,2,0.14840616073433338,8.749246977371655,8.776342665605158,8.802609709255462,8.820619407579386
45.0,2,0.17871864962608391,9.854220151014857,9.8768042980697,9.864518934916024,9.9718777207876
50.0,2,0.16936555596400193,10.8992216859396,10.994048322926567,11.060247704955236,11.032505735943236
55.0,2,0.06501782080851905,12.025662845567021,12.043236300413074,12.116462909527923,12.219263739233039
60.0,2,0.09182672444353734,13.068172105228875,13.186254646586544,13.214145339075083,13.35465604882701
0.0,2,0.09746789912906462,-0.2,-0.1,0.0,0.1
5.0,2,0.11970782530057585,0.48261401679830296,0.6166744369529554,0.7473436560023166,0.8041039517376949
10.0,2,0.20735689253867734,1.2061568093304098,1.3150197551211897,1.3745164246672745,1.6057791338636742
15.0,2,0.10487495905483434,1.8601079155017446,2.0202652180431118,2.203117589183631,2.268717461745337
20.0,2,0.023208102845673022,2.5626507870169237,2.7070103989936087,2.8981806393899587,3.0351024205646167
25.0,2,0.42759823028217936,3.2532315125503417,3.4390830625044315,3.5211617361383283,3.840203996263244
30.0,2,0.6751170466375416,3.900056736756571,4.113232987213515,4.439649496518767,4.451477148458789
35.0,2,0.29921113034412683,4.650802035795261,4.789716114235628,5.013958432819793,5.300675847588201
40.0,2,0.9146126366905291,5.282277219441865,5.605220032854624,5.685475188980317,6.032916050653392
45.0,2,2.2223223368830096,6.009758442805792,6.166767477700176,6.675831366221698,6.604267266693818
50.0,2,1.3262901060785102,6.784233872766024,6.929690322118821,7.0587525343380975,7.534683885689918
55.0,2,1.6327424577938001,7.350422033954334,7.829381837574428,7.864563411319575,8.11372939355587
60.0,2,6.364327242936462,8.273226971289068,8.155319232230237,8.879333047013315,8.700953487362902
0.0,2,0.031107463022250377,-0.2,-0.1,0.0,0.1
5.0,2,0.033288220766711084,0.8851172549698717,0.9851469401001269,1.0882942090467234,1.1879721430966346
10.0,2,0.03617189807318169,1.9778699488033031,2.06241574159635,2.183836318038009,2.268939085989041
15.0,2,0.029435711115890315,3.0631681217641544,3.167457238102941,3.2525537225916867,3.356412559181285
20.0,2,0.012929864981281918,4.162352343025362,4.249386449049678,4.343691568150729,4.430691828627674
25.0,2,0.01900966407635697,5.266140513388716,5.328804208707789,5.437219119863859,5.500488894106441
30.0,2,0.0336295771876507,6.3539744079478275,6.452257907500411,6.487791848454374,6.585159119377543
35.0,2,0.010473952486877759,7.467480583323093,7.518180021374739,7.594340607329056,7.645712618466654
40.0,2,0.039744160690966396,8.572400989864233,8.603973325553518,8.682093124612596,8.713776937676684
45.0,2,0.16266334991593714,9.651342218867894,9.748483721752999,9.711423797095,9.80752518720435
50.0,2,0.13717833521822062,10.777041095070848,10.773968303170955,10.857932526578214,10.856363547313663
55.0,2,0.08204807029302956,11.86357470241813,11.881453918028962,11.924986925375714,11.941820473524249
60.0,2,0.46588491386166286,12.922310559588357,13.04383029747352,12.935490573089957,13.056735136408651
0.0,2,0.03302183001959959,-0.2,-0.1,0.0,0.1
5.0,2,0.22083978762388423,-1.3127121293578279,-1.2000841573280767,-1.1896852761245524,-1.0038867265289082
10.0,2,0.3989442403365442,-2.4425210678005373,-2.3622673879587097,-2.186170455281117,-2.2217776676383596
15.0,2,0.15617823157958532,-3.5417866987608857,-3.472221220247843,-3.4320841932468893,-3.2730127557624398
20.0,2,0.3323221625757891,-4.704939068634839,-4.54504802878404,-4.571208792453862,-4.404277267484686
25.0,2,1.180015581577662,-5.809392017267264,-5.793553187475955,-5.509329854737817,-5.619566387215675
30.0,2,0.7727755416246946,-6.941382050270371,-6.832018501055235,-6.88238241827089,-6.582426766439568
35.0,2,0.3781706900169238,-8.159222768903906,-7.905541721233259,-7.8967936169517525,-7.783019918286485
40.0,2,3.3344641910624366,-9.182043676537853,-9.302035663866317,-8.811842839834881,-8.955024134475721
45.0,2,4.064122193723836,-10.42825134852416,-10.121702217965831,-10.365136205290765,-9.84222483227341
50.0,2,0.6467719558204655,-11.627591861042958,-11.327014374875066,-11.148416977840832,-11.16065967963452
55.0,2,8.594297700674481,-12.527757037650213,-12.875063232293003,-12.118721217859388,-12.248509694930032
60.0,2,19.03727021157162,-14.011601223585263,-13.247556374425406,-13.919274001437419,-13.097987872623895
0.0,2,0.12243832364557553,-0.2,-0.1,0.0,0.1
5.0,2,0.19088860380009523,0.7805060784929542,0.8903211096999619,0.9445478567176792,1.151086472388527
10.0,2,0.251517048688591,1.7037802576873609,1.8768504811179152,2.0661888162498383,2.0861034795431026
15.0,2,0.08882313830061907,2.715726472865282,2.819668407509328,2.970865273068163,3.193124398454525
20.0,2,0.18407076051614646,3.6287822821164117,3.8597976230836424,3.968472031838848,4.20879413215753
25.0,2,0.6817209086423526,4.583786114339079,4.77624891020781,5.123233875080956,5.14903868686767
30.0,2,0.7054753211864248,5.606927632380716,5.748366603313633,5.925046882420233,6.318427985679955
35.0,2,0.7450482409877738,6.457640513481456,6.852764686832382,7.022321810486484,7.232503610293297
40.0,2,1.9128480683534246,7.542510187334916,7.626916043610699,8.154256902857313,8.208009004589792
45.0,2,2.096927243768993,8.511780254222359,8.769557281057477,8.836515812709424,9.380300307702559
50.0,2,1.5189521023289287,9.368913137179783,9.859339611715669,10.079725191128489,10.15663723296702
55.0,2,5.16808739176576,10.654769212773736,10.445908747578873,11.125862156964795,11.204536572972849
60.0,2,7.20299318364758,11.429532685384734,11.97815043616163,11.682785279326017,12.307069806717191
0.0,2,0.0770703141499891,-0.2,-0.1,0.0,0.1
5.0,2,0.1988409475355587,-0.888110520951602,-0.7499124595826316,-0.7278459006867185,-0.5567940641098684
10.0,2,0.26792473137546813,-1.5631707709120577,-1.488808274934224,-1.3078437529327775,-1.2855030918825892
15.0,2,0.0672314062253471,-2.254254547217937,-2.142222963700073,-2.0618656557746675,-1.909645669299804
20.0,2,0.2615556694802585,-2.9755997259488076,-2.782699713077058,-2.764206775436395,-2.568145566861052
25.0,2,0.8384726068302196,-3.6335122349818105,-3.596070450605378,-3.2822828337528565,-3.301449207314082
30.0,2,0.3852489764300221,-4.362898095875453,-4.173287967042647,-4.1374890380749685,-3.8623025709918752
35.0,2,0.3164792534061428,-5.1020795239952745,-4.832520520109103,-4.765390410988391,-4.558650162222993
40.0,2,2.8248076107825133,-5.7018979154707035,-5.754648898236926,-5.23079685414001,-5.2939598947989595
45.0,2,2.9039624149741847,-6.513310176727814,-6.138192733581342,-6.26236411866013,-5.790099479008093
50.0,2,0.27287083521664657,-7.204071301997878,-6.921372794488348,-6.721713402627881,-6.5794719541941555
55.0,2,7.465371150166562,-7.718231853789671,-7.94435914677226,-7.179120056430822,-7.307581341646491
60.0,2,14.76594538453084,-8.687509735244749,-7.956403180393399,-8.492425231581102,-7.735617196751122
0.0,2,0.25825486416722804,-0.2,-0.1,0.0,0.1
5.0,2,0.28848503375684786,0.5291847763110181,0.6348149463449398,0.6967417690826343,0.8303395620046666
10.0,2,0.2724386764058109,1.232432228766566,1.367657301473971,1.4455662161413612,1.536506361104612
15.0,2,0.2289992695590321,1.9665923880301885,2.0487712429577933,2.1707446307594167,2.287134899482356
20.0,2,0.1540234733788474,2.6426282339551666,2.802161341261127,2.8786552415671713,3.0408793981895514
25.0,2,0.05919420581039132,3.3287941801752576,3.498910194966748,3.652887016096415,3.7748138774778583
30.0,2,0.07522469997452401,4.046957787067698,4.160101536686978,4.376717092792845,4.562709905911998
35.0,2,0.19111011565636393,4.669068327489414,4.954981909256451,5.090539821009057,5.322977318447875
40.0,2,0.18337446482196593,5.385032969864172,5.58285503746311,5.88590094382584,6.074859478792864
45.0,2,0.3435922990774689,6.08683480936825,6.271373032572225,6.597142181869229,6.864379459879502
50.0,2,1.0118518687786873,6.6870662767972915,7.121763507105041,7.293425607384614,7.60855514614547
55.0,2,1.1347714049505002,7.496553936724425,7.640450304208777,8.118925138247254,8.345962211995158
60.0,2,0.6251030997351184,8.164005120403555,8.446953707081352,8.788593091759141,9.09342072567477
0.0,2,0.17026106886901277,-0.2,-0.1,0.0,0.1
5.0,2,0.32651843572073264,0.09492635749013674,0.15629297850771856,0.2837961712127634,0.33588703875195075
10.0,2,0.581949684306283,0.3461259731724459,0.5058474159023751,0.45771135125197915,0.632120351598324
15.0,2,0.4208105022347816,0.6456955312522684,0.6922289157512873,0.8197981890807181,0.8549850018034202
20.0,2,0.3540948953104347,0.905075419708602,0.957232857437935,1.0850184917568608,1.1362834149468868
25.0,2,1.1624755822487136,1.1026302155557812,1.3423359061028175,1.2269292414385875,1.4826173667156914
30.0,2,1.069763446456152,1.411619800180092,1.409352654124153,1.7154355591642934,1.689007262306938
35.0,2,0.023062123501637714,1.6120773004352928,1.743667966875029,1.895622993771671,2.0449495606560917
40.0,2,2.561133696434812,1.762684748573995,2.162139021852785,2.0200013205317298,2.4223952767421357
45.0,2,5.249182423049042,2.1362124755353054,2.0303017938270362,2.7024736645188994,2.5691349797819916
50.0,2,1.03432783813324,2.242893878365453,2.5813255040012875,2.6533592905736922,3.0314467866853816
55.0,2,4.9443663294202,2.402813638762015,2.9717906066315662,2.831960636830286,3.373363123364586
60.0,2,21.33005042358035,2.922184253251977,2.551695647232415,3.777347835511834,3.399602815554863
0.0,2,0.03479167199739852,-0.2,-0.1,0.0,0.1
5.0,2,0.1471306498637047,-0.27172284311071687,-0.09813917264999449,-0.034941079008471064,0.06468692772659117
10.0,2,0.3228246454587971,-0.23621366898800505,-0.250591869297063,-0.04807631050443803,0.05464951470431905
15.0,2,0.16707514560354583,-0.3510151644267021,-0.16815854214811526,-0.09678255033955116,-0.0043922442134128525
20.0,2,0.1407048473342518,-0.3634056541887248,-0.21603979233444096,-0.16063452863125757,-0.020384693015934742
25.0,2,0.7802475725031812,-0.3098947825375072,-0.3908265828380926,-0.12317788081147651,-0.07668158902586317
30.0,2,0.7798956925430887,-0.4744259324498643,-0.18701759552914748,-0.23701237212006776,-0.1422411021564385
35.0,2,0.1515230376639832,-0.38442469707698435,-0.35587176404449894,-0.30523906539798373,-0.1352776427786217
40.0,2,1.8036724438172498,-0.36689641072613777,-0.5024334716601366,-0.16975025539068178,-0.2818491985637149
45.0,2,3.3700389140792897,-0.5692800695831002,-0.15913213859578104,-0.46204875890707925,-0.2705845362973234
50.0,2,0.943446271830077,-0.3557998701389549,-0.5471311850858128,-0.4115379514437502,-0.2866926637574123
55.0,2,3.9814060216526626,-0.45012198303677375,-0.5777286743478084,-0.18298445378675346,-0.5304427262972776
60.0,2,13.20054870615684,-0.6593086970761971,-0.09615809818178422,-0.81561117813461,-0.3103160311187544
0.0,2,0.0907400874090822,-0.2,-0.1,0.0,0.1
5.0,2,0.10253743581091786,0.7930173814253931,0.8322236909262809,0.9654988109421495,1.0519133191469154
10.0,2,0.09259908040200432,1.7272554306204753,1.8634434115076168,1.916585360478239,1.9780222022751217
15.0,2,0.027653420952295782,2.7500388426505706,2.784814366868149,2.8502917061428166,2.9428146916606375
20.0,2,0.07048044538374271,3.734661229547244,3.742259398778363,3.8407758157455967,3.852916365691707
25.0,2,0.2026148180868119,4.6747268166358396,4.799824145764935,4.747479516163724,4.791235533639137
30.0,2,0.179860594019737,5.735024449071659,5.6675615687763745,5.6989149250389275,5.7544182717574
35.0,2,0.2955975320569608,6.674246763853366,6.671262683477375,6.723156242010203,6.629906727744093
40.0,2,0.7484588755749315,7.62616239540456,7.731301651386341,7.546791797889256,7.6369697748456185
45.0,2,0.6704033792613223,8.691456359846509,8.525089333832389,8.597053773268803,8.570279355018824
50.0,2,0.5768897560367702,9.557953371874008,9.598715075352304,9.615463612978504,9.454399964202459
55.0,2,2.100588252604587,10.528842413941797,10.634833748527567,10.329589816254451,10.575919248124242
60.0,2,2.3985663039515392,11.5639188529142,11.330995044899481,11.606458703201882,11.410465828273173
0.0,2,0.04303354167038274,-0.2,-0.1,0.0,0.1
5.0,2,0.013023294069164295,-0.6828465571368196,-0.5340268586220889,-0.4256984967250184,-0.3047020550143842
10.0,2,0.024265540336565118,-1.1356931993339967,-1.0161989922505013,-0.853103141926587,-0.68955260148555
15.0,2,0.07823614276236412,-1.6320634630384108,-1.4488390699076938,-1.2550544723975268,-1.1058648971513187
20.0,2,0.18999401412297345,-2.104796141094622,-1.8930655773130005,-1.70014377848973,-1.4910903730959395
25.0,2,0.3313592384557873,-2.5500561758962457,-2.380587796985835,-2.111567324659653,-1.8941585399498693
30.0,2,0.4451820014507916,-3.044859967855812,-2.7839722587583338,-2.5216131317919936,-2.333198446583777
35.0,2,0.5299296846349101,-3.4695595434715543,-3.237276859968414,-3.0047820493290867,-2.71929931971922
40.0,2,0.5460535690558161,-3.895384417464777,-3.7105264803756524,-3.382978279597216,-3.1893025625489693
45.0,2,0.43437001716224244,-4.356035943726235,-4.076394820221826,-3.8452019482599527,-3.6478329952769224
50.0,2,0.3927614448438141,-4.717947342913197,-4.538322225196809,-4.357522859810318,-4.0589472470629495
55.0,2,0.46706079794888883,-5.128807057248497,-4.989758855554139,-4.678892194577664,-4.622555535101292
60.0,2,0.2177227717621485,-5.5409194442187335,-5.318044980481024,-5.254715769621477,-5.053607415658662
0.0,2,0.022397435954681372,-0.2,-0.1,0.0,0.1
5.0,2,0.05289361019244331,0.11964465220003169,0.21100865659631352,0.27945878945674835,0.405564938900404
10.0,2,0.0794669955128576,0.41665025847513276,0.5238266109387689,0.619356399626468,0.6715208052666205
15.0,2,0.0731588119019799,0.745867803812828,0.8135549815484977,0.8887113978554463,0.9988969282437171
20.0,2,0.07945390669570387,1.033930641485762,1.1408616143367616,1.1888210124887306,1.2990948803027484
25.0,2,0.11134071083306481,1.3303179581609546,1.4251756255999453,1.5439479085758223,1.5789436934307788
30.0,2,0.09087087917701041,1.649796427502466,1.715071385293293,1.7867121779432473,1.9424822321820052
35.0,2,0.07359165767840065,1.8955490041772882,2.061574645312037,2.126509711013016,2.2261058995722074
40.0,2,0.1549678669234371,2.218327865344356,2.2870767619467056,2.481136647832378,2.5388750221045977
45.0,2,0.1600574397165539,2.5011063181272406,2.6233320235355975,2.6958491313115824,2.9208058614070973
50.0,2,0.17798414046706146,2.7270747932607207,2.965761114738966,3.086889197158833,3.177045266376486
55.0,2,0.5850310089796744,3.1081492922218246,3.1146770175597607,3.4199068586892163,3.5297142402176425
60.0,2,0.7047364620487048,3.314592389837343,3.5774721252698107,3.6030007226141563,3.8930592081205964
0.0,2,0.14568640048298404,-0.2,-0.1,0.0,0.1
5.0,2,0.2649574231047145,0.5059893723614463,0.5589859973092508,0.6716750058716325,0.7516715113794972
10.0,2,0.4519002229318979,1.1475515299411279,1.3170004610144652,1.292697710986825,1.4193940719012157
15.0,2,0.37087926942670535,1.8711198141499685,1.901357654886605,2.0146113643302614,2.0778768273986294
20.0,2,0.29803605064554306,2.5255081117262286,2.5851577025619994,2.690187104787161,2.7524346286119092
25.0,2,0.7677721423816017,3.1271085752112264,3.3592045122181666,3.2848610555270517,3.470435291652686
30.0,2,0.7477813282621512,3.8642605244474266,3.8360795970131645,4.093721902298936,4.135869297771426
35.0,2,0.04210327339838203,4.43644320453498,4.602757068814099,4.73218238149247,4.846870553611164
40.0,2,1.4387833423131338,5.027208249776688,5.365825384410976,5.291740580561847,5.621800880624967
45.0,2,3.2495566642996847,5.799268498593966,5.699065597222438,6.25846415268818,6.238098733791656
50.0,2,0.8638889091908377,6.271237925867443,6.658626263821484,6.740698361733921,7.012656317795276
55.0,2,2.7730654487045023,6.9204411294767105,7.341555880222234,7.30408257194587,7.805461174495139
60.0,2,12.823636782015802,7.755950138033199,7.508248268050926,8.511122061854838,8.28454217512283
0.0,2,0.25944427902485057,-0.2,-0.1,0.0,0.1
5.0,2,0.583946127934883,-0.5575656820249656,-0.38005037915939405,-0.408818370102055,-0.18365633170889714
10.0,2,0.7416476119371898,-0.8843399710447963,-0.8236525384759478,-0.5687154575805115,-0.5834735588893731
15.0,2,0.1307122353365311,-1.2506123773249553,-1.1075866695483811,-1.0166914258292454,-0.8153818162833644
20.0,2,0.7532988259948883,-1.660233810519479,-1.3748362152034093,-1.3876375991876988,-1.097655427070681
25.0,2,2.4901629609782434,-1.955271768005511,-1.9450890020315785,-1.4390894427930696,-1.5110036021464364
30.0,2,1.1366919798799504,-2.385504620692978,-2.091346050931648,-2.060980494075616,-1.6427134122716822
35.0,2,1.0752477159005127,-2.811003430882249,-2.394031833379835,-2.3157338633584965,-1.9898662133467733
40.0,2,8.683567397797056,-3.0030754607728816,-3.1429501405317817,-2.2698627811285124,-2.424837721529567
45.0,2,8.723093245916086,-3.5629357774053836,-2.951395515759504,-3.2044575888397513,-2.4520279849534936
50.0,2,0.8564890347150079,-3.888974767179395,-3.468422113095245,-3.180181605440268,-2.963329144238703
55.0,2,22.719112825912134,-3.934493902719915,-4.37937488324158,-3.1069451916959774,-3.410184415291551
60.0,2,44.10195353223452,-4.748512076831584,-3.550982641276123,-4.548198936728344,-3.3133955011083343
0.0,2,0.20433496263557893,-0.2,-0.1,0.0,0.1
5.0,2,0.46898856674822587,-0.2263595671897833,-0.10487010882714355,-0.11350606638377796,0.02168587008017521
10.0,2,0.6659078170950115,-0.23362141556931007,-0.20003667217107807,-0.11216470481861235,-0.10027695208205353
15.0,2,0.6871014478074589,-0.27481067664408404,-0.22369999932606516,-0.21925559200175382,-0.15138334898967462
20.0,2,0.921409242754685,-0.3492462050722847,-0.23000096238728449,-0.31675800961238965,-0.1961943122101234
25.0,2,1.1261697713035859,-0.3762219481970403,-0.40224291740603446,-0.24357684844119687,-0.29320764755829165
30.0,2,0.5607393115937446,-0.4914297844827238,-0.3801141151100194,-0.40688136421354515,-0.25987397011678304
35.0,2,0.5597465646751323,-0.6189303187005174,-0.41591254676166184,-0.4516619499595066,-0.27484429082191364
40.0,2,1.966173618301585,-0.6473374209838372,-0.698352363071005,-0.29167582330350794,-0.34703337120578603
45.0,2,1.350855043985885,-0.8656892893163021,-0.5396463470212174,-0.584336896841529,-0.21777631770563238
50.0,2,0.32474304540388077,-0.9879354657086185,-0.6749089468810848,-0.5110498725542821,-0.25660443806128086
55.0,2,6.116767808897949,-0.9735816410464327,-1.064313786563021,-0.2828275211432217,-0.3328256467732328
60.0,2,9.1707604763505,-1.317566760043599,-0.61151500778503,-0.8321439445321538,-0.11537275548579333
0.0,2,0.0020667401951586194,-0.2,-0.1,0.0,0.1
5.0,2,0.010630944818518749,-0.7379695473148562,-0.6320405674232553,-0.5167386532037441,-0.43664123215345674
10.0,2,0.01996372830794548,-1.2596434304645796,-1.1680192829928249,-1.0758220211225542,-0.9432952656106731
15.0,2,0.011855325550409287,-1.8060622680156262,-1.690048225496243,-1.579237538650986,-1.4948219681230959
20.0,2,0.011476192046267555,-2.326811337493423,-2.2341587459598347,-2.1113784957911634,-2.0212114211368584
25.0,2,0.037838251989963045,-2.853487298239055,-2.7534424377979136,-2.6772868841037676,-2.532733380335857
30.0,2,0.039685774079847434,-3.399119331292263,-3.279012936848892,-3.1575145032906478,-3.1046932291401172
35.0,2,0.02352485603360525,-3.896657586608334,-3.8362880793260747,-3.7202728099726654,-3.610511524760174
40.0,2,0.07325839997808459,-4.447004962949673,-4.319067491402406,-4.278585793303404,-4.142461753107091
45.0,2,0.10858958773204502,-4.970609445090672,-4.8800234567383916,-4.73704014092289,-4.722836958105932
50.0,2,0.07827654903924547,-5.458901012680256,-5.429898799401639,-5.342268976859227,-5.202831212012073
55.0,2,0.23146964075647525,-6.049472370379843,-5.866178617470093,-5.87407102041385,-5.767567992784671
60.0,2,0.39218653190378894,-6.5175521792848725,-6.514552707070425,-6.31568329041222,-6.332891824376235
0.0,2,0.30669219374187984,-0.2,-0.1,0.0,0.1
5.0,2,0.26097470204862694,0.062510090930859,0.18038100978889976,0.25784775587883396,0.39489094869183367
10.0,2,0.18387610573474528,0.3033009319648165,0.4575476055785026,0.5532612295884186,0.6771498434491116
15.0,2,0.11732512671294223,0.5690397144980146,0.682297696272918,0.8494207630591987,0.9861312420411377
20.0,2,0.045374051641414184,0.7839113562766322,0.9797359918088325,1.11060123908092,1.3082706339953059
25.0,2,0.010521717505493638,1.010732209588615,1.227843568819342,1.4277481803285914,1.6118250677155337
30.0,2,0.15922349904868133,1.2703604489110838,1.432205789788858,1.729713999447149,1.9414985935953812
35.0,2,0.3615700044619979,1.4490990638292893,1.7765279212959835,1.9765057729932969,2.2672758789142926
40.0,2,0.3946642484680318,1.713566198462201,1.9712076546830626,2.314349616521409,2.5659149726565684
45.0,2,0.7024910448546712,1.9819202787788015,2.194552858718492,2.6074354714378774,2.876759638678506
50.0,2,1.3273741087981756,2.154865080577449,2.6130245885964234,2.8061072655286527,3.1823011182015186
55.0,2,1.046434130293802,2.5186155007079236,2.711994362009781,3.185472393701053,3.4358456017756107
60.0,2,0.6934659423187103,2.7853080618597033,3.0281698101503345,3.4381097949112953,3.6959699965633845
0.0,2,0.0003070714119884512,-0.2,-0.1,0.0,0.1
5.0,2,0.03703826370342919,-0.6760837722813279,-0.6087204570119281,-0.5091296615955851,-0.3664885985027145
10.0,2,0.0925365382839547,-1.216029610629921,-1.0575358371106114,-0.9432879220556036,-0.9039916089869748
15.0,2,0.057153602573295714,-1.6585986701316733,-1.5959274933242518,-1.490748018977009,-1.3359932857417274
20.0,2,0.005700204676937617,-2.171976736822147,-2.0651568683227395,-1.9593097291555137,-1.8452466232658025
25.0,2,0.11503024304576126,-2.69301827198652,-2.5307278877675325,-2.405475292019686,-2.372890995183997
30.0,2,0.2489681824679314,-3.106377056094184,-3.088666784316583,-2.9906410760154456,-2.776850019923049
35.0,2,0.13307609310000543,-3.6771003344400883,-3.4979805389211704,-3.3915299697376544,-3.356346582641897
40.0,2,0.018767094897037262,-4.128278835001245,-4.029349830995938,-3.900411569449802,-3.8253396796853743
45.0,2,0.33330014822808457,-4.563042939589492,-4.552360811161091,-4.480836918121523,-4.247561735651776
50.0,2,0.6496071807835058,-5.17534163194067,-4.923972785428056,-4.817225261187007,-4.887685215359675
55.0,2,0.33993899185231224,-5.518211404632863,-5.559422708490343,-5.434791885457854,-5.25222138472587
60.0,2,0.12200484279492702,-6.063178911638253,-5.958295451562507,-5.933684343350065,-5.7699111661476215
0.0,2,0.05703068820845278,-0.2,-0.1,0.0,0.1
5.0,2,0.13626892192081574,0.8476958237143828,0.926333605614643,1.0584082031975934,1.193836583794626
10.0,2,0.23240105731156435,1.8482963216925197,2.00867731575147,2.1625590264160843,2.233015768782426
15.0,2,0.26641939201054243,2.92650890819019,3.0320934119621454,3.172583343202297,3.347636985609103
20.0,2,0.2509795362577836,3.968572589025322,4.088711463558294,4.261104768667841,4.386708044033563
25.0,2,0.2863552698265833,5.003852142493364,5.175662033458213,5.338949561657764,5.41290734399701
30.0,2,0.32605845609657863,6.129899286437916,6.195557356592371,6.309302232528843,6.522886422368504
35.0,2,0.19238357623875954,7.1601810775933,7.296148676164312,7.450104913101488,7.477484847389859
40.0,2,0.030144019743735158,8.26568041371652,8.360969018674655,8.45312691897976,8.530417379199417
45.0,2,0.22783167573397506,9.399119270969463,9.40889853617693,9.425371761612766,9.603078378132409
50.0,2,0.5224629628797176,10.41943864236504,10.527681913891861,10.62508526946577,10.490536337490093
55.0,2,0.3278293418498017,11.599190154122738,11.551499906396353,11.50859620259298,11.629730116421893
60.0,2,0.3471008017714376,12.658328359933213,12.666031859023887,12.569399820740205,12.621530556157786
0.0,2,0.024009175839602735,-0.2,-0.1,0.0,0.1
5.0,2,0.04493321507096749,-1.3301824783409744,-1.1990131034100533,-1.1068524899245378,-1.0221284902499868
10.0,2,0.08065719691294072,-2.4043896048837827,-2.3654253095303472,-2.229522881065731,-2.11701532837123
15.0,2,0.050907516197666945,-3.5577754859482047,-3.4198862934507437,-3.3389713809389727,-3.2578965254387313
20.0,2,0.016536930703370815,-4.650132929771353,-4.548124481194814,-4.465994151798168,-4.3684546849378885
25.0,2,0.11610334325782108,-5.719220186673442,-5.71334224032109,-5.572112635111525,-5.486207747521751
30.0,2,0.17509799851140642,-6.894663546655451,-6.716781827049326,-6.697258232832722,-6.64035576501586
35.0,2,0.0514353570620788,-7.930497908327322,-7.908606481454015,-7.839414915884468,-7.728716627813069
40.0,2,0.18710658377823586,-9.033081735945505,-9.0392348462253,-8.900831163528085,-8.892264749705541
45.0,2,0.5557747206994823,-10.216890584341566,-10.004196051453171,-10.088929991348897,-10.013572430186283
50.0,2,0.38083743406022624,-11.19739896099979,-11.293590591846016,-11.19657427554984,-11.094201790859776
55.0,2,0.4517440171401963,-12.379590289640731,-12.343007236709848,-12.207928646331158,-12.309416008499193
60.0,2,1.6446626729715954,-13.539420693655071,-13.30303261546827,-13.527859667604005,-13.32780576637892
0.0,2,0.3092221275514828,-0.2,-0.1,0.0,0.1
5.0,2,0.37087068937545475,-1.0623432687011403,-0.8812578840904958,-0.8200347918551856,-0.7422902631672522
10.0,2,0.4052435070986755,-1.8299863213369643,-1.7919085029677522,-1.6958344962816438,-1.494123095041793
15.0,2,0.2714767022385294,-2.7474883851009753,-2.5687078437555533,-2.426975581679102,-2.3746068129066153
20.0,2,0.11707907362948113,-3.594080386024565,-3.400609452894892,-3.3062712255785094,-3.122743766758392
25.0,2,0.21984026053348943,-4.40004305674682,-4.326973084258563,-4.126872317785957,-3.8757425802790784
30.0,2,0.49533833269025496,-5.382385456965153,-5.065516161581618,-4.817673179722388,-4.769982448615344
35.0,2,0.5381875790170126,-6.165053123431545,-5.966346767250195,-5.8031924937326425,-5.406891070284219
40.0,2,0.40517790863455966,-7.042417313977372,-6.854180284464823,-6.485900000871785,-6.2649120631987305
45.0,2,1.0150683144899904,-8.003490900766034,-7.582305010737567,-7.241575697176337,-7.125964261646967
50.0,2,2.369352102542993,-8.705902062105377,-8.521580523966904,-8.328952871277894,-7.702826620790895
55.0,2,2.182959387414118,-9.66255131969762,-9.337853845785688,-8.791137115010878,-8.773646005460929
60.0,2,0.7699970948068902,-10.481218160855073,-10.097894470928892,-9.797241044774454,-9.49476081721086
0.0,2,0.2517846936113449,-0.2,-0.1,0.0,0.1
5.0,2,0.45132858385474967,-1.1163707080379712,-0.9589912013181199,-0.964538857683295,-0.763857894103608
10.0,2,0.5067998457968387,-2.017459514739222,-1.9382789572060288,-1.7311971713111882,-1.7205816790295596
15.0,2,0.13395988219754304,-2.938622658728216,-2.8139741388617088,-2.718148121188692,-2.540531064650362
20.0,2,0.5014426716530552,-3.907541113201707,-3.6584289090890647,-3.6511716498800753,-3.3978929724011278
25.0,2,1.404961872488879,-4.789785627463101,-4.740705528252087,-4.331386192472912,-4.356915957526911
30.0,2,0.5678685271045953,-5.762595144745734,-5.520383976020624,-5.447287050223391,-5.092285795868232
35.0,2,0.7526552200056915,-6.758645046155841,-6.380236109940603,-6.291521471263037,-5.995908000641472
40.0,2,5.0836162237849045,-7.557642854395036,-7.6130619848084935,-6.895111084909206,-6.964253365031206
45.0,2,4.712606319589883,-8.63185141514808,-8.13654667707344,-8.244387568372607,-7.6210422896927135
50.0,2,0.8180028422551741,-9.561780719152512,-9.140795304192961,-8.88543641239335,-8.649574175690848
55.0,2,13.964054492221964,-10.2287254698187,-10.522401039926082,-9.462633764714033,-9.627584998113573
60.0,2,24.32902270772678,-11.501598528945452,-10.54481116060266,-11.194678152412198,-10.204016091754937
0.0,2,0.0298122024920656,-0.2,-0.1,0.0,0.1
5.0,2,0.09119444399289825,0.295224919109515,0.37114035993214456,0.4585982598207209,0.6406713131566786
10.0,2,0.18887732798863593,0.7064488749735375,0.9011572882607037,1.0485244314248208,1.0751391093790723
15.0,2,0.11156614490015904,1.2453511471298226,1.3200140807226621,1.4635095113080345,1.668029816896683
20.0,2,0.05743279338201783,1.6776349019431687,1.8483728297770285,1.9777896227129714,2.158742053643074
25.0,2,0.33644563447863146,2.1172259965526736,2.3382174894352703,2.5673262062188824,2.605404567888445
30.0,2,0.5975676797644217,2.69163799595697,2.7437360626925904,2.914910717830357,3.2435243356343975
35.0,2,0.44364985523331246,3.047451805217935,3.3603424674458973,3.5208699677342903,3.630779723735237
40.0,2,0.40030828940964513,3.6054827135481595,3.737385928908725,4.041975278188467,4.140234895507063
45.0,2,0.9165921862117051,4.150286847929209,4.231200385160331,4.357204707791421,4.752021727290472
50.0,2,1.4280902251225507,4.470216225827078,4.896368507362658,5.058729233485964,5.031034553514769
55.0,2,1.4075323074210768,5.214710488104716,5.101879273939876,5.4513224756565375,5.654071134508408
60.0,2,1.0630104699420708,5.597025927474641,5.846539849041795,5.805745758766639,6.138306688945486
0.0,2,0.2801350532572499,-0.2,-0.1,0.0,0.1
5.0,2,0.3346628916464981,-0.5848949666711698,-0.41760022136137315,-0.3641005922834024,-0.27113737726038994
10.0,2,0.33695855617286874,-0.8966752718748244,-0.8478057245653043,-0.7487770260034678,-0.582208292709067
15.0,2,0.239359870070523,-1.32509747954224,-1.1686263924993205,-1.0425102962751713,-0.9769653044122548
20.0,2,0.1574091814575507,-1.7084303944626513,-1.523211121359239,-1.4486790977024988,-1.270612016780942
25.0,2,0.16699934607564673,-2.051884364290699,-1.9793238914133902,-1.7790468639238914,-1.5784106682536814
30.0,2,0.2440113286646267,-2.539881854383706,-2.264266690642897,-2.052124726722037,-1.9701256737093626
35.0,2,0.387208908219297,-2.883826922806015,-2.6716633651978947,-2.5314662729130655,-2.177175542117388
40.0,2,0.46051852886932454,-3.276247453248469,-3.1193515751917156,-2.743359674035106,-2.5629065581354586
45.0,2,0.6406617363504271,-3.762044647114904,-3.3714905176270604,-3.0884111266714793,-2.9176521267736666
50.0,2,1.5962254181111732,-4.042493701678118,-3.818491151312407,-3.629066393675201,-3.0872803290977058
55.0,2,2.2481350480598863,-4.478991987634244,-4.23524820244378,-3.6617996952667986,-3.6390248479949667
60.0,2,1.084511014780753,-4.876861931676864,-4.456099099350363,-4.241225100125237,-3.878611759763633
0.0,2,0.007695845724608021,-0.2,-0.1,0.0,0.1
5.0,2,0.1253740242848572,-0.13153188649391057,0.030751510397492285,0.0579321268547895,0.16060764377736916
10.0,2,0.25629248343074407,0.028724270517627864,0.010014834679365583,0.160551942379333,0.23622774149515938
15.0,2,0.12267322763725085,0.054844201574588365,0.19026129959349147,0.22283548214744162,0.2853372002917175
20.0,2,0.2279463508463189,0.14805395822884534,0.2788326681289361,0.25955386099477096,0.3845970907904483
25.0,2,0.7817817520522965,0.304565639539796,0.21402367927116783,0.42902161763632357,0.44118603623147956
30.0,2,0.57089542318111,0.2575950775134107,0.4943279994185972,0.43658242076299353,0.518050869519527
35.0,2,0.2541726353378285,0.40376303629675864,0.4780131065302177,0.4771575211094266,0.6653820978138604
40.0,2,2.032205021546295,0.5164444759487723,0.39825548107417136,0.7633365966175426,0.6640386026455214
45.0,2,2.6299596378785477,0.4033390586724423,0.8154059471627593,0.6026402935188586,0.8384492514676828
50.0,2,0.4243882939621638,0.6369988185138439,0.6079474028490753,0.7534312219353073,0.9792165020592547
55.0,2,5.008378744160299,0.668536539415564,0.5794457447636395,1.1568305401611112,0.8905405155529108
60.0,2,11.911659227548656,0.5229478772003844,1.1793442120459996,0.6505277516852965,1.2602928934972761
0.0,2,0.08554515615799649,-0.2,-0.1,0.0,0.1
5.0,2,0.15750703749343303,0.22772352150828318,0.3744454347066859,0.43240058048836366,0.5449766484712087
10.0,2,0.2983234199323988,0.7303936625027678,0.7279042703268032,0.924608042605832,0.9761863949136806
15.0,2,0.13572801111225136,1.1324842561890953,1.2756380236355906,1.314565718364291,1.4159505573346485
20.0,2,0.10383874432148918,1.603777521904011,1.7187393102005473,1.741995819595651,1.8536720889979488
25.0,2,0.7583283989540381,2.1329537824180798,2.042438513692659,2.2770097302688614,2.2453288994930536
30.0,2,0.7299447610193557,2.4953818016690787,2.70227049995465,2.5808389935588494,2.698785815864603
35.0,2,0.05768392144665566,3.0339977939935574,3.046113725542108,3.049653280127897,3.1270584965581043
40.0,2,2.030169322322453,3.551195073777718,3.364671722021516,3.6481022475409115,3.472400438056022
45.0,2,3.8878322365695346,3.850819753456484,4.179054081480808,3.7793876477041146,4.0066541839292515
50.0,2,0.7769137358704437,4.481546635259574,4.306098950634489,4.4186415050671,4.389174760784045
55.0,2,3.943915497265884,4.923709285294103,4.6939341712638525,5.044323350605019,4.713041229756758
60.0,2,15.470649306318695,5.146031467943566,5.703305194124588,4.887328049537611,5.41788951048839
0.0,2,0.02025433575462563,-0.2,-0.1,0.0,0.1
5.0,2,0.025252348174925072,-0.6630997409533432,-0.5973205330743663,-0.5246888273457746,-0.40454051881650877
10.0,2,0.06832466340192951,-1.1619640919605654,-1.0696201964950078,-0.9769844408688608,-0.9707305110555592
15.0,2,0.06451736226499466,-1.6050372827400037,-1.5709100025418279,-1.5468179474911508,-1.446183627797005
20.0,2,0.0752616680960725,-2.091808155052257,-2.0462907221665425,-2.035624220157869,-1.9848753833833288
25.0,2,0.2398810718135862,-2.58018449903575,-2.5412582125895335,-2.4860259447975612,-2.540779444527155
30.0,2,0.36895461271857743,-3.0246067815683166,-3.0401299376053355,-3.099628267068574,-2.973532734897775
35.0,2,0.26976182900636564,-3.5638938497766315,-3.500825179077598,-3.51096969770035,-3.551858614775419
40.0,2,0.34853617143475135,-4.025015226978457,-4.057060758893308,-3.992922361531825,-4.042198614116399
45.0,2,0.6739686117928251,-4.528098274429037,-4.505730117048771,-4.628076716812905,-4.4449414734192745
50.0,2,0.5253368604530998,-5.10655804572266,-4.999994411077916,-4.9320338044310015,-5.057909940668408
55.0,2,0.4445042736078348,-5.524182650506861,-5.627235271326869,-5.49665046827105,-5.438077431985214
60.0,2,1.3407593946525527,-6.152616774998637,-5.945254904765497,-6.113909266622468,-5.86401449589339
0.0,2,0.1246191274837671,-0.2,-0.1,0.0,0.1
5.0,2,0.22892439009855906,0.2440794356420797,0.288653244636955,0.3868545897197046,0.4998404396172001
10.0,2,0.3812425721571492,0.5995045154306248,0.7840377861946943,0.7895529515113288,0.8657601660952421
15.0,2,0.33165999233671806,1.076283945529444,1.0917714895211506,1.195527537028392,1.2947001567688483
20.0,2,0.22534921545012965,1.4505740992046245,1.5241076708435113,1.6114564394229793,1.691572628992657
25.0,2,0.4903340606482636,1.7823704970884378,2.014120155081043,1.9933872408603597,2.1072606550498647
30.0,2,0.6039491893066943,2.279535602279393,2.2272727367835894,2.441911773783152,2.5678461448494896
35.0,2,0.13367347470867208,2.5465913357916787,2.759962219556675,2.873439108311853,2.956001303651309
40.0,2,0.5811941430882539,2.911069075492439,3.1896482403057864,3.1989032112372455,3.4558011498919465
45.0,2,1.8303895327515738,3.4128310966639988,3.321110753196534,3.7651682126987387,3.875739323984048
50.0,2,1.1116951888048088,3.5737835656211008,4.023351183036893,4.1200255676503925,4.277116779850776
55.0,2,1.3593155101753134,4.055494634023028,4.313592563291345,4.391573946942128,4.853043661518466
60.0,2,6.054265042202301,4.529881514987016,4.415145232713129,5.174661684716963,5.113444082973668
0.0,2,0.3454688825377382,-0.2,-0.1,0.0,0.1
5.0,2,0.4682431521678712,-0.06540691097061328,0.010678818209646772,0.05543621780537248,0.23673563942237394
10.0,2,0.5403003853834211,-0.019009913164610686,0.16721847333168421,0.25352484050861945,0.2731541282578527
15.0,2,0.41116766630067225,0.1517789164002995,0.188365743041579,0.30344854309979225,0.4687380908586452
20.0,2,0.25872888394111515,0.18640823585481178,0.3573673076644781,0.4124583817941776,0.593541132553638
25.0,2,0.31901465323607187,0.2296783919064316,0.44928634768065745,0.6349664260980552,0.6732876566487525
30.0,2,0.4883493450522072,0.4021115256538801,0.43452404810281425,0.6407788143857095,0.9472481986582769
35.0,2,0.5247444824197706,0.3150646141407679,0.703155187547247,0.8284860200357947,1.0154005295436634
40.0,2,0.4499614654998514,0.4572649615724566,0.6430423410143048,1.0234049417316895,1.1758378714158313
45.0,2,0.9334651721356053,0.5780378326916954,0.706935054883134,1.0060057095638877,1.446015283062356
50.0,2,2.409252021083804,0.4260677408226782,1.0608980385014313,1.2512265324209062,1.4362453329228717
55.0,2,2.853739136382445,0.779228727585183,0.7680785088123886,1.3814752776964736,1.6830988950406744
60.0,2,1.2847183470235357,0.7404078009031831,1.1142048344601374,1.3693034619652702,1.8254090762729855
0.0,2,0.004038934866818443,-0.2,-0.1,0.0,0.1
5.0,2,0.0163348846500143,-0.7897142179768438,-0.7126000400491367,-0.6355879832171419,-0.5144805383728133
10.0,2,0.04702737495825354,-1.4080764861845336,-1.3085126574333266,-1.209039871245195,-1.179136544368824
15.0,2,0.039023148743623656,-1.982042472088702,-1.928046552218072,-1.877435014103939,-1.7696243004371037
20.0,2,0.040703495374962116,-2.5935833262745978,-2.5221123993542856,-2.484769679599989,-2.4090657132349045
25.0,2,0.13590466284431763,-3.203359602083238,-3.138992897820382,-3.0540631131073175,-3.06549828506882
30.0,2,0.19269277073667362,-3.7783094823071233,-3.755478188246028,-3.758966194459378,-3.621542812683182
35.0,2,0.12209723232480701,-4.431382681155409,-4.334723503099439,-4.306557097740645,-4.294016175316207
40.0,2,0.19392453168107676,-5.014023290708505,-5.004431619541036,-4.898128299431531,-4.902479027246573
45.0,2,0.38039896684820834,-5.633514724989769,-5.575059168379314,-5.625706436447339,-5.437164686727148
50.0,2,0.27682421412169006,-6.313858444947637,-6.17737225647628,-6.090501232987645,-6.142095861748054
55.0,2,0.35117595571432497,-6.852213181545074,-6.910278319789233,-6.743217425073119,-6.670501649368123
60.0,2,0.9310378415563878,-7.571092998556387,-7.363759226706382,-7.467745398351676,-7.225995731777095
0.0,2,0.05412812668024427,-0.2,-0.1,0.0,0.1
5.0,2,0.11204638921019058,0.13843898199674898,0.23894712353617012,0.2900575801021551,0.4312418035664303
10.0,2,0.1491252452760284,0.4573284315348418,0.5599871205421932,0.670902345310531,0.7091530810154489
15.0,2,0.11255404796150469,0.8040888361718759,0.8749972641554465,0.9481524471518602,1.0688179201253545
20.0,2,0.14337759089446647,1.1026451652881215,1.2320359161872014,1.2633781325386908,1.3966827427920534
25.0,2,0.23324066501365154,1.4231409530212498,1.5082548794586137,1.6735019710901853,1.6885296424375589
30.0,2,0.13458274622213706,1.7510763432602783,1.8384018270240872,1.9046788391166756,2.0979559258081126
35.0,2,0.13639317690214786,2.0029004454878168,2.2114791970864607,2.272807796105091,2.403610985731324
40.0,2,0.5434361229614777,2.3614540085159583,2.40542939941042,2.6957581137613906,2.7268423919244746
45.0,2,0.49620769033981305,2.6363466240761575,2.821523018188701,2.8624229731486053,3.1678767874003215
50.0,2,0.29230057548573657,2.8785598472434057,3.167577135821968,3.312799873907674,3.427918035042235
55.0,2,1.7980467458017255,3.3147971650426764,3.262023458143478,3.720286853683033,3.7884329043476255
60.0,2,2.562749523237518,3.4831630721266356,3.882172003627108,3.7940304996971452,4.224860294967435
0.0,2,0.02494785391260428,-0.2,-0.1,0.0,0.1
5.0,2,0.08900038254749748,0.5939555954796454,0.6595216795160206,0.7841079691407402,0.9254514267291628
10.0,2,0.17366798402006006,1.3207111012958812,1.4947317970593417,1.628299166596496,1.682331276779414
15.0,2,0.1640638744407144,2.152807359382664,2.2336764309843824,2.3645312133431897,2.538095008886431
20.0,2,0.12181392836253985,2.9228160087530064,3.034109089499594,3.1883185965011225,3.306902988708505
25.0,2,0.21624046551673,3.6794221869140733,3.8674950823436762,4.005380074465936,4.062886010604124
30.0,2,0.3314516635777205,4.560071027411173,4.585944227137584,4.704474689690364,4.927730080954216
35.0,2,0.19325716934870815,5.289811371548933,5.450668849382249,5.592405362824723,5.608371112302989
40.0,2,0.02453821900360757,6.125501563825234,6.239660721992688,6.324493689582931,6.414637391523528
45.0,2,0.3196162641741984,7.0050689141459435,6.979817855415201,7.041811950592315,7.240631317636434
50.0,2,0.7165002146086746,7.700331013347127,7.890043191686915,7.9871225674977175,7.852869936123622
55.0,2,0.41439675640477514,8.63968368110171,8.599001338915022,8.585066817757593,8.769651541746615
60.0,2,0.13778574373594066,9.42348911108655,9.42368158273732,9.424898155504497,9.484371201058057
0.0,2,0.09946359331008028,-0.2,-0.1,0.0,0.1
5.0,2,0.07320293448161178,0.34269976578244765,0.4704811519669407,0.5831316328915541,0.6731165456625374
10.0,2,0.07352902755839483,0.9041410591694459,1.0259834623398287,1.1135214945257466,1.2952121765719415
15.0,2,0.04006701648599853,1.431755643491127,1.5773089179835829,1.7499520074276862,1.8492707200080458
20.0,2,0.005492924975416793,1.9746486059469786,2.1357682027807505,2.3049083812988966,2.4623911951872985
25.0,2,0.13418055924444866,2.517509212586118,2.701398960421131,2.8396114838748354,3.088625824635337
30.0,2,0.2909948264467458,3.0415186359975466,3.2352991030526104,3.522213636708436,3.6175432020623424
35.0,2,0.22179579414987755,3.606866383391473,3.7996728055231124,4.007194258704545,4.272270226505343
40.0,2,0.36598594866360223,4.1323614948812875,4.3973665147824015,4.574360618559695,4.851344142204572
45.0,2,0.891667130754161,4.7052448723514875,4.882620848168029,5.285691356173203,5.351304790038711
50.0,2,0.719131721188734,5.28946521149483,5.509272057482645,5.657079337731167,6.038474356326323
55.0,2,0.4099219433630636,5.808613188524887,6.12976681469576,6.308272917954341,6.517067138163463
60.0,2,1.8758959936860413,6.487334855814608,6.520835004331258,7.010523647748489,7.014455647747629
0.0,2,0.04895321615185287,-0.2,-0.1,0.0,0.1
5.0,2,0.06739622706593236,0.43509637068230117,0.5465108742847983,0.5947136210177156,0.712301919087718
10.0,2,0.14670063330176658,1.1012124138588686,1.122467139239244,1.2710435485877407,1.2825224684591952
15.0,2,0.05577524686987568,1.7284193318870824,1.8116423701802924,1.8175157582794519,1.9082908948707638
20.0,2,0.09082621992715052,2.3745170093758374,2.4485170842729693,2.4284314641078972,2.5030255825334367
25.0,2,0.5842164757747739,3.0585624180741715,2.9879447472074006,3.1389310430680055,3.0576757170130557
30.0,2,0.5887921428652417,3.651199570314841,3.750826920188267,3.6070007955548924,3.722709424377154
35.0,2,0.19313917671148562,4.305739247648356,4.328417635031917,4.287664479807136,4.298538133020321
40.0,2,1.5886272600295264,4.990671978648164,4.824491102753788,5.030978340714693,4.862840858463668
45.0,2,2.7320595508562433,5.50244052196679,5.717304194463822,5.37237051636157,5.605489832860724
50.0,2,0.47565134997643893,6.191476536540511,6.132599065354211,6.223712019372422,6.138440229458391
55.0,2,2.74448090163928,6.849590745535244,6.628016400662588,6.950232348415927,6.747011141184312
60.0,2,10.533937909065248,7.239032559548195,7.728069945767399,7.101251887627295,7.5951190279277885
0.0,2,0.11697973737836978,-0.2,-0.1,0.0,0.1
5.0,2,0.167867301050727,-0.2617232179846946,-0.13094598890224318,-0.028073215005811572,0.027809801343772457
10.0,2,0.252490507171707,-0.2773256168033457,-0.1979691840515721,-0.15425851517819664,0.043688074935160304
15.0,2,0.17742482891625638,-0.3713898300947166,-0.23868867142938796,-0.10490306096087525,-0.06381629916194434
20.0,2,0.055731964632097925,-0.42102776284871424,-0.30200170921146635,-0.18026036509637716,-0.06844064503934391
25.0,2,0.261759903809234,-0.47613966349456927,-0.3506548233848151,-0.2961993497590291,-0.041669266106477885
30.0,2,0.45410219716462863,-0.598176262148519,-0.41314474520815503,-0.16811223352251192,-0.1781624824146976
35.0,2,0.15209440647198358,-0.6157641220833673,-0.500596935760814,-0.34626876718494215,-0.08789851881375986
40.0,2,0.3533600460976297,-0.7418592444552284,-0.48826575596300115,-0.3953325081526553,-0.11800345582099897
45.0,2,1.3827047374479127,-0.8159858263667819,-0.6389885237308417,-0.21847879008061688,-0.2629404447626374
50.0,2,1.2066657891832715,-0.817364466507711,-0.6731272002383837,-0.5516304547413129,-0.08720408400247524
55.0,2,0.9188225100727048,-1.0161813753142583,-0.5934896879234427,-0.4563188994653224,-0.25626886333588755
60.0,2,3.6048753834284266,-0.9297536523696521,-0.9267633096589669,-0.3015375746567351,-0.35713690990261376
0.0,2,0.018400974507389707,-0.2,-0.1,0.0,0.1
5.0,2,0.12598801941820162,0.18390644269411738,0.20681173500626035,0.3606518378131126,0.4743549369237111
10.0,2,0.24443840547893758,0.45753480266698277,0.672700633409715,0.7249105556498152,0.7963039131478953
15.0,2,0.11307669124324696,0.8943613718665787,0.9267400401666331,1.0563131489057895,1.1997602963726173
20.0,2,0.12121083483648366,1.2383256345242777,1.2883586987432467,1.4587229161107063,1.5174925603705924
25.0,2,0.5364157594740233,1.522592787120321,1.7813257426854325,1.7612104734938145,1.863495758886456
30.0,2,0.528986693914917,2.0300030524683503,1.941318991883023,2.1176024260931556,2.2654252441787137
35.0,2,0.288508698004061,2.2923367804370716,2.4156284874550824,2.5612147786457586,2.5108946205225475
40.0,2,1.227298113865853,2.6401929833054716,2.8837250925868387,2.733562592146642,2.9483189514587593
45.0,2,1.77999241398886,3.1787105692077806,2.946401680673053,3.23511800572226,3.2712943163318497
50.0,2,0.9645836980974587,3.3367333063975715,3.5880171567228536,3.6346978254264286,3.4978012358252704
55.0,2,3.5697171205839107,3.796756493985954,3.9595519804372934,3.646975740410085,4.079690261975936
60.0,2,6.8384682819911164,4.292044215805158,3.9339325802518363,4.484901611439983,4.197821021749386
0.0,2,0.0400476936033667,-0.2,-0.1,0.0,0.1
5.0,2,0.09227265304932815,-1.372172583301855,-1.3124311571816043,-1.1757884041811562,-1.0883436416618706
10.0,2,0.18663986295556004,-2.6054702388953053,-2.4238229256274186,-2.402979637135324,-2.265198770994931
15.0,2,0.07836553685797401,-3.756260097070055,-3.6930439994293125,-3.5470037426439864,-3.449899519836114
20.0,2,0.07419108974671773,-4.961280681942804,-4.880333134973067,-4.718471247493175,-4.634858080896926
25.0,2,0.5158901228156328,-6.215119803537861,-5.96507791131032,-5.982894665048721,-5.780586551735578
30.0,2,0.46805792852695566,-7.332137307836414,-7.3256656071054715,-7.056622081628323,-6.977989721388803
35.0,2,0.03803338261597798,-8.590626397586368,-8.433576057526679,-8.26051381973503,-8.156434229437489
40.0,2,1.3976825185344157,-9.83633873258638,-9.510749483458989,-9.57980377452688,-9.262994300039843
45.0,2,2.537267368522932,-10.902096039026247,-11.000103291906242,-10.510166532090597,-10.526256213915543
50.0,2,0.42673686962295354,-12.236634571267945,-11.933710805149826,-11.850749221918916,-11.666263264928505
55.0,2,2.795068244965015,-13.426269475445874,-13.062167695255644,-13.197056654052849,-12.750599824837357
60.0,2,10.360591508930973,-14.429142055053044,-14.718261868532581,-13.884988997499486,-14.152436514833246
0.0,2,0.09272994636256165,-0.2,-0.1,0.0,0.1
5.0,2,0.16397063432304487,-1.2782951042922157,-1.2016165783100012,-1.1383128053998726,-0.9709073309601268
10.0,2,0.22946308131010598,-2.428154656770585,-2.262868259977343,-2.1544334221698147,-2.1328072990066893
15.0,2,0.14819585307483737,-3.473341064032904,-3.422032576125949,-3.317156053143793,-3.1548657635840036
20.0,2,0.08273667504965244,-4.621676884086936,-4.475619699682473,-4.407008819261745,-4.252221872817703
25.0,2,0.2247702716023822,-5.762289219100719,-5.584954776150024,-5.409711981819707,-5.38870311774056
30.0,2,0.3511539849912372,-6.797805676876126,-6.7619212316687785,-6.623635379917623,-6.351428625310669
35.0,2,0.2916480203219882,-8.035098227403703,-7.741508417804259,-7.633714759086775,-7.513601328440652
40.0,2,0.31930872717363257,-9.088636878617827,-8.968770053032031,-8.673380576087428,-8.582267043960258
45.0,2,0.6348584101950675,-10.170095801419514,-10.068486947200531,-9.916744075172279,-9.54685954686737
50.0,2,1.2205437016183385,-11.453775546798113,-11.004359510284678,-10.847360831998715,-10.785822300540199
55.0,2,1.623377783950286,-12.344682034191983,-12.405592468586867,-11.969486731252632,-11.760688774552467
60.0,2,1.0784529375471044,-13.575406305260199,-13.266148257166154,-13.204130463328688,-12.823896801791067
0.0,2,0.023303021211181208,-0.2,-0.1,0.0,0.1
5.0,2,0.05741585472890543,0.8699843556138458,0.9482884270025408,1.0323404701570555,1.184629259366291
10.0,2,0.10148059497207094,1.8798848865652336,2.039271996406387,2.1545455311353083,2.1967826101725345
15.0,2,0.05646460058696022,2.979447229392311,3.047058029537177,3.1605548103754937,3.3186674671142273
20.0,2,0.014003402746743464,4.000716227178178,4.134859946221714,4.232065667143322,4.373328208015692
25.0,2,0.12416031650676213,5.024002721853426,5.195843214750138,5.356002142232888,5.400364481862218
30.0,2,0.24080360658246014,6.141871293936064,6.188196969990692,6.321174193416519,6.560212615495122
35.0,2,0.16971254005741837,7.099738483470847,7.337456830562099,7.456623983468426,7.5528782874767915
40.0,2,0.12904649501045304,8.196895122397928,8.315426306195784,8.537267405173035,8.632351263351174
45.0,2,0.38448619120995353,9.287411836826953,9.36137825375213,9.487828240835054,9.780564277843535
50.0,2,0.7057069636231084,10.209775327886872,10.54898843777234,10.685374530541223,10.708286825196968
55.0,2,0.6687484225974275,11.433240880195843,11.400720479519928,11.683144361391884,11.870561912429515
60.0,2,0.387598136590104,12.409624663874085,12.615217816216324,12.667298166186066,12.930769499400467
0.0,2,0.28517873203509614,-0.2,-0.1,0.0,0.1
5.0,2,0.34944625661879664,0.32938689865797144,0.4116474036071246,0.46901000920642544,0.6470960939426551
10.0,2,0.37764247865400136,0.777875111279228,0.9667209570399218,1.0662862621876799,1.1033984803215273
15.0,2,0.25547344372490943,1.3412829335182166,1.3967666821201168,1.5303345730470175,1.703037027557204
20.0,2,0.13261468368668336,1.7819103445398836,1.9626123746535777,2.047058259578606,2.236980642884697
25.0,2,0.21295637101992257,2.2314914293093953,2.461435463783055,2.663970895686574,2.728804238291949
30.0,2,0.4098261623286086,2.8029986467806283,2.859870103859952,3.086749591446272,3.3932240903983626
35.0,2,0.48446540115803083,3.1398573100669958,3.5203104777176666,3.6712936035951667,3.8685214465196505
40.0,2,0.4409375803338905,3.6873579642461394,3.885037551591348,4.258708648976837,4.4260190784993965
45.0,2,0.869442977968545,4.221332633780142,4.355946168231947,4.659509602604864,5.077475244110983
50.0,2,2.0672351910666005,4.505977083667597,5.099822267995393,5.290717392436831,5.474887310042379
55.0,2,2.2877756051491627,5.252142487387012,5.2558528541395155,5.815986706021296,6.1045624120085495
60.0,2,0.9219937690602946,5.647445731106435,5.981406430489789,6.22395386783003,6.632878835544214
0.0,2,0.22690478582603005,-0.2,-0.1,0.0,0.1
5.0,2,0.13434902600802795,0.36424314551103526,0.4756820092920634,0.5793369102829047,0.7279635067922811
10.0,2,0.07150468370561058,0.8864057304084373,1.0793514095468275,1.19731635095494,1.3313776528463759
15.0,2,0.04269175896240646,1.466390279015429,1.5947163076295476,1.8033770904612403,1.9771930385286685
20.0,2,0.043163055926155325,1.983556982811953,2.1995349450669965,2.393127093781818,2.61268326585243
25.0,2,0.18174667939908087,2.5052421075460782,2.784538166135235,3.0155636197019966,3.2307839660081634
30.0,2,0.4755465155638364,3.1066540732121593,3.269549446502029,3.623694631261146,3.88345528029443
35.0,2,0.6231150652368953,3.590029072604842,3.946257629031593,4.204584667631828,4.4897076338797755
40.0,2,0.650677946381519,4.178654824025676,4.482509631233545,4.812285446736973,5.10435467303012
45.0,2,1.0681447150338594,4.81072960041651,4.977441527927655,5.430092284526477,5.706766734033841
50.0,2,1.330599980364873,5.286054322650671,5.759499484287725,5.956121211766542,6.270580700077787
55.0,2,0.6391224626118515,6.0047586025807576,6.19295998569929,6.561505773099873,6.860256929281059
60.0,2,0.8396320362498774,6.632677337364595,6.767864886732994,7.200942578934189,7.365222059507373
0.0,2,0.027742066040457473,-0.2,-0.1,0.0,0.1
5.0,2,0.1725917119339776,-0.8447247023428399,-0.7618885928433096,-0.7240603047426588,-0.5347956998762619
10.0,2,0.33094823329770523,-1.5521435542768542,-1.4169322205091484,-1.2642757488622165,-1.2975870759619312
15.0,2,0.15769386247506445,-2.162493780892563,-2.1147082092943195,-2.04859010522899,-1.8706158039993717
20.0,2,0.16367612677531823,-2.87436221886358,-2.727324769030398,-2.7087341143244306,-2.5514560970018993
25.0,2,0.7048919145310589,-3.554694769604973,-3.453775273423996,-3.218208040355634,-3.3006684156407795
30.0,2,0.7056833663592623,-4.166318713945938,-4.125189532479412,-4.109828935452806,-3.791478616952316
35.0,2,0.39409233325698817,-4.9642891947555725,-4.687678680435022,-4.63971444212717,-4.566602781317807
40.0,2,1.5832791939859683,-5.538353639350394,-5.565788201409796,-5.179224274529947,-5.240388283150577
45.0,2,2.302446459634556,-6.240866281550056,-6.071909588879746,-6.180054495835315,-5.696393331980722
50.0,2,1.3282970004396593,-7.063405325936777,-6.680705617236261,-6.519138359377431,-6.591443695500434
55.0,2,4.683095287946683,-7.467779917747396,-7.747067558788074,-7.171206159933309,-7.134108661387199
60.0,2,8.736699201484655,-8.40710962703542,-7.8660219841535,-8.268423274694129,-7.644076711778094
0.0,2,0.009590630244578395,-0.2,-0.1,0.0,0.1
5.0,2,0.08343839521471065,-1.1355442474958115,-1.0790708905191422,-0.9321310236023486,-0.8627738143736079
10.0,2,0.18987199567277901,-2.1231772605179233,-1.9543832518426756,-1.944936349444729,-1.7965430901764685
15.0,2,0.058173651199883186,-3.0414960885906677,-2.9789009654681355,-2.843259089050703,-2.7649037848631886
20.0,2,0.11757955760457336,-3.9959102336758874,-3.940873672388042,-3.778786122794873,-3.7225098751048424
25.0,2,0.6605070624025876,-5.0067728007801495,-4.776112017432456,-4.836588267504914,-4.628126794237042
30.0,2,0.4843774818040941,-5.890742592870112,-5.895236073315434,-5.650103553357297,-5.621037636402649
35.0,2,0.051466100541446506,-6.886191394741786,-6.789669134116763,-6.631333360877566,-6.559445942200277
40.0,2,1.9029173018672747,-7.9094108347915695,-7.591528818314316,-7.744509502685315,-7.430710652136066
45.0,2,2.915712551401487,-8.733439435004207,-8.866763695110505,-8.395124694602094,-8.490351959201307
50.0,2,0.19463495872062006,-9.805465484354311,-9.58891322386382,-9.53114601600535,-9.369675035685553
55.0,2,4.083084946155908,-10.808633034540145,-10.406773741868927,-10.664736351681317,-10.224576607809446
60.0,2,12.940997173924465,-11.540919330740152,-11.914886434523964,-11.047272934668053,-11.411161011958628
0.0,2,0.00647595465611037,-0.2,-0.1,0.0,0.1
5.0,2,0.11455693999280636,-0.6931829118471573,-0.5573665959371602,-0.44539461311350037,-0.42525353075246114
10.0,2,0.27800422976825423,-1.1022497498009336,-1.0761356999542437,-1.0366440890124289,-0.8273657645329572
15.0,2,0.1762708468130751,-1.6437182910625878,-1.50331410154021,-1.4077324717218598,-1.4088280906261619
20.0,2,0.06692142478442131,-2.0863403979082022,-2.018157704390148,-1.9186724538243742,-1.861620050478355
25.0,2,0.4385900529163652,-2.536257897585753,-2.498614175634904,-2.504036109423923,-2.267080075606774
30.0,2,0.7214725943577845,-3.1164778161708133,-2.928200288754589,-2.784739311281401,-2.8977684936948194
35.0,2,0.33553662108723065,-3.4861589407896707,-3.5164476592074303,-3.418333758891245,-3.2274432026635385
40.0,2,0.4297302312006047,-4.055296867691652,-3.8839724348389026,-3.919148138727296,-3.7111637719443085
45.0,2,1.4167726858838905,-4.585366494369647,-4.4230484894612365,-4.151317604348476,-4.331046276673133
50.0,2,1.58757588157961,-4.91855252757421,-5.013182448486868,-4.940074244052242,-4.540167296389446
55.0,2,1.5867057678501155,-5.654739477774408,-5.224127702585705,-5.270522698617571,-5.183784289175323
60.0,2,3.0344152340204076,-5.980150489041885,-6.038017753518069,-5.543921838718399,-5.692281738524834
0.0,2,0.030180417562573298,-0.2,-0.1,0.0,0.1
5.0,2,0.09197013001870272,1.038250955045441,1.0919543596686776,1.1823747063552719,1.2922367277103208
10.0,2,0.1820341780913195,2.2117907300984214,2.3585390288121033,2.3907394944653886,2.448564244183518
15.0,2,0.1887541297194522,3.47534516006328,3.4993594667915597,3.5735176232456936,3.6662279962386264
20.0,2,0.16783375084032517,4.663890991293475,4.72359787553538,4.783333826312414,4.848444301977577
25.0,2,0.2826325965633,5.823484765148573,5.981678313348891,5.978745149839198,6.040175515561915
30.0,2,0.3415796221386051,7.097592512058528,7.061974985023016,7.179335283479424,7.289997712117319
35.0,2,0.1462596344779725,8.203046018759462,8.351294286118433,8.419253969516676,8.460122967063471
40.0,2,0.1915027127506961,9.385398025203866,9.556597489873068,9.571568433373468,9.724970041787389
45.0,2,0.5887995697746521,10.64481989642508,10.594147569110696,10.844498496450354,10.95988477703139
50.0,2,0.48331695781826356,11.669737297611496,11.980551912906469,12.06357700233083,12.1343012749484
55.0,2,0.48099618131668875,12.931447769455373,13.081648210130922,13.161371189068438,13.478517067922358
60.0,2,1.7008566110637493,14.141659439393782,14.126748320591593,14.580185753396053,14.609207471975324
0.0,2,0.1530556430085743,-0.2,-0.1,0.0,0.1
5.0,2,0.34480870235950045,-0.5092158207404225,-0.4769806949316418,-0.3143103020412974,-0.2516717001038445
10.0,2,0.6807284096825165,-0.9139516276552293,-0.684377605550834,-0.7437299401119589,-0.5622978623163787
15.0,2,0.32000199264486573,-1.193623327078507,-1.159758798903093,-0.9871045142902928,-0.9160489131797076
20.0,2,0.30647888289161335,-1.5558813846457988,-1.501604668864996,-1.3042150805291581,-1.247012937228838
25.0,2,1.8131053434084798,-2.0071726909980563,-1.6570453897212485,-1.797207799651085,-1.4994667087156046
30.0,2,1.5937069794386012,-2.236904286972633,-2.2979633848926166,-1.8981691119956328,-1.8800343230423382
35.0,2,0.06415878790227578,-2.68768117423475,-2.5107768507438935,-2.292781157121846,-2.174010442619967
40.0,2,4.85487763886405,-3.1481469004920255,-2.6374265501555443,-2.8664697680302544,-2.365384923859857
45.0,2,8.852804315205862,-3.2824765444608452,-3.527951918243115,-2.7018022958318397,-2.857375901819108
50.0,2,1.3272920240494364,-3.8674824564450945,-3.42939719666647,-3.3665046445421463,-3.0584008805184038
55.0,2,9.654103656143699,-4.2566456462041415,-3.6260090776381984,-3.956163712903123,-3.2351452592438545
60.0,2,36.62592542218108,-4.246875288883178,-4.858449905198471,-3.366513508267191,-3.954303511457669
0.0,2,0.3006280402662786,-0.2,-0.1,0.0,0.1
5.0,2,0.43160119804860275,0.47491790884101465,0.6345441084426248,0.657563202269956,0.7702522141927551
10.0,2,0.46065841945435665,1.211421118259935,1.2481942444754728,1.3519221839686728,1.4630173207886128
15.0,2,0.37250911513741314,1.8492945540664276,1.9753675901060228,2.059256533952881,2.1279136231136806
20.0,2,0.4055150609944462,2.5074620061353086,2.6829391126290822,2.6938739068581548,2.8648347093627873
25.0,2,0.4074278410075343,3.216502960487528,3.245533131649225,3.45722327743825,3.567127799156627
30.0,2,0.1433184317719558,3.782823603598768,4.022295049079582,4.150667405755202,4.267878544044392
35.0,2,0.3730127125999631,4.45149385369569,4.678429338279409,4.757168059066268,5.073850785182969
40.0,2,1.082168504369017,5.129242925774416,5.20131635452483,5.640355685517639,5.727304504153795
45.0,2,0.7174496379108801,5.654683270407009,6.066186276986163,6.220957794797219,6.4936695615265
50.0,2,1.0644335539047012,6.376567549315118,6.6460502757492135,6.840003532494347,7.3101529799044975
55.0,2,4.322542529436337,7.042251452099037,7.148681470020406,7.876110640430359,7.843008208659643
60.0,2,4.159062501195803,7.57454281191477,8.16846460914145,8.173559454033954,8.730762329865676
0.0,2,0.3501417891756108,-0.2,-0.1,0.0,0.1
5.0,2,0.2424052786560613,0.8941356273975186,1.006577986801858,1.1105297919708295,1.246199045890976
10.0,2,0.16343282178220844,1.9499344536698835,2.1430849184217937,2.23274667864233,2.3891188533883554
15.0,2,0.08991492565800212,3.0541775468160233,3.179492903757753,3.3924646170456287,3.5461922885641557
20.0,2,0.007101106293294638,4.098134824452232,4.31028640542946,4.503481050870189,4.717867527492908
25.0,2,0.15890209119838083,5.139584868737817,5.433396833458858,5.6302196563078395,5.884010901801474
30.0,2,0.5189460677692567,6.258952808696185,6.423130189312836,6.818946874948178,7.043624839409941
35.0,2,0.5862691346805755,7.266172644175189,7.628115266247757,7.895139053200201,8.212670200805237
40.0,2,0.7725784620315018,8.35570843558788,8.714102630844495,9.01934772505179,9.370380825005482
45.0,2,1.7409123645295146,9.517940275772746,9.678754084802483,10.245396486748872,10.474891221226766
50.0,2,1.8141956717547125,10.50869354552193,11.019740927608071,11.217121354263323,11.628868693218664
55.0,2,0.8026613619117806,11.716460547723582,12.009090434662975,12.372319194889615,12.733996795396934
60.0,2,2.7919717459768663,12.915571731750731,12.995779382325054,13.639790140279489,13.738168170379083
0.0,2,0.00015328227308936896,-0.2,-0.1,0.0,0.1
5.0,2,0.05205711152189566,-0.055672223938507674,0.04045684974046434,0.16050544501437863,0.19786974932993415
10.0,2,0.12758881568953404,0.117598948092507,0.18578937488068695,0.21084533343230008,0.37208598388704806
15.0,2,0.07741752398632962,0.24154098769561538,0.33461718332779,0.4160645690170478,0.4372567203983645
20.0,2,0.10392652115496298,0.411095801032999,0.44754784070299664,0.5415989775205541,0.5723966613285386
25.0,2,0.36851430378248384,0.5532751905574828,0.6298849997312717,0.5773877151452181,0.7552511952973849
30.0,2,0.36993716328649795,0.6645029912758471,0.7452755821285362,0.8607380627141306,0.7884422847591063
35.0,2,0.18960799722303331,0.8565915476948368,0.833328420102909,0.9115497408979776,1.0006490323281865
40.0,2,0.7715520795986441,0.9187252422383753,1.091525178132837,0.9718022018137741,1.1632259389852269
45.0,2,1.160111686550291,1.0678099243315204,1.0889432278966595,1.3421584071813828,1.189526821906968
50.0,2,0.4268907309311914,1.2455779413521253,1.2214398457265112,1.2687431480305267,1.495837266353696
55.0,2,1.8198444573717256,1.2055850232241687,1.5682260208902874,1.4064994270397704,1.5944475504549531
60.0,2,4.424253561094944,1.4890051154104014,1.3242563665193363,1.857688368525904,1.6469679912999098
0.0,2,0.2617510608376284,-0.2,-0.1,0.0,0.1
5.0,2,0.211970354142241,-0.7736057495094532,-0.6717989630563109,-0.5465915584758356,-0.44594722457583347
10.0,2,0.22769042042032647,-1.3791728326393966,-1.1937552953635875,-1.145108534590601,-0.9578503286413081
15.0,2,0.11740305108328968,-1.948216750453956,-1.8307392254232955,-1.6254650325631717,-1.5094094784119128
20.0,2,0.010651578962853611,-2.5566907966323877,-2.3889924936508358,-2.1868385718952648,-2.019252120291303
25.0,2,0.3873001328414881,-3.1895222915790784,-2.8976458880773324,-2.7982143233588466,-2.5043349750719934
30.0,2,0.6555076282632117,-3.7402356435231603,-3.6065177881615047,-3.2057987412801743,-3.0751088007398666
35.0,2,0.30522975731664553,-4.375573140154095,-4.096132050067421,-3.8377815305777285,-3.556117748522936
40.0,2,1.2178432776491386,-4.998436248906538,-4.596431416064715,-4.455526769334648,-4.053153530633714
45.0,2,2.940345917757501,-5.480500459593954,-5.4058295915298356,-4.763197477713582,-4.691963931719636
50.0,2,1.4809165690869222,-6.147932589717691,-5.724260491261503,-5.567941856005883,-5.1393000191894185
55.0,2,1.5545364272690168,-6.704573482570495,-6.2721019188058635,-6.134859467604916,-5.7058435828107275
60.0,2,8.736328562495846,-7.079390438093281,-7.209490371594628,-6.317715909295806,-6.448725228425767
0.0,2,0.33070040685773494,-0.2,-0.1,0.0,0.1
5.0,2,0.4015378625129815,-1.0002088929667747,-0.9402219664781017,-0.8642740202816405,-0.6869099216187593
10.0,2,0.4842211875503071,-1.9151408546550397,-1.6849703161458276,-1.613714892839309,-1.5694035390503716
15.0,2,0.33421431203481405,-2.6673236322868767,-2.631096922742731,-2.478116132281261,-2.2983077167249246
20.0,2,0.08804461602207238,-3.5717629078523125,-3.401636457054329,-3.287240171130703,-3.105819669343699
25.0,2,0.2751491652640895,-4.489562563449483,-4.191293182491908,-4.036621416236217,-3.940596844548652
30.0,2,0.7319842238059326,-5.213239245861119,-5.208667119064677,-4.919047214306242,-4.608735228839447
35.0,2,0.554297665014528,-6.248433449616724,-5.844844768229774,-5.6635902852997395,-5.484435106270381
40.0,2,0.2631450273996859,-7.055509150063016,-6.770496299165455,-6.4773632490338695,-6.229549712499498
45.0,2,1.5452210992890945,-7.797021110676349,-7.7654919625376735,-7.320314261692627,-6.941705877200381
50.0,2,2.9274744705375064,-8.920772316729291,-8.243481492676366,-8.063686000233597,-7.888208203812978
55.0,2,1.612963264064714,-9.495193301326546,-9.407383169561594,-8.97096463837512,-8.53422170553421
60.0,2,1.3621560347863622,-10.363957084110963,-10.206445030033203,-9.689155808261733,-9.439819693736686
0.0,2,0.006390652458532842,-0.2,-0.1,0.0,0.1
5.0,2,0.026555830298692677,-1.1610269526828745,-1.064597322328408,-0.9940556809731524,-0.8873847449322402
10.0,2,0.050651017552215113,-2.1238341652733426,-2.0428448629208624,-1.9561116143519124,-1.8913387592872297
15.0,2,0.06652035000815715,-3.085513519080631,-3.0131746132212824,-2.9536862802407993,-2.8688196902072916
20.0,2,0.09133253836229188,-4.0615576132150615,-3.9753912423828432,-3.939230869516976,-3.85207907855181
25.0,2,0.11518682146550227,-5.030157381094123,-4.973073347906233,-4.885765347581178,-4.846327428001813
30.0,2,0.08963546873253632,-6.010427167685321,-5.9369061785964705,-5.897626017477729,-5.797428841740524
35.0,2,0.07167427002971946,-7.009719463155529,-6.9037322809311465,-6.861203119803585,-6.774798042526444
40.0,2,0.127593090616112,-7.980110840295415,-7.93399494337658,-7.792641016841645,-7.7497708068197175
45.0,2,0.09405775291392524,-8.993432197392224,-8.867809987318031,-8.82912271644169,-8.673217407098079
50.0,2,0.015716023271382273,-10.002999348465144,-9.858164006615153,-9.755267589523678,-9.654216064562679
55.0,2,0.29348044991995503,-10.962131799585972,-10.92235258513421,-10.681725682467148,-10.611501642895902
60.0,2,0.5122852422269806,-12.019188049561054,-11.78312569825369,-11.763268389544226,-11.519194273640972
0.0,2,0.0786138559115524,-0.2,-0.1,0.0,0.1
5.0,2,0.08568551494465552,-0.3146706019419263,-0.22452419732752169,-0.1319390608438218,-0.01662779065685865
10.0,2,0.09336725698214157,-0.4613767027210878,-0.31964488630770094,-0.24819329334672402,-0.14630841916473877
15.0,2,0.07408270721949584,-0.5658466227510264,-0.4852039159894261,-0.36183002966338906,-0.2504043839065274
20.0,2,0.029651939781396335,-0.7155605776622378,-0.5919690150785895,-0.48476497023279896,-0.3587520401068601
25.0,2,0.04262477389621704,-0.8736823906171057,-0.6976546471747529,-0.6000695255322188,-0.46740169052651964
30.0,2,0.09286856510392612,-0.9742444240050036,-0.8970069758194086,-0.6990522472503172,-0.5562662575459852
35.0,2,0.04755724832067793,-1.1657786605477702,-0.9600818967901692,-0.8230253744163243,-0.6654456236365726
40.0,2,0.07261087021441355,-1.3028266575534495,-1.0994822871823389,-0.9475766761893295,-0.7522075852358457
45.0,2,0.35659945892602996,-1.39859772820294,-1.3169208788056184,-1.0152122608049456,-0.8591239891175829
50.0,2,0.4089682617559581,-1.6220961432933927,-1.307076889270417,-1.177938718407969,-0.9705047567294438
55.0,2,0.21148506715268106,-1.6942149825074264,-1.516367568098335,-1.3037259181028786,-1.0510696897627552
60.0,2,0.8333301536410175,-1.7968927706088555,-1.7143557272723977,-1.3220574036533084,-1.2198339077069984
0.0,2,0.08153239531372014,-0.2,-0.1,0.0,0.1
5.0,2,0.06559744061611296,1.1433869121066453,1.2533488522268252,1.3527430377934793,1.4584773917778762
10.0,2,0.052863309053677934,2.4810508758627163,2.609732827842675,2.6948763110173903,2.830252373086886
15.0,2,0.03300715103725611,3.8221872757718938,3.935201142181439,4.079318847489493,4.187161316271667
20.0,2,0.002702995042980232,5.148148070853643,5.29172542969408,5.424390347635443,5.567560927436178
25.0,2,0.02611818308762614,6.472966720400901,6.644796992797503,6.771451355525889,6.950565900799944
30.0,2,0.09211424427332446,7.812947113399846,7.94998293951908,8.179391574753389,8.305415535756794
35.0,2,0.08587424615062149,9.129406297254532,9.328799468791576,9.495005487173312,9.702482104114525
40.0,2,0.14075617990088807,10.45889539348168,10.676495689890515,10.854659179891275,11.073599287975311
45.0,2,0.3957030467417205,11.820378126182705,11.95940301472966,12.282650252788839,12.409174351442378
50.0,2,0.39138628961250554,13.13307959013719,13.395377585329078,13.535366457512284,13.81573830606987
55.0,2,0.18519023618317407,14.493668544494204,14.717020558343672,14.933022283098785,15.143806747016662
60.0,2,0.8086056355890794,15.893893686635518,15.981638332707108,16.367752449213835,16.452189858301516
0.0,2,0.2935039224095982,-0.2,-0.1,0.0,0.1
5.0,2,0.3468263465581528,-0.027659604437694066,0.044037986286920995,0.13495616511822614,0.2556434588717764
10.0,2,0.42067595333888175,0.07589966698856923,0.26092563878173364,0.2848383852243566,0.3922923206838093
15.0,2,0.34360379952316894,0.2697598614735587,0.3202118948961846,0.4602917700214725,0.5706704911264712
20.0,2,0.15901040109608813,0.37226078893564446,0.4998069189047143,0.6117921940953271,0.7440521214212272
25.0,2,0.2872388827923174,0.4481703465503485,0.7031154885429122,0.7565349777701333,0.9270692163327319
30.0,2,0.46874703833439585,0.6521694318625939,0.6814800214098337,0.9756506832365007,1.132567898526427
35.0,2,0.12817924620280727,0.6657782142553531,0.9527918503399673,1.1184670685372948,1.3118089077419597
40.0,2,0.4313914756771647,0.77445839189369,1.0974214169723175,1.2382535441422855,1.5456906937054915
45.0,2,1.8543794349777465,0.9936921360031873,1.0127379802510743,1.5462328264115344,1.7101391098872085
50.0,2,1.5697034965424956,0.9302513979880425,1.4487189358427146,1.5908919293745005,1.8999177951869184
55.0,2,1.01595429527643,1.1599610537836522,1.4588351213688204,1.7067268800366793,2.1512350090422045
60.0,2,5.297291456165272,1.3802823671166597,1.3682525569926771,2.154453176851941,2.18074796910928
0.0,2,0.052437409287336735,-0.2,-0.1,0.0,0.1
5.0,2,0.1250983780597461,-0.5876446045229439,-0.46518810702565133,-0.35841813902539477,-0.3150817620779312
10.0,2,0.23742072426119126,-0.9267022726660877,-0.8607662302441423,-0.8282071873785096,-0.636989535015107
15.0,2,0.17178255653729418,-1.3472372410265911,-1.2261542594888823,-1.114952788744444,-1.0906535486958686
20.0,2,0.08611894644030614,-1.714397625216774,-1.6273480659704138,-1.5215106837675527,-1.4420740756529744
25.0,2,0.3387926222990669,-2.0936527108548644,-1.9968725097163058,-1.9871223342238131,-1.7540155084646574
30.0,2,0.4843530202889781,-2.5424115888912233,-2.3859132855628977,-2.1900399227310503,-2.239630878726381
35.0,2,0.1470626338669535,-2.8752366686303885,-2.8198393375463686,-2.6979664559293055,-2.4912858264573865
40.0,2,0.43406237077568977,-3.3392629838406305,-3.1161699039520765,-3.1016979684654347,-2.8535300449572207
45.0,2,1.3479837876533247,-3.742875825764273,-3.6082482712351642,-3.2432710934509927,-3.3425983234168264
50.0,2,0.9906037701029565,-4.066142632203498,-3.997458112903018,-3.9033328416846205,-3.4963925397280518
55.0,2,1.1569094785581453,-4.627785462496248,-4.207192102338996,-4.170035161259799,-3.9846460130760795
60.0,2,3.9685219137143593,-4.86684847411962,-4.916855611002482,-4.3101922639125165,-4.422095002788411
0.0,2,0.0040755141495158655,-0.2,-0.1,0.0,0.1
5.0,2,0.0287059078571269,-0.04611922418812249,0.08172487928178189,0.16646325367468645,0.2276031429900953
10.0,2,0.07660380736253598,0.17316834388105495,0.19334968829164634,0.28351145215194196,0.40931461919224194
15.0,2,0.0577994311902811,0.2945384127179785,0.4141803232523474,0.47112574214178615,0.5091716771632243
20.0,2,0.03216091601563438,0.4851646488052386,0.556896904746439,0.6056563440492511,0.6709703094328425
25.0,2,0.1437841173985596,0.6897054731041825,0.6750822074622372,0.7416311214508966,0.8419414567748885
30.0,2,0.26669311735511714,0.7731275634655993,0.9302077323289499,0.9456827982211641,0.9290142165349276
35.0,2,0.17222350575050202,1.0138632536470782,1.0010455151599706,1.0390350648927413,1.15376052860928
40.0,2,0.09629002623440719,1.1489379513254123,1.1680666908176522,1.2400515263887772,1.280320245535642
45.0,2,0.3603716312430297,1.2262767830528853,1.4195697261432823,1.4125752491229981,1.4086267075067418
50.0,2,0.5530608554481979,1.5073245147840317,1.4124358729716384,1.493336849246465,1.6836232805822093
55.0,2,0.29972589201593636,1.5299584829628292,1.675063335126441,1.7872803725802857,1.7340903786732298
60.0,2,0.2723239985051067,1.6735129522465741,1.8589600990047204,1.8451635361158907,1.978428033734039
0.0,2,0.00566780641442766,-0.2,-0.1,0.0,0.1
5.0,2,0.15802254985253256,0.485361577070699,0.6634127138109537,0.6853571832019889,0.8100916894420567
10.0,2,0.3223595107480254,1.269108151707247,1.2524743315492064,1.4495371084648254,1.517326735330107
15.0,2,0.07882442564577699,1.9125374252217635,2.073569704130055,2.125374843491591,2.2211875177336946
20.0,2,0.24448014323515663,2.6250280759933036,2.7966091835988576,2.794402210970686,2.960853183539948
25.0,2,1.1358057708093348,3.419548346266709,3.329256983177924,3.6353677532541098,3.636942734929732
30.0,2,0.7442847978101815,3.991568605327106,4.2783297255938,4.223778390790825,4.371662259442455
35.0,2,0.24677596293517456,4.770791279326845,4.89002406570591,4.913784411642122,5.134962388004993
40.0,2,3.379226409099892,5.546431075589624,5.392680721009712,5.875763347810187,5.738910163796098
45.0,2,4.412053559830272,6.0441010315821755,6.534008868387463,6.24382285606128,6.576075715700436
50.0,2,0.38526190174966396,6.938803790099614,6.916001541015818,7.091144160963981,7.296282143177776
55.0,2,8.109731022658138,7.6536772301331455,7.462285350352742,8.160190513112955,7.810301705184248
60.0,2,20.449411386190647,8.085078872138986,8.875787384257983,8.110406373899595,8.859405332012267
0.0,2,0.01226753516524844,-0.2,-0.1,0.0,0.1
5.0,2,0.1889334148990554,-0.30207305218956065,-0.2907228046353721,-0.11112907719904003,-0.0535891658555434
10.0,2,0.37117249644809547,-0.502299226504129,-0.29687904163462153,-0.32406588088542276,-0.19178405073486282
15.0,2,0.07114147325931493,-0.5643277873312789,-0.5444796164023549,-0.4200423023021815,-0.343692593602743
20.0,2,0.31238585712372746,-0.690918306541573,-0.69873722412986,-0.5185131641874051,-0.5218877046592493
25.0,2,1.4127608626876018,-0.9108317109376218,-0.6400681442834779,-0.8139239345189949,-0.6227467096575204
30.0,2,0.876491574253701,-0.9053889465404038,-1.029050292595749,-0.8036485988970546,-0.8069967612439481
35.0,2,0.33181745046712524,-1.104487387449137,-1.0754325456017286,-0.9317078426345743,-0.9909709234712275
40.0,2,4.340421731207508,-1.3271738259604253,-0.9742544637400786,-1.3484826939194579,-1.010201815416185
45.0,2,5.452253860134079,-1.2467874109626988,-1.5883761538125822,-1.088727717617664,-1.2937356165226233
50.0,2,0.332363586210093,-1.5776280327833823,-1.3933463943943718,-1.3954886583993082,-1.4086779132179599
55.0,2,10.353626421457259,-1.7641546205916312,-1.3224155375679385,-1.9125671363911463,-1.3335178041237974
60.0,2,25.65365355327282,-1.5984814234459515,-2.267135152764432,-1.1960165135635095,-1.8285361087801963
0.0,2,0.08673665940557296,-0.2,-0.1,0.0,0.1
5.0,2,0.10515104674527842,-0.9912538535322061,-0.8685281544607949,-0.7830939158243277,-0.6969874927737195
10.0,2,0.12064067340984799,-1.7564661948702363,-1.6704647144550486,-1.5983908334857513,-1.4544050903710684
15.0,2,0.10151346437369498,-2.5668158827891356,-2.451203178233386,-2.3361946694543696,-2.26537651929625
20.0,2,0.05151797445125358,-3.3617989120389984,-3.2357084350356144,-3.1422566417380384,-3.019689677551504
25.0,2,0.053539902003872604,-4.150870144545356,-4.041209557816215,-3.939997104804726,-3.76724027578885
30.0,2,0.10627076213201539,-4.986028777033014,-4.827329153522227,-4.64456880622619,-4.581253762764758
35.0,2,0.06693627931434543,-5.772231448308239,-5.624739190864152,-5.499792097463982,-5.282281179500837
40.0,2,0.03609521760839951,-6.5940102538650605,-6.417313421310107,-6.247942957520225,-6.059640700032855
45.0,2,0.2929389864734648,-7.415796798799539,-7.227240505831512,-6.948004058815027,-6.867729385873257
50.0,2,0.4923308844159646,-8.190284053721147,-8.004583238909063,-7.87301154246617,-7.530755330813957
55.0,2,0.26950892991959297,-9.034749310317773,-8.783736850716853,-8.531081993387202,-8.388929428079456
60.0,2,0.5333102039615363,-9.788144004679458,-9.638835794554009,-9.286021090985415,-9.165360108873486
0.0,2,0.042410389557825084,-0.2,-0.1,0.0,0.1
5.0,2,0.05336089168860518,0.3931272385203334,0.47997421685293573,0.5758225227175777,0.6839011539740578
10.0,2,0.06792430853945247,0.9574562073254806,1.0907051124063203,1.158929496448662,1.2585594479493372
15.0,2,0.05734619570375383,1.5599022143075638,1.6369894251337613,1.7492624559950845,1.8523213007582913
20.0,2,0.029554435167718697,2.124686094144765,2.2317844596695413,2.332844347876084,2.441985626569217
25.0,2,0.05034864820732286,2.6781454776925564,2.8369303309071072,2.9134239247364944,3.035625926988329
30.0,2,0.07627953911760585,3.2847108484268905,3.350392682948645,3.5204309882809217,3.641416272732885
35.0,2,0.01884550723875081,3.8120959785471493,3.982159503434107,4.103026674103028,4.232493768369923
40.0,2,0.06262147477527864,4.378698787666902,4.562608995405872,4.672055913324488,4.849237360121831
45.0,2,0.2796609057709905,4.989461664242652,5.050987770159676,5.315334783080567,5.4396419711010475
50.0,2,0.23596635824028514,5.483964061735129,5.747750998470364,5.8617596367943055,6.034776623649078
55.0,2,0.15874235324001537,6.099074242419159,6.273033244621683,6.425946800578825,6.663022165094135
60.0,2,0.8156600262921113,6.706684315282295,6.760398559857088,7.128247480656873,7.198571228982468
0.0,2,0.012281429442918358,-0.2,-0.1,0.0,0.1
5.0,2,0.026225522175114764,0.7153740991439387,0.839223494156304,0.9446194871932626,1.0190859163536494
10.0,2,0.05097969812310372,1.667289988211045,1.7465312051280824,1.8326744203890997,1.9901103799660955
15.0,2,0.029694479077288914,2.5615359045934625,2.693360479108146,2.8142978895121984,2.885714717327692
20.0,2,0.0011608543213577462,3.495154025866277,3.609409528402743,3.729572283877052,3.8390761492425813
25.0,2,0.06538537950475225,4.430992909555366,4.529428148155565,4.623785089722254,4.8073088368026
30.0,2,0.13457201473103203,5.310283844782534,5.477898521757537,5.641325960121086,5.68030965442176
35.0,2,0.06627583008490731,6.278525129920303,6.3675324594179985,6.499316157861642,6.6827472307301
40.0,2,0.06242200831843692,7.173286225648865,7.331608194983186,7.433778537984582,7.607751016160553
45.0,2,0.28320065184095555,8.080267088001985,8.242755744902745,8.462619391127676,8.47908474759192
50.0,2,0.34752692894642856,9.073064470141535,9.13782533112269,9.248128174894596,9.524011992312804
55.0,2,0.22076166052952703,9.911820245405595,10.16091235660811,10.263155692475944,10.36544467082924
60.0,2,0.48336811559447435,10.910020316728927,10.9734131181599,11.25572098869724,11.280481538579926
0.0,2,0.22828797537629958,-0.2,-0.1,0.0,0.1
5.0,2,0.25242186124233806,-1.2393922816150886,-1.1330102033999803,-1.071157536319873,-0.9327011424348112
10.0,2,0.2307554963838221,-2.305457891708261,-2.1696258762886145,-2.081241481980214,-1.9961970775623847
15.0,2,0.182863190661799,-3.3382920473746127,-3.2534009171604046,-3.130608292766684,-3.006482234007544
20.0,2,0.1277625952133014,-4.429887730185444,-4.2663412075791145,-4.1877242179491665,-4.021091499365321
25.0,2,0.05670612837101077,-5.508435663678693,-5.341051024899424,-5.171969323035507,-5.059849807235212
30.0,2,0.0643166476536212,-6.555225631442488,-6.438938376656877,-6.23161812961876,-6.031784844900517
35.0,2,0.2027955893876019,-7.699030807227481,-7.411071227383278,-7.2751786592907175,-7.048547452486964
40.0,2,0.24207100016304328,-8.741031649272873,-8.558479195934364,-8.241482943824767,-8.069095521126242
45.0,2,0.3114488802772133,-9.807453928359225,-9.61673434560502,-9.323862075491736,-9.038300124472142
50.0,2,0.9226492632226713,-10.969164444346003,-10.543148351523977,-10.369595117604657,-10.08070372422328
55.0,2,1.2563908957115868,-11.912925419380139,-11.80185754657107,-11.315253289498179,-11.10883654601848
60.0,2,0.5997882368590178,-13.026152825364,-12.721901823177141,-12.448211014169338,-12.118868302527238
0.0,2,0.22969139309907877,-0.2,-0.1,0.0,0.1
5.0,2,0.4087503297164643,-0.2607753484086128,-0.1470994979054954,-0.13598115864287952,0.017967912470950614
10.0,2,0.4989672370285674,-0.33175145629624625,-0.2485656428933643,-0.14543742540050564,-0.1260216603819655
15.0,2,0.4367013723192932,-0.39221596624119476,-0.33232779075905805,-0.28113647027615984,-0.17198405018172072
20.0,2,0.5456918162714028,-0.5130837978954123,-0.3632171684426303,-0.39049656451535253,-0.23675483909079642
25.0,2,0.6512244552348514,-0.5938791613825428,-0.5380405597736307,-0.34198361568283436,-0.35553712559125766
30.0,2,0.26008037219105584,-0.702173739241164,-0.5935383252768704,-0.5365770742761768,-0.3230394161221435
35.0,2,0.3823651220976638,-0.8879600369369036,-0.6165943264930837,-0.585511365966237,-0.3911509180062482
40.0,2,1.444224860413478,-0.9331007603265143,-0.9121079669414975,-0.4850626842828566,-0.4768333283377179
45.0,2,1.000077048555006,-1.1250236526114523,-0.8381673736732271,-0.7878721308171951,-0.3819296752728216
50.0,2,0.6738893026710895,-1.3161007468736141,-0.9119576216689708,-0.7313944370589744,-0.49942811925921143
55.0,2,5.0864361523487505,-1.2647611021667098,-1.3475595487123146,-0.6046860360789709,-0.5677623303888006
60.0,2,6.443328930498643,-1.5928140001238913,-0.9714603981952691,-1.099621009576881,-0.44676170193677933
0.0,2,0.08963625487419438,-0.2,-0.1,0.0,0.1
5.0,2,0.11193800289454317,-1.1188748282183167,-0.9827443140148493,-0.890408999345393,-0.834117981379338
10.0,2,0.16789780029388732,-1.9510137558209564,-1.956846194941219,-1.8325102754986426,-1.711922019654981
15.0,2,0.09844083586648805,-2.907421105298501,-2.7682317928666524,-2.722155532425109,-2.6806299382834125
20.0,2,0.00181983908853246,-3.763025524775404,-3.7005311370128346,-3.6479200241129934,-3.5931078059303134
25.0,2,0.19456272006894318,-4.595796083474739,-4.661687449431823,-4.572460924506642,-4.500786157376213
30.0,2,0.4314579078504867,-5.5886412421494125,-5.408780297254366,-5.465676539930555,-5.493778658412999
35.0,2,0.24006646474618115,-6.361065908113932,-6.443352945090855,-6.42448788319792,-6.354116124302484
40.0,2,0.27402002264709857,-7.2690003904187845,-7.334468280769284,-7.282767625575546,-7.3229326868994535
45.0,2,1.062840684611736,-8.27221296744328,-8.059802353421068,-8.239814226198963,-8.26348555955768
50.0,2,1.1973663983870833,-8.976213812153064,-9.232482531719407,-9.168913718429115,-9.083851167277222
55.0,2,0.6777970451310804,-10.035993483692726,-9.979740465541195,-9.94539184327732,-10.126481560025375
60.0,2,1.9224460602355804,-10.97974784953709,-10.766815344929757,-11.058832208331284,-10.908358072696345
0.0,2,0.006818243981436986,-0.2,-0.1,0.0,0.1
5.0,2,0.003403044868127943,-0.9600046506156642,-0.8580363161821198,-0.7560461921158211,-0.6398196619056632
10.0,2,0.0031894521230216117,-1.732772272131141,-1.607812817990022,-1.4948055359428145,-1.3924230155745667
15.0,2,0.004597100035626814,-2.486580645512135,-2.3784875940127885,-2.2510933110760347,-2.1255589118568623
20.0,2,0.009678840213689926,-3.2575942332456447,-3.1272022892485825,-3.001297315372109,-2.8695334454107755
25.0,2,0.022277122754362357,-4.026042715740821,-3.8826224239656897,-3.7398609530204596,-3.6210080113694194
30.0,2,0.03842059234918642,-4.771446711826738,-4.65703430666421,-4.503255774915015,-4.351704131509779
35.0,2,0.04551969570623635,-5.5503476744808395,-5.387106165770476,-5.247936364834437,-5.1119575406492235
40.0,2,0.04201245386360143,-6.295493755795399,-6.157900036185785,-5.995467884827239,-5.862392889745851
45.0,2,0.048515562352708416,-7.035809042640166,-6.920733738101569,-6.762927390606213,-6.605691216025603
50.0,2,0.06368955741781951,-7.814915186019315,-7.631372806413957,-7.507682848343889,-7.38509736741567
55.0,2,0.04150796451421908,-8.52274477409656,-8.430190273327215,-8.267490255537796,-8.132549726050547
60.0,2,0.005541000791269207,-9.275986094502395,-9.157623384187756,-9.031394627850725,-8.901877743290537
0.0,2,0.2933134775143966,-0.2,-0.1,0.0,0.1
5.0,2,0.403391446677365,0.3910002263648962,0.5615777226410594,0.640836192927486,0.6877436500770375
10.0,2,0.5443270427604892,1.0785294704219925,1.1157617118520795,1.1674843132422528,1.4005400885046384
15.0,2,0.39903307828465245,1.6100026736795183,1.7790479531994836,1.9183284647206158,1.9360942844318498
20.0,2,0.12507970093870618,2.225078740212176,2.38222490148131,2.486040458385528,2.6312870679629627
25.0,2,0.3632384825294124,2.859217442816331,2.9437727833425904,3.0525778815095497,3.3502208523840156
30.0,2,0.833931532809973,3.3283987184669948,3.615840565339408,3.8886984573759906,3.8540090108806297
35.0,2,0.4848402474207608,4.010124985584348,4.151611017165606,4.314208299076719,4.692160242246842
40.0,2,0.19242958634016316,4.539246261589655,4.789256822386578,5.01577751699803,5.304981735109747
45.0,2,1.7392436658460744,5.0553214267216395,5.397023129269105,5.8510304210575645,5.8270451510462165
50.0,2,2.94915639128405,5.797945210645169,5.940415620028447,6.101015136414267,6.77220195301721
55.0,2,1.4843523033034158,6.20893901907185,6.684554510053483,7.0456333016324235,7.1536088813578615
60.0,2,2.1700095521189207,6.935353364776101,7.121133333043689,7.7141869014348226,7.803219904871507
0.0,2,0.022029278201574895,-0.2,-0.1,0.0,0.1
5.0,2,0.15965833618411193,-0.42894184028928395,-0.2714822297325832,-0.16268704432901684,-0.14536318348072028
10.0,2,0.3699688776642793,-0.549141997259874,-0.5365536387586352,-0.48286862156226634,-0.24838433808243163
15.0,2,0.22765963024840047,-0.838628492479648,-0.6698263179717839,-0.5571745530149336,-0.5597935300284521
20.0,2,0.03402049036106145,-1.006902148458142,-0.9111646863888379,-0.7990419667259306,-0.7167883897535232
25.0,2,0.4800098063120085,-1.1706080832737187,-1.1392165368409297,-1.1026985090438899,-0.8298483599995162
30.0,2,0.9439367661045122,-1.509056619330901,-1.2587233613830497,-1.0841892385134744,-1.1988765677622655
35.0,2,0.44905925671979,-1.5798492686485084,-1.592903635159214,-1.4707311679736128,-1.2158360130399908
40.0,2,0.27247258626282944,-1.8742723403930046,-1.693939194055611,-1.662163992313867,-1.4374188558904821
45.0,2,1.6335163515487243,-2.1546895156915693,-1.9125621353804165,-1.6183845205204923,-1.7906325088921502
50.0,2,2.371397966967895,-2.1614446016466915,-2.2683087896452627,-2.1736181562431267,-1.6813714307812173
55.0,2,1.5781359031463595,-2.6439609497447356,-2.1862165202890282,-2.1520979547425787,-2.1109418513717064
60.0,2,2.302641296389387,-2.6890775796846293,-2.6824363398412365,-2.213595409147519,-2.3165822453064693
0.0,2,0.049892518026890306,-0.2,-0.1,0.0,0.1
5.0,2,0.17928472888964594,-0.05010893092237677,-0.053521873601128554,0.10866425823457164,0.18350394833140335
10.0,2,0.30356828128856067,-0.014828413423946791,0.18282399063645416,0.16766741089535755,0.2414118159770588
15.0,2,0.07847860880107901,0.18623068354655042,0.17611769075169897,0.25882711907353206,0.3444367127555988
20.0,2,0.259561166288446,0.3012408371720383,0.271092826217515,0.4022172372103236,0.37959870756996217
25.0,2,1.0457559021155443,0.3284002792910105,0.5558701690718197,0.38288929306167185,0.4755272687878133
30.0,2,0.772955408530848,0.5961492687383514,0.4206506896179064,0.5430466874067772,0.5713777664917724
35.0,2,0.5476794245256689,0.6150975848316755,0.6263866822584707,0.7083065249192838,0.5699710222878712
40.0,2,3.0869982365142286,0.6613041849439794,0.9154704946532559,0.5510790726928749,0.7804454640496635
45.0,2,3.6032036545222192,0.9659800701864373,0.6034331216704899,0.9292903572426539,0.7981330692826776
50.0,2,0.8646534318902772,0.8410595689479403,1.0124013640523666,0.9975591877096202,0.8343538997148386
55.0,2,7.779985307700736,0.9497404555995308,1.232668770261435,0.6879742464329989,1.203527950173298
60.0,2,15.905517219567727,1.2553090243932363,0.6934005959839732,1.5072153327427824,1.0065238713898153
0.0,2,0.05655826152102131,-0.2,-0.1,0.0,0.1
5.0,2,0.040722107902937975,-0.7790157030517344,-0.6906296706015226,-0.5553658066113886,-0.4429842860400958
10.0,2,0.0724931374960057,-1.4033191575961328,-1.2153584277863199,-1.1336393843044859,-0.9836739629225347
15.0,2,0.04257353441460057,-1.9649106531398772,-1.8534934635325904,-1.663175984539124,-1.5224062977025983
20.0,2,0.05799581136252885,-2.5701194600254507,-2.421077036931604,-2.21606832060276,-2.0647170476591032
25.0,2,0.31638984011848936,-3.1993835095175576,-2.9308799140055113,-2.8184362358467108,-2.5912776721538373
30.0,2,0.4219960212238998,-3.725068394384668,-3.6260047046913617,-3.3092329887078007,-3.1476667100444984
35.0,2,0.24570935172562536,-4.355536497811389,-4.124127981286249,-3.8909156107245075,-3.705388174310929
40.0,2,0.7721911380003209,-4.949702084538809,-4.633621521647634,-4.534558004115537,-4.226082120135808
45.0,2,1.4279106928441505,-5.420979124323532,-5.39744491360532,-4.9440114965629816,-4.84952366225065
50.0,2,0.5067840308679643,-6.083017149327178,-5.760168388996796,-5.628515968260635,-5.408253156462609
55.0,2,1.000679295175066,-6.601363793055275,-6.318069104993038,-6.291572234172927,-5.936944997130646
60.0,2,4.472627524931534,-7.024362470109623,-7.160676670365685,-6.556681952282178,-6.674224502899009
0.0,2,0.0007759458943680218,-0.2,-0.1,0.0,0.1
5.0,2,0.07236032534443103,-0.5384438300835699,-0.5055201694843044,-0.36808025851531534,-0.28340324631835345
10.0,2,0.16330716132377365,-0.9564831577576561,-0.7831720798428491,-0.7713013767250444,-0.6799383944775446
15.0,2,0.06210343103563344,-1.2616888934689043,-1.236352207413981,-1.1384727105289736,-1.0498287017927914
20.0,2,0.1266512586036879,-1.632487560794496,-1.6080117941138439,-1.4853730727296663,-1.4559175899681929
25.0,2,0.5493608374323427,-2.062797673666458,-1.856452921194244,-1.9375794584499637,-1.820407468697105
30.0,2,0.4381952145350506,-2.326689199589827,-2.404470581555777,-2.24927457097858,-2.192250674285122
35.0,2,0.18044682421991387,-2.7698028598339546,-2.6937369882883595,-2.5908512323547472,-2.61374145033375
40.0,2,1.4587741562163794,-3.187731065627713,-2.944989255087284,-3.1285998953495184,-2.902259819147824
45.0,2,2.013227971734652,-3.4229481296753246,-3.619535553193256,-3.2864944310467767,-3.330049425698475
50.0,2,0.35152871303680255,-3.967329955953615,-3.7516211477927714,-3.714987937806422,-3.720536002462507
55.0,2,3.4264774236405384,-4.331495615338798,-4.06323244273983,-4.338653678112742,-3.9165408122254686
60.0,2,8.726735302028697,-4.555206705591697,-4.892759729678907,-4.200168597865543,-4.497235019682224
0.0,2,0.1756375499065493,-0.2,-0.1,0.0,0.1
5.0,2,0.27706135847521485,0.7435027948399978,0.9163879275227786,0.9362600988423305,1.096123067760092
10.0,2,0.28294972517201905,1.7411767413262405,1.7947831606331501,1.9871808499467185,2.0614070260242987
15.0,2,0.051163122978260214,2.659865546052386,2.817537057438569,2.9288384613680742,3.070580602036569
20.0,2,0.3037357008302,3.5868046024144347,3.82116129554007,3.8640129797697473,4.0971166781365245
25.0,2,0.8575450294712119,4.5921536310217,4.627327889592984,4.992138020089405,5.049749904121885
30.0,2,0.32935720542296687,5.455231521721661,5.7447126045737065,5.849068895462142,6.104630312033621
35.0,2,0.5268396429966213,6.404384386408655,6.699350866545254,6.8111580931333915,7.1310238766689515
40.0,2,3.2673535298002925,7.441015094713424,7.427546744778227,8.039485311193207,8.030143961036575
45.0,2,2.914519415434195,8.242254013894161,8.737295790742673,8.69718969794376,9.153725498106022
50.0,2,0.48806664580863257,9.280740187548576,9.550589567128215,9.782943581660588,10.108465553314339
55.0,2,8.821143561362918,10.362027880725218,10.226926759668594,11.099935437904989,10.926122700318059
60.0,2,15.027633223637718,11.075051500750618,11.871517327652267,11.387219619873653,12.173498219305444
0.0,2,0.0041218805766292475,-0.2,-0.1,0.0,0.1
5.0,2,0.06494949277810214,-0.9859048592906734,-0.8144915780906511,-0.7327843306049296,-0.6479027177672524
10.0,2,0.15285872217367652,-1.6763508913970209,-1.6531508556288845,-1.4964412891611487,-1.3362239353199503
15.0,2,0.0856805859697685,-2.506716006408103,-2.3191146289645514,-2.1995856384598578,-2.117834183428007
20.0,2,0.061340587718799855,-3.245798769571633,-3.0819038622654578,-2.976100063495294,-2.820531247681611
25.0,2,0.31942876785506624,-3.9394231977005743,-3.9266725988550992,-3.700584600722116,-3.5387370314896853
30.0,2,0.443323995171807,-4.811948422871941,-4.51792345060087,-4.412629709708399,-4.343999331339723
35.0,2,0.2657608455112447,-5.459065594375808,-5.37059688574412,-5.2459226668913415,-4.991999253263122
40.0,2,0.5103010595847273,-6.201895931947339,-6.1653579377959575,-5.872687865344427,-5.808726150940107
45.0,2,0.9634355200959975,-7.068272663201217,-6.69877282240925,-6.688167657600641,-6.574538228570244
50.0,2,0.8833441052929901,-7.614481009182062,-7.66985652589145,-7.52053178640757,-7.205965536053796
55.0,2,1.5237399209278344,-8.458196967952071,-8.35361189951255,-8.01372883268484,-8.166380643138895
60.0,2,2.5742980719884043,-9.246273834209436,-8.873804638180939,-9.078849451615989,-8.774073905035351
0.0,2,0.044447299223327026,-0.2,-0.1,0.0,0.1
5.0,2,0.09586971000841175,-0.07910145498853156,0.01076785543983723,0.09143654442019747,0.23978172421098368
10.0,2,0.1833569468181109,0.016319892711492662,0.12110546751452393,0.2880755861382828,0.30026839180067133
15.0,2,0.10851952259858443,0.15840801411340935,0.2433702956561946,0.3151913844038523,0.4716843130739977
20.0,2,0.05648873201191344,0.26732647264759946,0.37750738807208006,0.4454486711649018,0.5612561444453523
25.0,2,0.3416563826286252,0.3976114674288627,0.45772242812474817,0.6498671878690535,0.6092222619897565
30.0,2,0.4091035617680938,0.5507438308487848,0.6195873867916168,0.592908694245296,0.8140681026092278
35.0,2,0.07992453886207547,0.6392107389576145,0.7611878297900201,0.8148135228339235,0.8249805919958756
40.0,2,0.7038542807752441,0.8337224807601268,0.7755692836152893,0.9852355140855519,0.9085500741989581
45.0,2,1.6115638788361824,0.9331013026845939,1.0522080228000574,0.8443176760736154,1.1363350201841742
50.0,2,0.6769227071503986,1.027938481442715,1.1157636700527185,1.2236582270570047,1.061486312272531
55.0,2,1.5231097284261361,1.2888679080700645,1.0663628431011791,1.2925858132353572,1.2439147955009178
60.0,2,5.712511920658995,1.2357920955706503,1.5646829932022563,1.0897522102359831,1.4643887299812015
0.0,2,0.0039011150360807496,-0.2,-0.1,0.0,0.1
5.0,2,0.022715202569523328,-0.9322033441388204,-0.8378530043701026,-0.7579322830992029,-0.626914003343718
10.0,2,0.05281942950940491,-1.6805619718759175,-1.5796274053900126,-1.4462445700857405,-1.40337132255202
15.0,2,0.02209183597299776,-2.4008621752700967,-2.31607177076516,-2.2387092229762127,-2.109064735844051
20.0,2,0.016332145724102767,-3.146767830200966,-3.0391425914841705,-2.9724267760553924,-2.861273342066879
25.0,2,0.13368959359754995,-3.878102566543255,-3.804713823583053,-3.6509527178294743,-3.640744066803484
30.0,2,0.1435887071469225,-4.597577296492982,-4.51868702359742,-4.493776550361519,-4.319374939259192
35.0,2,0.03884921754928101,-5.3635128805252235,-5.2358578284264645,-5.171245539163306,-5.113702196547959
40.0,2,0.3148969951000751,-6.0571742385880825,-6.050255509542404,-5.863544606477504,-5.86824672500683
45.0,2,0.5843338449795565,-6.815034682335513,-6.691082815928266,-6.76019179999253,-6.5278144163103
50.0,2,0.2008860965202003,-7.58071865957334,-7.45343383360452,-7.3426976181972305,-7.372176238143356
55.0,2,0.7171289417595792,-8.2281371355339,-8.318539594774718,-8.087927177470473,-8.069325076691245
60.0,2,2.198606159216505,-9.083035131379633,-8.81044847169225,-9.033309986914942,-8.732038029435266
0.0,2,0.029419549269154296,-0.2,-0.1,0.0,0.1
5.0,2,0.07233968131306984,1.1446919353147937,1.2024494077641126,1.3153645288897846,1.4183934503571998
10.0,2,0.14068593827625653,2.4258333192916246,2.5909555892284013,2.6257859435109583,2.7192237926208014
15.0,2,0.09624138609632638,3.7950358017624133,3.8410693356968406,3.952590482329692,4.054002347188751
20.0,2,0.06775084753756622,5.098555447233412,5.173536339422523,5.286084292059844,5.3654212105877255
25.0,2,0.2650486018550636,6.365846547240403,6.56897557771828,6.572274841550196,6.697399645120545
30.0,2,0.29179650931658935,7.7585037021210415,7.747702225381599,7.936035016234388,8.043154990218289
35.0,2,0.052015209270525026,8.994701235638184,9.152247807278838,9.274180936225722,9.345165277138511
40.0,2,0.5098926539882942,10.283164759942853,10.521233491427566,10.509537538870427,10.733258788366195
45.0,2,1.1262983732948901,11.691461460405666,11.624564411016074,11.97254967821886,12.039518351292346
50.0,2,0.41701501962546367,12.852653308935908,13.157640056077994,13.243629217885191,13.355070640359674
55.0,2,1.1008904750554758,14.213776629715861,14.445938877304007,14.431717081613666,14.798459956951069
60.0,2,4.168403453061658,15.618987513680766,15.487501745559474,16.080186280656438,15.984116328013796
0.0,2,0.00882666649594898,-0.2,-0.1,0.0,0.1
5.0,2,0.08731070378422522,0.2069645652034136,0.35695540225092215,0.4440775889689898,0.48879414634213886
10.0,2,0.20191773233624005,0.7069068784031827,0.7172062918861736,0.7962378935134383,0.9732323417281363
15.0,2,0.14041021158099468,1.0643519545421165,1.212886690461526,1.2966892809353447,1.3164471823574075
20.0,2,0.039838751597358904,1.51763273454334,1.613784297249613,1.684863862613243,1.7708859166556612
25.0,2,0.24095717046827697,1.988137904827893,1.9878674089043582,2.063416288475046,2.2445369116200315
30.0,2,0.4992817317042634,2.295048835264142,2.516788618776335,2.610693828166338,2.558218934385999
35.0,2,0.2719688609701351,2.823282883532264,2.829878319199952,2.9082466849759214,3.1161340316501307
40.0,2,0.011492012577237958,3.195403088199066,3.2832293174381,3.3872556680548542,3.5084455484317347
45.0,2,0.6125265525901911,3.5209429834402677,3.77987053903491,3.911337875987689,3.8589739264264242
50.0,2,1.2895348988305373,4.10959088945197,4.028880375578916,4.130042877828337,4.499402884795484
55.0,2,0.6364896440121443,4.335280240986046,4.61548096285401,4.77335037572149,4.740597150858665
60.0,2,0.09143726618409204,4.802888674852486,4.9736319905842645,5.1482962150558205,5.236683552693053
0.0,2,0.015955343883982658,-0.2,-0.1,0.0,0.1
5.0,2,0.03634077642843505,0.06765994252243532,0.15371957353964757,0.22385266203007992,0.3559245095707309
10.0,2,0.08329867098481923,0.31547780833578776,0.4039994493304556,0.5335859275392568,0.5492501901202863
15.0,2,0.0380700728289384,0.5977099277513305,0.6633041603619403,0.7102886334917146,0.8321673413837031
20.0,2,0.029635299262240133,0.8492460218247571,0.9340496347440969,0.9660500890261673,1.055281005056566
25.0,2,0.2353762347640205,1.1159287877454478,1.1548498952534456,1.2876821210011884,1.2473226343144121
30.0,2,0.28398752189342136,1.3944918054266908,1.4413246463270135,1.4022199289522554,1.568903745271457
35.0,2,0.1074803711792835,1.615570588824668,1.7137379367304801,1.7342997855345685,1.7444885025506507
40.0,2,0.5397889284272612,1.919808857690714,1.873049184813366,2.0388686892965393,1.9775267695027017
45.0,2,1.041072496885136,2.1406782068645236,2.2471511930446306,2.09002583142251,2.3325549576346365
50.0,2,0.396193103157508,2.353914353192056,2.4539749376863624,2.5501646343381195,2.453512951412718
55.0,2,1.0615983581956925,2.703384855076557,2.5528338087885385,2.7851366017737944,2.771368298653308
60.0,2,3.61110559124305,2.795296430746923,3.106750951018997,2.782191516329076,3.1296413538600674
0.0,2,0.030231633277665305,-0.2,-0.1,0.0,0.1
5.0,2,0.10287689500393768,-0.20469175535212716,-0.060242356326124825,0.034123196524567974,0.154782324080521
10.0,2,0.2150631710964398,-0.1608551956960772,-0.09697006674571516,0.10210629512681552,0.20366178516864084
15.0,2,0.21028263862552737,-0.1800661521165592,-0.01053714309226393,0.11104498939288159,0.2514725325964397
20.0,2,0.23439993883939658,-0.1501181722816321,0.011402115085578028,0.13768525470288454,0.2969164382005008
25.0,2,0.4814522742719579,-0.07813231658423156,-0.037836756816773294,0.22726956081478458,0.308556557220372
30.0,2,0.4357157136441373,-0.10477918374042035,0.12539838445913942,0.1774998663110668,0.345709386531181
35.0,2,0.12020043038165908,-0.009299843038753735,0.09372431501127428,0.21743127059385545,0.36594411992141884
40.0,2,0.7769419802239134,0.07773481882406383,0.05383893541244423,0.33827687959292213,0.3219206375852214
45.0,2,1.4081415569033502,0.03911605279442471,0.3211305449546046,0.17191419861955184,0.3835818839729049
50.0,2,0.24811506102987574,0.21682236488602064,0.1657191581079572,0.30328358524491505,0.3538889810293951
55.0,2,1.477251165259628,0.2749384688065493,0.18019338063859835,0.43701061421328025,0.27154303453666395
60.0,2,5.8278318894849175,0.2083574822440442,0.5689681480535939,0.08416585992250628,0.42616541690177867
0.0,2,0.00540140990108951,-0.2,-0.1,0.0,0.1
5.0,2,0.06503006644480529,-1.2297243577114183,-1.1295585454356056,-1.0626816087283937,-0.9067991374293484
10.0,2,0.15212691386185334,-2.2795805711989776,-2.176811571270397,-2.007840209305646,-1.9932949468345182
15.0,2,0.06316643363407139,-3.292338418202311,-3.20225227417671,-3.1249709203783587,-2.966729335156933
20.0,2,0.06711036219288785,-4.342336502106311,-4.2095475596998675,-4.150660271999252,-4.012510263413646
25.0,2,0.4151597026235679,-5.36185065946986,-5.298257423165373,-5.075650862844377,-5.108059301044243
30.0,2,0.3918841575531983,-6.373871949586566,-6.278550494378594,-6.280304833558663,-6.039854618304796
35.0,2,0.09705467739602927,-7.447547284124335,-7.279698985366854,-7.217706679581641,-7.156392596060547
40.0,2,1.025191458248782,-8.400883111610089,-8.447787234993843,-8.158438466981474,-8.22300038085278
45.0,2,1.7364274276177711,-9.47251969667487,-9.295729336317681,-9.466082964558876,-9.124540846191511
50.0,2,0.4495541888353805,-10.532762672381397,-10.378628777457038,-10.24608903055695,-10.330156012652385
55.0,2,2.3607440839810354,-11.407649374811461,-11.626345644485074,-11.264670231244326,-11.317734891811774
60.0,2,6.989022905905259,-12.634785041288296,-12.214168551640434,-12.6802068913123,-12.21600330741664
0.0,2,0.058080734795286595,-0.2,-0.1,0.0,0.1
5.0,2,0.08846490004829029,-0.42582297960631316,-0.32733861173293033,-0.19175641307088068,-0.1365685886686954
10.0,2,0.09978688070069228,-0.6258226049327776,-0.5483701627796975,-0.4673950729078314,-0.32138534553732323
15.0,2,0.05666304848435467,-0.8633587057946048,-0.7472075314146404,-0.6485410950206587,-0.5853524470065367
20.0,2,0.0651337160347565,-1.0496982876714713,-0.9962306264603731,-0.8646595593976419,-0.8153578987857608
25.0,2,0.12971257543261153,-1.2547028344804014,-1.178470387645896,-1.1625467942168366,-1.0117129490509291
30.0,2,0.09383938822710933,-1.4850230337230539,-1.3857364952450055,-1.3023346402858624,-1.3158253892189637
35.0,2,0.13039121436878345,-1.6288870846605732,-1.6624707766698306,-1.5641253345286037,-1.5149229556926918
40.0,2,0.391190194071225,-1.8823355837938147,-1.7690663466907228,-1.8637408219002984,-1.7367499922456766
45.0,2,0.3733718816322339,-2.0759996847046716,-2.0515655414529563,-1.9511111214381889,-2.0547029901135105
50.0,2,0.3747330834911074,-2.2119330390622394,-2.323385340871994,-2.2765987107462693,-2.2029488401076343
55.0,2,1.3526521893731225,-2.5554761603537037,-2.330770621463258,-2.5530507752504072,-2.4570549667995936
60.0,2,1.553318210928169,-2.65617735316726,-2.798473558944039,-2.5735105752413823,-2.7496776295930774
0.0,2,0.30247475228324067,-0.2,-0.1,0.0,0.1
5.0,2,0.3446074570611655,0.5306642857465413,0.6206657737884862,0.7536420733231282,0.8235508487427436
10.0,2,0.486608305257719,1.230725277612624,1.4093535607970222,1.403261663283255,1.6137054615088786
15.0,2,0.2791188719255386,1.960497392064987,2.05765116342513,2.247422521193896,2.319997868118625
20.0,2,0.10488262054033379,2.6582951281150575,2.7843093781491843,2.973703247124345,3.0977841730149174
25.0,2,0.830291121857239,3.311261456317172,3.603478071911566,3.600519172802263,3.9273562069733563
30.0,2,1.0108732037548174,4.054370927277985,4.149068451133259,4.562668883159688,4.605029628034309
35.0,2,0.11913560321485223,4.718710248321042,4.945402102754364,5.185218984973969,5.4503295351567775
40.0,2,2.230307528401422,5.344202390185408,5.8008303859808,5.8100776371159215,6.27307343952489
45.0,2,5.245323322138764,6.172412726019952,6.174733858603156,6.9333262009745615,6.876234048810277
50.0,2,1.794505809849524,6.779574286336611,7.186975201356885,7.312689340883905,7.805990987431469
55.0,2,3.7697338021705704,7.4351073213695145,8.01808834093342,8.01865334754688,8.541903787759958
60.0,2,18.733524660708582,8.430755727084195,8.139502476989856,9.339494668483558,9.032522906653021
0.0,2,0.10725988432625333,-0.2,-0.1,0.0,0.1
5.0,2,0.2081591468168131,-0.08939471341546465,0.07210665551142101,0.11203128631982218,0.20474047779075563
10.0,2,0.27583494221460114,0.10235472376297665,0.11645113145309559,0.22856858580114608,0.3515929713958521
15.0,2,0.2026168679086907,0.1694772722670851,0.3085768689614903,0.3827237293719019,0.4376732480191255
20.0,2,0.22057409691283827,0.29147825969523533,0.4405507742838345,0.4617262354957501,0.6041795553513053
25.0,2,0.3682505879722484,0.4610096324651242,0.4518105681108901,0.6376330814805674,0.7469652489760645
30.0,2,0.2716347942232036,0.46002640018087215,0.7049314732748962,0.783113346672708,0.8488310171106764
35.0,2,0.2683622967642974,0.6237481032440997,0.7596675459245493,0.8227576575207676,1.090212636756245
40.0,2,0.7918473658197417,0.7402986592398716,0.7698662087603967,1.1171677663198976,1.1685370153319954
45.0,2,0.7996104599890149,0.7085262812992159,1.0949494009797116,1.1544350280235496,1.3374426455561568
50.0,2,0.777085581190486,0.9406768791511865,1.0441804248775994,1.2061873201837725,1.6037924378526125
55.0,2,2.883378849769347,0.9905526232126127,1.0953563705479539,1.6540549314077275,1.5543568431034394
60.0,2,3.546216591178453,0.9947622732538016,1.5081377975804464,1.4156724701727106,1.8752319334713512
0.0,2,0.08189747625784183,-0.2,-0.1,0.0,0.1
5.0,2,0.20704891303204329,-0.4531370183873713,-0.27038524822391924,-0.1927839151889704,-0.14845936974623297
10.0,2,0.3755965420115519,-0.5811312145698879,-0.5838945435970071,-0.4904663008548934,-0.27403904407119484
15.0,2,0.23936099684026524,-0.9014691411004876,-0.7135524086974442,-0.5989303200405065,-0.5803447848010086
20.0,2,0.044793992514787204,-1.101956880491593,-0.9556741253612693,-0.8671972324621977,-0.7342339678708636
25.0,2,0.36763884291310356,-1.2674060564673368,-1.2616766153938361,-1.1194946418144847,-0.8752504440567307
30.0,2,0.8203502496724846,-1.6556845163385938,-1.3399580916392106,-1.1740534217828518,-1.2188972795181794
35.0,2,0.5031426254482878,-1.7535791791808242,-1.6909494458979235,-1.5680713345840915,-1.2407589011624724
40.0,2,0.09930614126437752,-2.031386110914653,-1.9056393416988162,-1.6753581256346497,-1.505740834123676
45.0,2,1.1415217522559837,-2.3893308568503953,-2.0019858899961305,-1.7847974249767262,-1.8067757920950158
50.0,2,2.479989245845483,-2.3907504960163903,-2.432041778862816,-2.287689277002958,-1.7371739635825614
55.0,2,1.483138005076456,-2.8322021737371275,-2.4904508554949576,-2.1600050224321308,-2.2297630153469545
60.0,2,0.2824075604394683,-3.00232224638721,-2.7199660970842188,-2.5144814630047905,-2.3404168120814663
0.0,2,0.008430407347100391,-0.2,-0.1,0.0,0.1
5.0,2,0.139957487203271,0.10306116569005166,0.1196340305844893,0.20524797693082159,0.37095802438992287
10.0,2,0.3540294977373706,0.27747372686862193,0.46574042130950094,0.5512353330735656,0.5033529139388744
15.0,2,0.22642711646989677,0.6458939979402607,0.6285765821216545,0.67855913406658,0.8436738786573396
20.0,2,0.040409929041960176,0.8722139839390729,0.9236381895099528,0.9669892034504104,1.0327634134816757
25.0,2,0.4867316657351515,1.0725946179305377,1.2370535431005205,1.2886836377365811,1.1961741892087507
30.0,2,1.0459936548247823,1.4852800557589438,1.3502478874886643,1.3522221065692053,1.6056571357548488
35.0,2,0.6109581151652484,1.5776300511394015,1.7553185413697334,1.783416100887141,1.6759436897706597
40.0,2,0.1283005343921631,1.8893481218081198,1.935638220889146,1.9835989369902194,1.9826243010746925
45.0,2,1.3522813937127067,2.237978994213443,2.096939312275661,2.0776199681722454,2.377572503696017
50.0,2,2.615649952998178,2.220484940399959,2.5702514687919615,2.6430515208885876,2.355224045872047
55.0,2,1.2654427129134376,2.7194504760416707,2.544344882328502,2.6279380438309174,2.896179771346667
60.0,2,0.281598555587229,2.83954392261968,2.9231138079595786,2.91195843303497,3.1121982075287113
0.0,2,0.017750070777107163,-0.2,-0.1,0.0,0.1
5.0,2,0.18382682634493575,-0.16662606658724666,0.013423300193677419,0.10256314556195617,0.11582200627244174
10.0,2,0.44592925144647927,0.02472270522792615,-0.0358571809852641,0.06898855981586345,0.2725106868231319
15.0,2,0.26610448701165446,-0.019094279970425704,0.16979698438311935,0.22998989399923347,0.21485455791054625
20.0,2,0.00793319241778958,0.11076839405523753,0.19023991315644226,0.24814916281432683,0.3115720717372868
25.0,2,0.5581663374660758,0.2745972881180044,0.16829242832194963,0.2509707138250149,0.432051496939132
30.0,2,1.2495132462217722,0.15863820442312748,0.4546377172638209,0.45813441052859866,0.31968398042936713
35.0,2,0.6878753268600561,0.4323982172874765,0.31364693559133466,0.35503375765695955,0.5551977875499653
40.0,2,0.13186674114414934,0.44574793411184854,0.42997057798623134,0.5043292400361403,0.541411331392352
45.0,2,1.7451116793878123,0.35052584771737816,0.6962526887624624,0.643664212614944,0.49619871987263253
50.0,2,3.2920428074629866,0.7409785673678821,0.3951201824551465,0.47425883770588956,0.8414662668793452
55.0,2,1.6426054540706279,0.4966001223277161,0.7581580216865971,0.8482582034780969,0.6139898923567032
60.0,2,0.6899537795452716,0.5985316882047106,0.8282321212751417,0.7281022258150626,0.8273225899950714
0.0,2,0.3274089891941784,-0.2,-0.1,0.0,0.1
5.0,2,0.3822517089013746,-0.7434039757524467,-0.5513160643893925,-0.4767692699850412,-0.41155973648577804
10.0,2,0.4491432489604345,-1.176922569467018,-1.1396000369726362,-1.0439008753290073,-0.8056746114566411
15.0,2,0.2784982351568399,-1.7836549357292442,-1.5814618341224995,-1.4155097046165785,-1.3685206653696136
20.0,2,0.05682418954357404,-2.298484255340438,-2.0935040751651126,-1.9664898887714246,-1.773717967173606
25.0,2,0.3006311053034274,-2.774556079233656,-2.6851404578435254,-2.481790011553461,-2.173758684432558
30.0,2,0.8180078828308257,-3.4450033738243047,-3.0906146358216415,-2.793288374353539,-2.7693878956763087
35.0,2,0.7342470624761483,-3.8733176740144426,-3.6801660933690887,-3.481805811508483,-3.046053747396378
40.0,2,0.4234055402708224,-4.436281858438431,-4.203478821407036,-3.848822588983599,-3.5758091040719293
45.0,2,1.5624253769431058,-5.061723907750805,-4.624731975507651,-4.211401788325042,-4.149583747930149
50.0,2,3.1904550743956404,-5.396011768678574,-5.241288724982713,-5.045172885837443,-4.348017086627595
55.0,2,2.047365206388314,-6.0644387838013225,-5.65693942280862,-5.161241586004939,-5.130919720123998
60.0,2,0.7599300754820885,-6.494382791833501,-6.176860916421833,-5.771804940526449,-5.5535399105696905
0.0,2,0.015846141271975145,-0.2,-0.1,0.0,0.1
5.0,2,0.11913871347951106,-0.1732090575337159,0.0051552452024458285,0.11386429184005067,0.15664546130393853
10.0,2,0.2897657624353412,-0.02865601811668836,-0.009044660566224376,0.1041570261972058,0.3384555341111491
15.0,2,0.18073932893717481,-0.06220490064994083,0.14500928252083284,0.2916007088768375,0.3329627316904407
20.0,2,0.024151338058886286,0.03125607696043189,0.18169202761868816,0.32974276980064154,0.4671328888711402
25.0,2,0.39170308905973433,0.1507885182603764,0.19358796398720993,0.34574474223867746,0.6221584795773571
30.0,2,0.8638682259927268,0.0740126430876281,0.39390768232979284,0.5900411874998764,0.5567741319590349
35.0,2,0.5166524179524519,0.2872633067546277,0.3309008332976006,0.49807266205387574,0.8009547835829607
40.0,2,0.11361704964940822,0.30659215042694354,0.45888034638528763,0.629458832156704,0.8247161975328821
45.0,2,1.1333038734596197,0.28586888627106727,0.6206825032360543,0.8408259695251967,0.774726108282256
50.0,2,2.2050705983816163,0.6001916668062117,0.49527123019170277,0.6271847315591932,1.10191177957022
55.0,2,1.051264600270301,0.4539728346116443,0.804576378295628,0.9604585675978872,0.9080075684349069
60.0,2,0.18528205483422142,0.6389660623211965,0.7811183656322809,0.9866505632917066,1.0227362985076491
0.0,2,0.0008537906899192968,-0.2,-0.1,0.0,0.1
5.0,2,0.015486751300492485,-0.24087314390340728,-0.16780402812698503,-0.0582482619920591,0.013685715921876042
10.0,2,0.04126257317117273,-0.2969211846170212,-0.19630892918520806,-0.15782949772628646,-0.05541982467263819
15.0,2,0.04039827295266681,-0.3344958881051667,-0.2746070911086929,-0.2045582069594726,-0.14605796812840674
20.0,2,0.08702806381442847,-0.3792207888190465,-0.3414192126715257,-0.2650056119528653,-0.2273132589588868
25.0,2,0.1947744082604319,-0.4516936411687516,-0.35234694579073716,-0.3817302897886398,-0.2804277137547762
30.0,2,0.16069263689037405,-0.4870995427897324,-0.469981018903587,-0.38825975215199904,-0.3740979947581711
35.0,2,0.11653858229293246,-0.55445355727864,-0.5240616063066995,-0.46336263921363724,-0.4308002239050925
40.0,2,0.42142099409959527,-0.6554789224370888,-0.5175330620968333,-0.5956056849327813,-0.4573000753379598
45.0,2,0.474878199756442,-0.682107980725373,-0.709154693387822,-0.5287457612109377,-0.5591490275811404
50.0,2,0.025700763538873867,-0.7923070505402281,-0.7107695536942424,-0.6578555178569259,-0.5714650589144714
55.0,2,0.812955248739849,-0.9159136653874003,-0.6983918452032583,-0.792739364716303,-0.5785920237995131
60.0,2,2.0528874882298083,-0.9084663146871302,-1.0064586839244611,-0.612535615994223,-0.7114160026012885
0.0,2,0.034269489969374886,-0.2,-0.1,0.0,0.1
5.0,2,0.17338336565429138,-0.2386616859483716,-0.10462108796200771,0.016084815435759358,0.028988605643523728
10.0,2,0.38844655780991677,-0.1987929769644335,-0.15617674782537946,-0.13793876766199448,0.09648978678961102
15.0,2,0.2381877963661126,-0.28615671529797704,-0.144571901010178,-0.028651786820231468,-0.03524765536490987
20.0,2,0.09960602499380752,-0.2795149567399016,-0.20599770020651248,-0.08459310358022053,-0.022731650797766546
25.0,2,0.6505974819206364,-0.2899266302606019,-0.2114339132037071,-0.23845086270792076,0.04876464201673874
30.0,2,0.9483268184927228,-0.41235835031807927,-0.22356085878865561,-0.013300788212629944,-0.14003611966722002
35.0,2,0.3466748476325492,-0.3376277409829435,-0.344528470262974,-0.215015361175867,0.009706102604128814
40.0,2,0.9169300656054391,-0.4736646659839058,-0.22670435633555486,-0.28532846628573544,2.26659564778475e-05
45.0,2,2.488867843669352,-0.5263250150495259,-0.386018555773707,0.023174626386570894,-0.1947152310431546
50.0,2,1.9181134545053178,-0.4259860319951175,-0.46370985907635176,-0.38628005025420403,0.09388241301475671
55.0,2,2.6098833027647155,-0.7251291845774289,-0.19080432266257583,-0.26929249200192507,-0.09507688190009296
60.0,2,7.119628641998733,-0.5351149864036345,-0.6831276708352053,0.04125416391593102,-0.20152374065019346
0.0,2,0.01689396013472662,-0.2,-0.1,0.0,0.1
5.0,2,0.18596044759334726,-0.39983682816459254,-0.20039952715938264,-0.12820211864588832,-0.06598481587883444
10.0,2,0.44226503477665724,-0.44467434480618173,-0.4934958956363577,-0.3095669044656929,-0.14110943478915014
15.0,2,0.2525637548873921,-0.7140313731609736,-0.49617941698547197,-0.41152828951535875,-0.36153078988427095
20.0,2,0.10100958077217648,-0.8257060010732364,-0.6772749418686982,-0.6049699723254484,-0.46974224412736665
25.0,2,0.7803691291662888,-0.8709298573265062,-0.973090645921372,-0.7311849111579499,-0.5969110348375897
30.0,2,1.1383519845002268,-1.2082561608972047,-0.8500831196785013,-0.8544738788255536,-0.853726579690806
35.0,2,0.45648228142001795,-1.1710922801125487,-1.1915353793673604,-1.1201333337194084,-0.8782020357414053
40.0,2,1.1326382267042858,-1.3093137093382778,-1.397839536386166,-1.1015975863227794,-1.1466354867421618
45.0,2,2.886820667400053,-1.6528729114182545,-1.1847749535603844,-1.3872530420966571,-1.3249087015627623
50.0,2,2.318253199042827,-1.4626765225539975,-1.7493714883664087,-1.6160676806703786,-1.3161172068959797
